N,T,p,umbral,chunk,TIME_mean,RSS_mean,TIME_dec_mean,desv_mean,desbalanceos_mean,TIME_std,RSS_std,TIME_dec_std,desv_std,desbalanceos_std,S_pred
100,2,10,10,1,5.03e-05,1140.4,4.21e-05,1.682529185e-07,135.0438551099026,5.598610938835136e-06,53.314996847874696,5.743595467030115e-06,1.6472283959444077e-08,9.791189240844005,0
100,2,10,10,4,4.51e-05,1122.8,3.93e-05,2.475455402e-07,52.193406494104,4.771442828607158e-06,60.84004529182331,4.423422506008969e-06,4.239376532442925e-08,5.36721461449356,0
100,2,10,10,10,4.08e-05,1076.0,3.6400000000000004e-05,0.0,0.0,3.224903099319419e-06,68.40402847136352,3.4705106892854325e-06,0.0,0.0,10
100,2,10,10,50,4.1400000000000003e-05,1116.4,3.72e-05,0.0,0.0,6.883151732874831e-06,63.53861468080301,7.02060459568041e-06,0.0,0.0,10
100,2,10,25,1,4.38e-05,1110.4,3.68e-05,1.39142673e-07,122.09262847457832,1.8135294011647254e-06,58.64241923158809,1.686548085423137e-06,1.3351387399519207e-08,10.58536177564182,0
100,2,10,25,4,4.1700000000000004e-05,1109.6,3.67e-05,2.169981599e-07,49.24421915831347,2.62678510731274e-06,59.90214242134138,2.9078437983419186e-06,1.6110056148381053e-08,3.3836580494023467,0
100,2,10,25,10,4.17e-05,1102.4,3.71e-05,0.0,0.0,2.584139659108573e-06,60.375123648366596,2.6853512081497124e-06,0.0,0.0,10
100,2,10,25,50,3.94e-05,1134.8,3.52e-05,0.0,0.0,1.8973665961010286e-06,49.96176315721632,1.7511900715418255e-06,0.0,0.0,10
100,2,10,50,1,4.49e-05,1110.0,3.8e-05,1.333702947e-07,116.44537611274191,3.3149493041204866e-06,39.38414796731181,3.651483716701108e-06,4.096241131035162e-09,5.089299663914748,0
100,2,10,50,4,4.12e-05,1115.6,3.63e-05,2.113636582e-07,48.776183495334614,2.6161889160464776e-06,55.823531477923055,2.6687491868330792e-06,2.1794463005847838e-08,3.791238456789396,5
100,2,10,50,10,4.0600000000000004e-05,1110.0,3.61e-05,0.0,0.0,2.9135697844549545e-06,50.74555262396017,2.8460498941515425e-06,0.0,0.0,10
100,2,10,50,50,4e-05,1109.2,3.55e-05,0.0,0.0,2.624669291337271e-06,40.532017522502436,2.838231060987734e-06,0.0,0.0,10
100,2,10,100,1,4.35e-05,1148.8,3.64e-05,1.393652214e-07,118.89621835945896,1.9002923751652305e-06,32.920105305623395,1.955050439815358e-06,6.504644740330474e-09,6.73814225838597,0
100,2,10,100,4,4.37e-05,1124.0,3.89e-05,2.203974873e-07,47.948392093516574,3.2335051500740733e-06,79.82202425117741,3.071373199943852e-06,2.658128884057999e-08,6.895664422639267,10
100,2,10,100,10,4.1e-05,1109.2,3.62e-05,0.0,0.0,3.0550504633038936e-06,49.96176315721632,3.04776785350999e-06,0.0,0.0,10
100,2,10,100,50,3.9999999999999996e-05,1116.4,3.56e-05,0.0,0.0,2.054804667656325e-06,56.425368605107245,2.0110804171997813e-06,0.0,0.0,10
100,2,10,1000,1,4.26e-05,1096.0,3.7000000000000005e-05,1.976113769e-07,130.32112024018335,2.796823595120405e-06,53.79797600488537,2.5819888974716117e-06,2.0219707252169936e-07,30.72380530314067,10
100,2,10,1000,4,5.11e-05,1291.6,4.63e-05,2.270564437e-07,49.73500379137016,3.588701405491655e-05,605.2582919712872,3.584550180985056e-05,2.7314561738178774e-08,4.991441225146043,10
100,2,10,1000,10,3.9999999999999996e-05,1129.6,3.54e-05,0.0,0.0,2.8674417556808754e-06,55.65608681896347,2.8362729848243533e-06,0.0,0.0,10
100,2,10,1000,50,4.17e-05,1102.4,3.71e-05,0.0,0.0,2.584139659108574e-06,59.90214242134138,2.4698178070456927e-06,0.0,0.0,10
100,4,10,10,1,7.92e-05,1121.2,7.13e-05,1.382024528e-07,123.19962171565808,2.4855135843076325e-06,67.48958767428087,2.4966644414765355e-06,7.846458078107497e-09,6.993112493717163,0
100,4,10,10,4,7.42e-05,1103.2,6.92e-05,2.186745405e-07,49.916419317994325,3.0477678535099897e-06,52.62192192106505,3.326659986633238e-06,3.161486182066182e-08,5.53099831800555,0
100,4,10,10,10,7.85e-05,1122.4,7.4e-05,0.0,0.0,4.116363011742824e-06,42.04547802347147,4.055175020198813e-06,0.0,0.0,10
100,4,10,10,50,7.85e-05,1116.0,7.42e-05,0.0,0.0,5.967504596656051e-06,56.881944020537446,5.846176338238335e-06,0.0,0.0,10
100,4,10,25,1,8.09e-05,1108.8,7.329999999999999e-05,1.331607053e-07,118.20586100905203,2.233582075700129e-06,41.087440633091006,2.213594362117864e-06,7.991802459336373e-09,5.382659630924582,0
100,4,10,25,4,7.55e-05,1091.2,7.06e-05,2.158340066e-07,49.87015972627572,3.439961240091717e-06,62.219682487850164,3.3065591380365978e-06,1.853730981283276e-08,2.995525062734423,0
100,4,10,25,10,7.77e-05,1110.0,7.35e-05,0.0,0.0,2.90784379834192e-06,59.516570988441714,2.990726407487727e-06,0.0,0.0,10
100,4,10,25,50,7.91e-05,1089.6,7.48e-05,0.0,0.0,2.2827858224351907e-06,54.948865118196736,2.4404006956964166e-06,0.0,0.0,10
100,4,10,50,1,8.18e-05,1083.6,7.44e-05,1.364538754e-07,114.74382403360114,2.043961295567453e-06,67.15686446257332,2.1186998109427605e-06,1.1289817437324186e-08,6.74090921636257,0
100,4,10,50,4,9.89e-05,1285.2,9.38e-05,2.142507583e-07,48.20207134829755,6.646210281890809e-05,612.5590765160714,6.650446935691198e-05,2.3447483345480476e-08,4.87595815677446,7
100,4,10,50,10,9.25e-05,1297.2,8.779999999999999e-05,0.0,0.0,5.05596457441879e-05,606.7298135633905,5.076481721297405e-05,0.0,0.0,10
100,4,10,50,50,7.64e-05,1096.4,7.19e-05,0.0,0.0,2.875181153713044e-06,44.159307563009236,3.071373199943851e-06,0.0,0.0,10
100,4,10,100,1,8.01e-05,1104.4,7.24e-05,1.32784886e-07,114.05907375340637,3.665151201974258e-06,61.05589424635612,3.7771241264574116e-06,7.582830210287726e-09,6.7185880394406245,0
100,4,10,100,4,7.65e-05,1123.2,7.19e-05,2.120155841e-07,49.223512024333814,2.953340857778227e-06,60.36334428552922,2.8460498941515417e-06,1.812300687936085e-08,3.032103989879412,10
100,4,10,100,10,7.549999999999999e-05,1122.4,7.1e-05,0.0,0.0,1.080123449734646e-06,52.83769698068058,9.428090415820656e-07,0.0,0.0,10
100,4,10,100,50,7.64e-05,1122.0,7.219999999999999e-05,0.0,0.0,3.596294389136316e-06,29.287843515318396,3.521363372331803e-06,0.0,0.0,10
100,4,10,1000,1,7.84e-05,1134.4,7.34e-05,1.398455668e-07,120.63479453764745,2.4585451886114374e-06,50.63858871124536,2.458545188611436e-06,7.88020092376292e-09,6.738174812775173,10
100,4,10,1000,4,7.68e-05,1103.6,7.23e-05,2.1532177919999998e-07,49.242644173539624,2.8205594401741584e-06,67.867845438355,2.7507574714370347e-06,2.4528953686263727e-08,5.331575250163239,10
100,4,10,1000,10,7.62e-05,1097.2,7.21e-05,0.0,0.0,1.2292725943057206e-06,53.898670360841614,1.3703203194062962e-06,0.0,0.0,10
100,4,10,1000,50,7.84e-05,1102.0,7.38e-05,0.0,0.0,2.8751811537130448e-06,67.78397057318689,2.4855135843076313e-06,0.0,0.0,10
100,6,10,10,1,0.000112,1110.8,0.0001039,1.324962411e-07,111.58230459111016,3.265986323710903e-06,72.19849182789224,3.142893217686178e-06,8.969427437000702e-09,6.846479054183688,0
100,6,10,10,4,0.0001091,1109.6,0.0001038,3.154855221e-07,53.129458575900784,3.212821536005733e-06,59.42539674060055,3.1552425509864637e-06,2.920597047813563e-07,11.48542434517511,0
100,6,10,10,10,0.0001081,1134.8,0.000103,0.0,0.0,3.984692933938294e-06,58.84971443336738,4.02768199119819e-06,0.0,0.0,10
100,6,10,10,50,0.0001078,1122.4,0.000103,0.0,0.0,3.084008934992103e-06,51.19722214686609,3.162277660168381e-06,0.0,0.0,10
100,6,10,25,1,0.0042702,1153.2,0.0032553,1.376900725e-07,120.20674057525801,0.013144112875690351,33.362653771345386,0.009960718270062435,9.079231916144027e-09,9.787372431658783,0
100,6,10,25,4,0.0001101,1116.8,0.0001043,2.215616404e-07,50.297117303825296,3.381321240777534e-06,76.56631112963456,3.301514803843835e-06,1.8801288706185112e-08,2.8992531369349854,0
100,6,10,25,10,0.0001091,1122.8,0.000104,0.0,0.0,3.314949304120485e-06,51.74467229687624,3.366501646120692e-06,0.0,0.0,10
100,6,10,25,50,0.0001066,1127.6,0.0001012,0.0,0.0,4.247875285886398e-06,70.33759860684596,4.0770359603788415e-06,0.0,0.0,10
100,6,10,50,1,0.000112,1084.4,0.00010400000000000001,1.359155227e-07,115.01679999632121,2.7487370837451065e-06,61.4911014339112,2.3094010767585023e-06,1.4332522552524485e-08,8.178423508833303,0
100,6,10,50,4,0.0001088,1117.2,0.0001035,2.317130564e-07,51.78474876264062,3.852848873813306e-06,56.00158727909217,3.4721111093332792e-06,3.2040294043902554e-08,4.5533597365818865,3
100,6,10,50,10,0.0001086,1109.6,0.0001039,0.0,0.0,4.060651288757615e-06,39.964428627913044,4.067486256208427e-06,0.0,0.0,10
100,6,10,50,50,0.00011119999999999999,1095.6,0.0001059,0.0,0.0,4.2895221179054425e-06,68.90766769138733,4.383048152953731e-06,0.0,0.0,10
100,6,10,100,1,0.0031422,1109.2,0.0021267,1.383387316e-07,116.98025642695488,0.00957636151967727,66.56124998826269,0.006390718392064124,7.353916892172065e-09,5.752121720806233,0
100,6,10,100,4,0.0001075,1096.8,0.0001024,2.218876034e-07,49.93223446063113,1.2692955176439848e-06,76.79814812582107,1.4298407059684772e-06,1.877236928112111e-08,2.945295763727321,10
100,6,10,100,10,0.0031584,1110.0,0.0021455000000000003,0.0,0.0,0.009643753144451133,40.099875311526844,0.006457899335955411,0.0,0.0,10
100,6,10,100,50,0.0001081,1104.0,0.0001031,0.0,0.0,3.9001424475410004e-06,43.49201714746691,4.22821212544709e-06,0.0,0.0,10
100,6,10,1000,1,0.00011,1122.0,0.0001047,1.35806272e-07,114.90036767564555,4.7842333648024385e-06,42.71871824960212,4.69160005873381e-06,7.562608718120724e-09,5.2870253349864536,10
100,6,10,1000,4,0.0001088,1122.4,0.0001042,2.11969018e-07,49.57316728083117,4.211096452627668e-06,42.71663740407373,4.263540521418527e-06,2.1936990679990245e-08,3.975947013141331,10
100,6,10,1000,10,0.0001077,1148.4,0.0001028,0.0,0.0,2.3118054512532946e-06,44.27991769539676,2.529822128134703e-06,0.0,0.0,10
100,6,10,1000,50,0.0001074,1116.4,0.0001028,0.0,0.0,2.5473297566057074e-06,70.74084157448699,2.440400695696417e-06,0.0,0.0,10
100,8,10,10,1,0.0001438,1102.8,0.0001352,1.376002011e-07,117.94817153673783,4.541169697580371e-06,68.4572859526289,4.237399621885523e-06,1.1913449123290277e-08,7.069842203797996,0
100,8,10,10,4,0.0001377,1116.8,0.0001316,2.203043549e-07,51.3584695603997,3.3349995835415388e-06,55.451279917098795,3.0983866769659367e-06,1.436179072628656e-08,3.3664519995176208,0
100,8,10,10,10,0.0031655999999999998,1122.4,0.0021526,0.0,0.0,0.009556896918514456,42.04547802347147,0.006370727626330362,0.0,0.0,10
100,8,10,10,50,0.0001395,1109.6,0.0001342,0.0,0.0,4.904646323187385e-06,49.50241296026779,5.072803301265813e-06,0.0,0.0,10
100,8,10,25,1,0.0001475,1122.8,0.0001388,1.327819125e-07,116.75836191969306,1.1472188592902011e-05,41.35698248180106,1.099292701897199e-05,7.451838889826566e-09,7.905352775379461,0
100,8,10,25,4,0.0031680000000000002,1090.0,0.0021544,2.13738531e-07,48.29308474800888,0.009580999657887711,62.00358412579425,0.006392932542181943,2.277671377367415e-08,5.046066666184063,0
100,8,10,25,10,0.0001393,1141.6,0.00013450000000000002,0.0,0.0,9.684466370889462e-06,42.71663740407373,9.571369343574156e-06,0.0,0.0,10
100,8,10,25,50,0.0001601,1306.0,0.0001548,0.0,0.0,6.695512593438152e-05,601.8704179472521,6.669299480121997e-05,0.0,0.0,10
100,8,10,50,1,0.0001587,1307.2,0.0001502,1.34146665e-07,117.34055614572755,5.609327549319575e-05,561.6002532446406,5.58804278994195e-05,1.2134148589303459e-08,9.29687193832723,0
100,8,10,50,4,0.0001397,1136.0,0.0001342,2.176035195e-07,50.06506285294552,3.267686915507327e-06,41.48359782961079,3.359894178227768e-06,1.6638370303125906e-08,4.071793872987404,6
100,8,10,50,10,0.000156,1288.0,0.0001506,0.0,0.0,6.0127642007094645e-05,570.3051814598917,6.026460173453587e-05,0.0,0.0,10
100,8,10,50,50,0.0001387,1116.4,0.0001334,0.0,0.0,3.433495141818156e-06,57.42473334722592,3.6878177829171508e-06,0.0,0.0,10
100,8,10,100,1,0.0001428,1128.4,0.0001337,1.307068112e-07,113.46046002845549,4.1041983924323685e-06,47.57029885688478,4.0838435055444714e-06,1.043305772166025e-08,8.015698815573513,0
100,8,10,100,4,0.000138,1116.8,0.00013240000000000002,2.246815711e-07,51.744873026917766,2.3094010767585006e-06,63.57637576612523,2.2705848487901877e-06,2.8639115512009638e-08,5.37607031518937,10
100,8,10,100,10,0.0001445,1123.2,0.000139,0.0,0.0,8.303279138054105e-06,43.36101679824607,8.2192186706253e-06,0.0,0.0,10
100,8,10,100,50,0.0001386,1122.4,0.0001327,0.0,0.0,2.875181153713044e-06,59.42539674060055,2.9078437983419203e-06,0.0,0.0,10
100,8,10,1000,1,0.0001383,1128.4,0.0001325,1.319802786e-07,114.6146020608181,3.2676869155073238e-06,56.83347996071017,3.3082388735465334e-06,7.469188589526325e-09,8.213869859533672,10
100,8,10,1000,4,0.0001381,1103.2,0.0001326,2.113636584e-07,47.506329332786514,2.806737924669453e-06,61.124281409091246,2.5033311140691474e-06,1.759469941643984e-08,4.3723275280771965,10
100,8,10,1000,10,0.0001381,1128.8,0.0001331,0.0,0.0,2.233582075700125e-06,46.29566814388673,2.131770260709264e-06,0.0,0.0,10
100,8,10,1000,50,0.0001372,1123.2,0.0001319,0.0,0.0,3.7058512292499433e-06,42.69998698932927,3.5418137224372e-06,0.0,0.0,10
100,16,10,10,1,0.068923,1091.2,0.0535889,1.689923511e-07,127.92483658341092,0.030017895010957862,54.41568401358809,0.02166987445202825,4.129860262265889e-08,16.881415992399326,0
100,16,10,10,4,0.0728237,1140.8,0.0554534,3.162305802e-07,56.731285215106745,0.019893387025452566,60.18637719617289,0.013173686029354122,5.8261425226380746e-08,4.689269829304051,0
100,16,10,10,10,0.0678596,1268.8,0.0536435,0.0,0.0,0.024146381404536236,574.8160671998575,0.018432880785584103,0.0,0.0,10
100,16,10,10,50,0.0661505,1135.6,0.053023299999999995,0.0,0.0,0.017359409803395457,50.295128988799696,0.013555394137882279,0.0,0.0,10
100,16,10,25,1,0.0728023,1495.2,0.055948,2.259677155e-07,146.70174281315448,0.023102671995776685,787.1158039887707,0.016917796704456915,7.618934971853734e-08,19.439174887075236,0
100,16,10,25,4,0.0620102,1128.4,0.0485594,2.090819178e-07,48.013346903904456,0.01753794252977748,56.33076917241194,0.015961015598430238,1.8588902008050867e-08,3.6137688646701087,0
100,16,10,25,10,0.0598906,1096.8,0.050711400000000004,0.0,0.0,0.010467905310997037,62.04801008538111,0.009878773014229382,0.0,0.0,10
100,16,10,25,50,0.0745195,1356.0,0.0564437,0.0,0.0,0.021716192787103974,494.9020105030894,0.01443479122775556,0.0,0.0,10
100,16,10,50,1,0.0542661,1096.0,0.0434545,2.39070118e-07,138.50141993266203,0.014712095306999007,69.0764471839393,0.0147223711348863,2.3262292398227691e-07,34.10799785942205,0
100,16,10,50,4,0.0465684,1115.6,0.0371865,2.309679985e-07,51.57353444049438,0.014400891872072061,64.34490396812063,0.014143175175877428,2.8564776653363247e-08,5.119907918047786,1
100,16,10,50,10,0.0465527,1109.2,0.0364615,0.0,0.0,0.012210168822656704,50.527880092743516,0.012254381984960863,0.0,0.0,10
100,16,10,50,50,0.051897200000000004,1450.8,0.0387909,0.0,0.0,0.02083442057856288,797.5162554943804,0.015005679905733474,0.0,0.0,10
100,16,10,100,1,0.0784318,1155.6,0.0574777,1.793519687e-07,133.02130658394668,0.03639577005581219,34.17341396791111,0.025862803461728583,4.0662560748037993e-08,14.323019511370397,0
100,16,10,100,4,0.0610894,1103.6,0.0471732,2.410262822e-07,52.484979103873485,0.017684069586934893,61.259375699651976,0.01158886963905933,3.733507927749635e-08,6.2507525577658,10
100,16,10,100,10,0.0448866,1220.0,0.034641,0.0,0.0,0.008999099056140132,381.03951384483884,0.008929999091700837,0.0,0.0,10
100,16,10,100,50,0.0467943,1127.6,0.0356968,0.0,0.0,0.010953178078124683,36.92394585872125,0.01162725315607928,0.0,0.0,10
100,16,10,1000,1,0.056873,1078.0,0.0458657,1.558015705e-07,126.15365149462507,0.01621597408593007,43.174066289845804,0.013465010146053858,5.4284948520413366e-08,19.972652646681308,10
100,16,10,1000,4,0.0761401,1135.2,0.0592865,3.20468098e-07,58.16274899224232,0.016803805332589267,41.087440633091006,0.010980184882576228,9.242038632339333e-08,7.039425504648104,10
100,16,10,1000,10,0.0667099,1102.8,0.0504672,0.0,0.0,0.020785515124453587,60.98597288630303,0.015979709577391504,0.0,0.0,10
100,16,10,1000,50,0.0440905,1286.4,0.0340014,0.0,0.0,0.002508964472092464,611.3655389553963,0.00251640101026137,0.0,0.0,10
1000,2,10,10,1,9.96e-05,1128.4,5.36e-05,4.5843279e-08,84.01934870852783,3.9214509786274e-06,35.99753077951628,2.756809750418045e-06,2.320862992680428e-09,4.211872780209401,0
1000,2,10,10,4,6.35e-05,1116.8,3.96e-05,1.07720581e-07,65.05069044047175,2.718251071716683e-06,47.13290900327617,2.9135697844549545e-06,1.503711969019624e-08,8.55293527608368,0
1000,2,10,10,10,6.02e-05,1129.2,3.97e-05,1.857175189e-07,50.871849782527114,3.552776691859793e-06,56.72702667649306,4.110960958218894e-06,1.3270688944183967e-08,3.506743947955229,0
1000,2,10,10,50,5.58e-05,1116.4,3.82e-05,2.589076758e-07,15.914718619099176,2.820559440174158e-06,57.42473334722592,2.6583202716502515e-06,5.7769532249581266e-08,3.2024834950510934,1
1000,2,10,25,1,9.72e-05,1110.4,5.16e-05,4.57757543e-08,84.45969992508569,2.9739610697593946e-06,40.93137888927977,2.988868236194652e-06,2.5737234269706535e-09,4.768241002159423,0
1000,2,10,25,4,6.51e-05,1116.8,4.1700000000000004e-05,1.740357761e-07,79.82340808836597,4.067486256208426e-06,62.67517672713638,4.217687623436436e-06,2.2926534784313678e-07,59.13993945395769,0
1000,2,10,25,10,5.92e-05,1102.8,3.92e-05,1.869054259e-07,51.016537258811056,2.0439612955674512e-06,42.91800968772382,2.043961295567452e-06,1.655616866347607e-08,4.128612716392,0
1000,2,10,25,50,5.79e-05,1077.6,4.07e-05,2.685468643e-07,16.46469434499064,3.665151201974256e-06,66.6453299189073,3.7133393177689656e-06,5.60786514117191e-08,3.232854800069905,10
1000,2,10,50,1,0.0001004,1122.8,5.46e-05,4.54199641e-08,83.13799969709538,3.77712412645741e-06,43.371265449219564,2.6749870196985183e-06,2.197444858722233e-09,4.485481031295801,0
1000,2,10,50,4,6.39e-05,1084.4,4.06e-05,1.026524796e-07,63.042668371023574,2.2335820757001256e-06,33.277286214139785,2.170509412813294e-06,1.0519546082042614e-08,5.6470762345676615,0
1000,2,10,50,10,5.89e-05,1110.8,3.94e-05,1.788527242e-07,49.234828622184466,2.7668674625929494e-06,72.59139832728883,2.2211108331943577e-06,1.4760851891169365e-08,4.5773751634323485,4
1000,2,10,50,50,5.73e-05,1109.2,3.98e-05,2.875458448e-07,17.440453504235975,3.5292429153510464e-06,65.26663261830913,2.820559440174157e-06,3.042102626820677e-08,1.9068227668651958,10
1000,2,10,100,1,8.54e-05,1109.6,5.34e-05,4.50139227e-08,82.22564214161505,2.3190036174568104e-06,73.54394000263456,2.1705094128132957e-06,3.5515400810965882e-09,6.253364257642115,10
1000,2,10,100,4,5.85e-05,1090.0,3.97e-05,1.061908087e-07,64.31705905305635,2.068278940998476e-06,68.95409100747153,2.1628170930011117e-06,9.399446161893393e-09,5.35167463982913,10
1000,2,10,100,10,5.74e-05,1083.6,3.94e-05,1.68897137e-07,47.01671141358662,3.3065591380365986e-06,68.41572268938705,3.204163957519446e-06,1.2965659216198027e-08,3.2522035090447363,10
1000,2,10,100,50,5.5599999999999996e-05,1116.0,3.81e-05,2.922024577e-07,17.79191727126638,2.2705848487901873e-06,36.854066562894005,2.1832697191750426e-06,3.310764783158151e-08,1.8278450710516374,10
1000,2,10,1000,1,8.56e-05,1109.6,5.36e-05,5.17301256e-08,90.47036547090015,3.565264521898918e-06,65.7861856488292,3.238655413730965e-06,2.0724285479778297e-08,26.3443679547197,10
1000,2,10,1000,4,5.92e-05,1102.8,4.07e-05,1.056182759e-07,63.66589613192214,3.5213633723318023e-06,31.442363496121313,3.5292429153510464e-06,7.558455877779613e-09,4.616715448966028,10
1000,2,10,1000,10,5.99e-05,1110.0,4.18e-05,1.698955429e-07,47.00817067162347,2.8848262031225074e-06,65.86855597830171,3.0110906108363242e-06,1.1490312176070468e-08,2.847165683620821,10
1000,2,10,1000,50,5.66e-05,1109.6,3.95e-05,2.7497299e-07,16.650230525829674,2.5033311140691457e-06,59.90214242134138,2.6352313834736496e-06,6.285306241562099e-08,3.40694916029275,10
1000,4,10,10,1,0.0001528,1313.6,0.0001072,4.49915319e-08,82.55818997757827,5.844997861419626e-05,558.012982724317,5.899491503511129e-05,3.5337568292690827e-09,5.423818402534915,0
1000,4,10,10,4,0.0001103,1304.4,9.449999999999999e-05,1.054814753e-07,63.20044317783975,5.652344646250792e-05,605.5666217133614,5.679642007497772e-05,8.092602754555656e-09,4.425526811721277,0
1000,4,10,10,10,8.91e-05,1096.8,7.61e-05,1.865492569e-07,50.66209575449592,2.9230881691191697e-06,34.29544835364859,3.0713731999438503e-06,9.523949789242646e-09,2.163413871362567,0
1000,4,10,10,50,8.52e-05,1104.0,7.36e-05,2.456363292e-07,15.155054245546546,2.5733678754158363e-06,31.326240331921948,2.2211108331943577e-06,4.240572703875041e-08,2.132308739716087,0
1000,4,10,25,1,0.0001342,1129.2,8.65e-05,4.50166879e-08,82.68337792993199,2.5733678754158354e-06,36.614508356964485,2.990726407487725e-06,3.0483262043830055e-09,5.266814262263791,0
1000,4,10,25,4,9.05e-05,1116.8,7.46e-05,1.040203464e-07,63.140356292647226,1.4337208778404385e-06,63.57637576612523,1.505545305418163e-06,8.38579354736997e-09,4.401816849782319,0
1000,4,10,25,10,8.74e-05,1116.8,7.500000000000001e-05,1.789412686e-07,49.5367284270498,1.646545204697127e-06,55.96189179551861,1.6329931618554539e-06,1.2076516392046962e-08,3.0344118074876887,0
1000,4,10,25,50,8.669999999999999e-05,1102.0,7.54e-05,2.607237548e-07,16.059767479375104,1.8885620632287056e-06,66.51315659326356,2.170509412813294e-06,3.261583468939349e-08,1.8035939049193688,10
1000,4,10,50,1,0.0001372,1108.8,8.97e-05,4.41343155e-08,81.02161721094143,8.390470785361215e-06,50.97450343063677,8.79456903119445e-06,2.353749865599252e-09,3.2016248128149702,0
1000,4,10,50,4,9.21e-05,1121.2,7.61e-05,1.0461971200000001e-07,63.62657051434584,3.6651512019742543e-06,52.83264983785017,3.6347092196090614e-06,4.577449948623336e-09,2.3952694250572266,0
1000,4,10,50,10,8.66e-05,1109.6,7.42e-05,1.745970643e-07,48.047134967060046,6.003702561290361e-06,59.42539674060055,5.0508525133002175e-06,7.957852528804054e-09,2.2007632590355763,7
1000,4,10,50,50,8.64e-05,1122.0,7.51e-05,2.598389982e-07,15.843758305274283,4.477102237434883e-06,51.198958322736736,4.201851443775181e-06,3.8595927230527134e-08,2.27366163307228,10
1000,4,10,100,1,0.0001059,1122.4,8.72e-05,4.61339608e-08,83.98870235554743,2.4244128727957575e-06,41.36342990291464,2.347575581554533e-06,2.2151994610555615e-09,4.032435152531491,10
1000,4,10,100,4,8.69e-05,1122.8,7.5e-05,1.031695851e-07,62.43635392924705,1.9119507199599985e-06,60.370706656641204,1.9436506316151e-06,5.681433036886546e-09,3.557976659093037,10
1000,4,10,100,10,8.64e-05,1116.4,7.49e-05,1.732160183e-07,47.79011921014948,2.412928142780514e-06,36.92394585872125,2.183269719175041e-06,1.486526903335258e-08,4.00314367614928,10
1000,4,10,100,50,8.49e-05,1122.0,7.36e-05,2.4549663050000003e-07,15.259368579121558,3.695342413844157e-06,52.839379254491625,3.306559138036599e-06,2.3868440703408062e-08,1.5520559654826545,10
1000,4,10,1000,1,0.0001059,1134.8,8.73e-05,4.52929272e-08,82.43515711153066,1.5238839267549925e-06,39.82405749739164,1.251665557034569e-06,2.2616549438200636e-09,4.041840753769245,10
1000,4,10,1000,4,8.9e-05,1084.4,7.72e-05,1.076316373e-07,65.1364263555511,2.7888667551135883e-06,54.10935429500358,3.011090610836323e-06,1.0210935651937159e-08,5.2644115304546295,10
1000,4,10,1000,10,8.48e-05,1110.0,7.36e-05,1.705273431e-07,47.598939667145295,3.645392830531283e-06,51.30302135352264,3.5652645218989187e-06,1.209858909353626e-08,2.550541887790177,10
1000,4,10,1000,50,8.52e-05,1129.2,7.4e-05,2.702232452e-07,16.63731418485066,3.6757463338907242e-06,55.7151485484673,3.829708431025353e-06,4.7704998169830273e-08,2.6392691118224443,10
1000,6,10,10,1,0.0078702,1661.2,0.0061535,4.4733966699999996e-08,82.34840383987653,0.016463066048987757,884.2403896377199,0.012727953630144602,2.7366121184757725e-09,5.203321277605683,0
1000,6,10,10,4,0.0245113,1287.2,0.0176574,1.020185893e-07,61.90678119922937,0.019753669937789056,568.7656811025082,0.013808696528717771,8.869502790916498e-09,4.983607702488449,0
1000,6,10,10,10,0.0001181,1091.2,0.0001077,1.829993796e-07,49.94761664732054,2.9981475762358486e-06,61.7608290099801,3.0203016773531456e-06,1.6512434400322414e-08,3.488991235036916,0
1000,6,10,10,50,0.0001158,1115.6,0.0001058,2.446118743e-07,15.192267603256562,3.0840089349921018e-06,36.779221186848304,3.0840089349921e-06,5.07108015908815e-08,3.0339602131593333,0
1000,6,10,25,1,0.0001834,1274.4,0.0001363,4.5054304300000004e-08,81.52746779814227,6.38769650708819e-05,574.5079440510616,6.319994725736195e-05,2.3482631585767604e-09,3.6801789548477335,0
1000,6,10,25,4,0.0001238,1090.4,0.0001088,1.019968191e-07,61.83878365562528,1.6865480854231352e-06,53.90361768935365,2.097617696340303e-06,5.174885117689803e-09,3.0974148296025166,0
1000,6,10,25,10,0.00013780000000000002,1307.6,0.0001273,2.295928089e-07,56.494111818480306,6.416437225335153e-05,563.07236558802,6.430491600353913e-05,1.855531802196625e-07,27.595590595137473,0
1000,6,10,25,50,0.0001327,1307.6,0.0001238,2.844259143e-07,17.441572149287474,5.9219084761586784e-05,563.5110567780469,5.954979242430471e-05,4.623370172213872e-08,2.6538760178300973,10
1000,6,10,50,1,0.0001653,1102.8,0.0001188,4.38181246e-08,80.26208790904963,2.359378449224845e-06,68.04051080871682,1.9321835661585927e-06,2.4147870867361378e-09,4.357249633629874,0
1000,6,10,50,4,0.0001402,1299.6,0.0001256,1.066156441e-07,65.27307945877592,6.15878775950809e-05,563.1860162405392,6.142782576143955e-05,7.441868216466186e-09,4.531906088728298,0
1000,6,10,50,10,0.0001364,1294.4,0.0001254,1.802306846e-07,50.082610267734886,5.734922260443757e-05,568.3072721297481,5.771038805006329e-05,1.5953635317201637e-08,4.148761746873341,4
1000,6,10,50,50,0.0001131,1142.4,0.0001041,2.473592757e-07,15.007545881254272,3.604010112206801e-06,42.29841079231648,3.6347092196090597e-06,4.3576763642010006e-08,2.4100522094463064,10
1000,6,10,100,1,0.0001327,1091.2,0.0001159,4.63049473e-08,84.08514428581387,2.1108186931983448e-06,62.219682487850164,2.424412872795757e-06,3.3635195212612907e-09,5.106551604191891,10
1000,6,10,100,4,0.0001177,1104.0,0.0001065,1.0097255460000001e-07,61.064912593983436,2.7908580918579317e-06,52.93182197674455,2.838231060987736e-06,5.815251527708233e-09,4.052055515132265,10
1000,6,10,100,10,0.0001165,1090.0,0.0001063,1.830371651e-07,50.56075207192342,2.4608038433722306e-06,44.352126342613055,2.4060109910158138e-06,1.287594901105194e-08,3.2241021826375817,10
1000,6,10,100,50,0.0001134,1142.0,0.0001041,2.69478187e-07,16.12051137088381,4.2478752858863984e-06,52.12804747286564,3.8715486421958986e-06,5.47164893217036e-08,3.0536972568858016,10
1000,6,10,1000,1,0.0001342,1121.6,0.0001174,4.4828387400000004e-08,82.36186261230506,4.3919117578668345e-06,51.19722214686609,4.647580015448902e-06,3.480391647151422e-09,6.135184243052778,10
1000,6,10,1000,4,0.0001181,1135.2,0.000107,1.027746519e-07,61.645372035167796,3.414023367751834e-06,49.272033988189825,3.4960294939005055e-06,5.1191267073691685e-09,3.144862417297932,10
1000,6,10,1000,10,0.0001149,1098.0,0.0001044,1.817266262e-07,49.577359604434726,4.931756504757938e-06,75.35987732945902,4.880801391392837e-06,1.0950553938226125e-08,2.400539361453621,10
1000,6,10,1000,50,0.0001138,1141.2,0.0001048,2.390705049e-07,14.89623288044915,3.0477678535099897e-06,42.91800968772382,2.8982753492378885e-06,6.250709517538963e-08,3.5699752177070097,10
1000,8,10,10,1,0.0001958,1122.8,0.0001475,4.65339508e-08,85.54722642371075,5.266244708835063e-06,41.35698248180106,4.222953153106641e-06,1.75131213350199e-09,3.6122377189104804,0
1000,8,10,10,4,0.0001529,1128.0,0.000135,1.02798261e-07,62.93136530943399,8.774331250237187e-06,57.3798261102667,2.3570226039551516e-06,1.2761052091247833e-08,6.8905538455321595,0
1000,8,10,10,10,0.00014439999999999999,1135.2,0.0001339,1.814662007e-07,49.43034029602098,4.060651288757618e-06,59.71190091691196,4.012480529547778e-06,1.4029714478019588e-08,3.335009595449094,0
1000,8,10,10,50,0.0001459,1142.0,0.0001361,2.383720129e-07,14.630974401807078,5.342700108039421e-06,66.9394419523265,5.466056876558986e-06,3.4681572714727025e-08,2.1914692108677607,0
1000,8,10,25,1,0.0032235000000000002,1109.6,0.0021635,4.47157677e-08,81.65163286271046,0.009567472129274507,40.66994522303226,0.0063693557540949325,2.9979743215827534e-09,4.808968599968025,0
1000,8,10,25,4,0.0001532,1136.0,0.0001376,1.075535063e-07,66.16345148645351,4.237399621885522e-06,39.37286149395573,4.5995168828427535e-06,7.187119392903082e-09,3.891101434228034,0
1000,8,10,25,10,0.0001457,1096.4,0.0001349,1.711880338e-07,46.762770536808986,4.595891885393109e-06,33.11662892130042,3.414023367751827e-06,1.7673900057023338e-08,4.27575686514671,0
1000,8,10,25,50,0.00014330000000000001,1122.8,0.0001338,3.075692802e-07,18.632339747160252,2.8693785622209777e-06,61.305790917335045,3.0110906108363225e-06,3.5436691335641754e-08,2.0393100789306513,10
1000,8,10,50,1,0.0001937,1140.8,0.0001463,9.12713374e-08,134.09765942703638,3.267686915507321e-06,30.799711398359275,4.2700507413066335e-06,1.0014804752061812e-07,111.36941090495037,0
1000,8,10,50,4,0.0001477,1109.6,0.0001322,1.033706534e-07,62.825549517535755,3.16403399335581e-06,57.97164057632931,3.4576806613039853e-06,5.491344043254401e-09,3.6760550969349177,0
1000,8,10,50,10,0.0001449,1103.2,0.00013550000000000001,1.73993863e-07,48.313481841089136,3.034981237357335e-06,60.65714210947371,3.37474278855276e-06,1.712220789829102e-08,4.1186900472138745,7
1000,8,10,50,50,0.00014130000000000002,1072.0,0.00013220000000000001,3.618188202e-07,20.09333624986422,2.983286778035262e-06,72.44308110509934,2.6997942308422146e-06,2.7852038571145225e-07,9.665295300468765,10
1000,8,10,100,1,0.0001571,1103.2,0.0001443,4.51828975e-08,81.95232830212916,2.9981475762358474e-06,68.5805284967161,2.5407785333546017e-06,2.162844337606962e-09,2.5708365667684574,10
1000,8,10,100,4,0.0001476,1128.8,0.0001382,1.0564580619999999e-07,63.55115224483406,5.103375789067901e-06,46.90605267742936,4.685675570881486e-06,6.975166543854288e-09,3.2248348052471023,10
1000,8,10,100,10,0.0001435,1109.6,0.0001337,1.774369255e-07,48.534692593627874,3.951089863709896e-06,58.94479526547606,3.497618237219915e-06,1.5328608125798834e-08,4.464223708332452,10
1000,8,10,100,50,0.0001423,1116.0,0.0001329,2.246350051e-07,13.986056767525294,5.056349144063001e-06,55.36143864540452,5.1736511929841855e-06,6.577691638245457e-08,3.84076342475977,10
1000,8,10,1000,1,0.0001652,1129.2,0.0001528,4.39040172e-08,79.66124998004332,5.138093031466052e-06,36.614508356964485,4.917090377222876e-06,2.293699451776191e-09,3.445255061265243,10
1000,8,10,1000,4,0.0001432,1123.2,0.00013440000000000001,1.029389646e-07,62.76946537373534,6.460134157533681e-06,30.216993011659294,6.36308799946134e-06,6.61198369245467e-09,4.084513871090584,10
1000,8,10,1000,10,0.0069887,1116.0,0.0051849,1.838018698e-07,50.658021166340355,0.014558060425223012,56.37966536497593,0.010923300563982991,8.433484081816943e-09,2.048462016397601,10
1000,8,10,1000,50,0.040604299999999996,1110.0,0.0291612,3.51946801e-07,20.203265451363727,0.008622637802771133,59.99259213528877,0.007558567218726046,8.056936135692989e-08,4.219792056557561,10
1000,16,10,10,1,0.0900903,1102.4,0.0684715,6.32309984e-08,111.88503624408848,0.016566619275921488,61.31014054243664,0.012745865309974054,1.473984240027263e-08,22.067768436479586,0
1000,16,10,10,4,0.0890391,1136.0,0.0648818,1.433564573e-07,81.98877614404338,0.01866635808941375,58.057442818872644,0.011703512405351744,2.6606596922859093e-08,13.462761518363909,0
1000,16,10,10,10,0.086373,1122.8,0.0620919,2.474574491e-07,63.90614545908954,0.02674587435267146,58.940271084849584,0.016269481958904257,3.9966926703636926e-08,7.764300939386317,0
1000,16,10,10,50,0.0793759,1155.2,0.0597646,3.502238541e-07,19.892897271900686,0.015741048648182383,45.2862500594214,0.009321428207212788,1.4095937139671104e-07,5.479414023200664,0
1000,16,10,25,1,0.075948,1323.6,0.0614822,6.687515220000001e-08,116.44671482992261,0.01359394258075592,596.1430104336449,0.008942150882198307,2.5641957229683808e-08,37.46364933802808,0
1000,16,10,25,4,0.045420300000000004,1108.8,0.034686,1.184272856e-07,70.43031882365561,0.011416563698319114,40.38921748299772,0.012699528223958206,1.7406658210551025e-08,8.60293407970539,0
1000,16,10,25,10,0.081656,1218.8,0.0618128,2.030746385e-07,54.43318191642403,0.031177336155896608,377.7079412573806,0.019318347898076356,2.6012146581642244e-08,6.412560719399059,0
1000,16,10,25,50,0.0485739,1134.8,0.0380079,2.542976289e-07,15.673131250815347,0.018165534346668694,51.08772411798705,0.01902773517468061,3.038314491411199e-08,1.6532156418337165,10
1000,16,10,50,1,0.0412605,1430.0,0.0322501,4.36403029e-08,80.33111475449441,0.009601823718555879,651.977504724409,0.010310256936662635,3.453889136561483e-09,5.580690544797161,0
1000,16,10,50,4,0.0397723,1122.0,0.0281867,1.04581576e-07,63.46122219123873,0.005411068349021085,59.426892528177476,0.0061811714828178006,7.807225566711546e-09,5.045107927283359,0
1000,16,10,50,10,0.0532776,1218.8,0.0386813,2.1113218950000001e-07,56.513391654932164,0.028129203923640957,379.4501284754032,0.02162467298172776,1.584797006022841e-08,3.3089021949906487,0
1000,16,10,50,50,0.0501867,1110.4,0.0372953,2.590008078e-07,15.768556101875843,0.014438027612677724,50.84879546262625,0.012402709229572921,7.741277132065722e-08,4.416459031091594,10
1000,16,10,100,1,0.0418566,1274.8,0.0314838,4.50501948e-08,82.18001042031112,0.004897955496372384,574.083385348621,0.005046771394774199,4.031410581771922e-09,6.766584412875631,10
1000,16,10,100,4,0.0538791,1109.6,0.0394783,1.122085669e-07,66.51562961785788,0.02209796197968391,59.90214242134138,0.015015011437077083,1.5057521982822693e-08,6.953619289966347,10
1000,16,10,100,10,0.0520173,1129.6,0.0398512,2.0174202619999999e-07,54.27156994210176,0.017330884885083046,35.737313211202036,0.01656845224984988,4.0923833909355805e-08,8.934735433357881,10
1000,16,10,100,50,0.058524,1122.0,0.0451205,2.882909028e-07,17.451581664546115,0.0221747164631754,60.84588911522472,0.017047039379643348,2.4204882798261465e-08,1.4537312431705558,10
1000,16,10,1000,1,0.0655935,1083.2,0.0533862,4.68679952e-08,85.75564750968275,0.011040060841720432,73.77563584574818,0.008102905978035835,4.7056373840820096e-09,7.1304012268164705,10
1000,16,10,1000,4,0.0689967,1415.6,0.0536494,1.268511905e-07,75.30315165978057,0.024984568882278783,674.9128668041362,0.017651897525950762,1.4072051646655837e-08,7.8410209640904185,10
1000,16,10,1000,10,0.07281699999999999,1109.2,0.054906,2.05913971e-07,55.043474666734696,0.02086227099601362,51.08772411798705,0.011723683351802594,4.4613835256873966e-08,9.792249920892079,10
1000,16,10,1000,50,0.0419198,1109.2,0.0320407,2.592802049e-07,15.986661517110699,0.011402430927949826,58.36437269430727,0.011416069785370289,5.732397828329988e-08,3.1350113492424443,10
10000,2,10,10,1,0.0006675,1123.2,0.0002039,4.65572916e-08,80.78356914980766,1.0265909062956334e-05,42.69998698932927,2.233582075700121e-06,3.587143908530919e-08,57.89751063854887,0
10000,2,10,10,4,0.0004,1142.4,9.109999999999999e-05,8.63920235e-08,50.434415388031844,4.082482904638635e-06,31.507318373849447,1.911950719959999e-06,6.215842389122471e-08,34.063208111122115,0
10000,2,10,10,10,0.0003489,1116.4,7.58e-05,7.98985031e-08,21.32043210690014,5.021066730398139e-06,70.33759860684596,3.489667287547308e-06,3.7897915594063274e-09,0.9938414200145717,0
10000,2,10,10,50,0.000323,1121.2,7.15e-05,1.552268077e-07,8.844981034494772,4.472135954999581e-06,43.371265449219564,2.838231060987733e-06,6.3968106911226035e-09,0.36146472870925905,10
10000,2,10,25,1,0.0006677,1142.0,0.0002031,4.4666790699999997e-08,77.80614812031638,1.0687999500997991e-05,60.69962474714686,1.969207398365585e-06,3.0806993831133014e-08,50.09163591254063,0
10000,2,10,25,4,0.0003986,1129.6,8.93e-05,5.6968769e-08,34.30829713862681,5.378971401051816e-06,70.93533831752846,3.5292429153510456e-06,2.3600988948533023e-09,1.3769802094426227,0
10000,2,10,25,10,0.0003316,1116.8,7.58e-05,7.89528166e-08,21.12462594779676,3.2386554137309606e-06,37.75005518759763,2.4855135843076355e-06,4.716350700279711e-09,1.297805237865887,10
10000,2,10,25,50,0.0003284,1122.4,7.68e-05,1.663092227e-07,9.459319187794385,6.077280093375103e-06,60.844428211993616,4.894441291460709e-06,2.2769518461396644e-08,1.249882205378587,10
10000,2,10,50,1,0.0006667999999999999,1128.4,0.000208,9.06715825e-08,144.56158844102734,5.553777493242267e-06,55.31164233484464,3.6514837167011086e-06,1.199416983055806e-07,170.9741091799446,0
10000,2,10,50,4,0.0003585,1110.0,9.340000000000001e-05,5.982397799999999e-08,36.06764047728955,1.0648421896642188e-05,66.2989860824097,4.060651288757615e-06,3.0908823078541815e-09,1.814115396989553,10
10000,2,10,50,10,0.0003377,1103.6,8e-05,8.32603613e-08,22.176146362996025,6.912950809089331e-06,52.23706644817558,3.5901098714230037e-06,6.130298457473284e-09,1.5273836883050897,10
10000,2,10,50,50,0.0003286,1116.4,7.62e-05,5.979190969e-07,24.358361531894868,1.0946333734279356e-05,76.53495933232081,9.886017061149214e-06,1.3638587731716582e-06,47.06437482298576,9
10000,2,10,100,1,0.000708,1122.0,0.00020459999999999999,4.14897654e-08,72.45956703217894,1.6559656464498943e-05,51.7515431868676,2.2211108331943572e-06,1.9115416563657247e-08,30.82129615797851,9
10000,2,10,100,4,0.0003483,1122.4,8.85e-05,5.66159619e-08,34.173099124552294,2.4517567397911036e-06,42.04547802347147,2.5927248643506727e-06,2.140902857931696e-09,1.3471606777744818,10
10000,2,10,100,10,0.0003335,1128.4,7.65e-05,8.09324144e-08,21.598834606090392,6.023103666530884e-06,35.99753077951628,3.1358146203711328e-06,3.386247612986623e-09,0.8747080123969686,10
10000,2,10,100,50,0.0003202,1129.6,7.02e-05,2.0473162149999999e-07,11.423978014420038,2.5298221281347034e-06,56.669019558995174,1.9321835661585915e-06,1.4706216145536375e-07,7.603775413334422,10
10000,2,10,1000,1,0.0007118,1084.8,0.0002054,8.31755896e-08,132.35426255585034,8.689712947566851e-06,62.219682487850164,9.252026804976301e-06,1.1549117118589064e-07,163.84506451582547,10
10000,2,10,1000,4,0.0003493,1110.4,9.04e-05,5.62332867e-08,33.8769891071991,3.1989581637360235e-06,66.37804188468084,3.596294389136314e-06,8.251165711129074e-10,0.5585754835459368,10
10000,2,10,1000,10,0.0003325,1135.2,7.67e-05,7.77044811e-08,20.78994903804629,3.8658045015810625e-06,58.751453882719645,2.3593784492248532e-06,1.9549745632255085e-09,0.5403867773975525,10
10000,2,10,1000,50,0.0003203,1135.6,7.02e-05,2.181152647e-07,12.030251495440499,2.6267851073127477e-06,57.671868744167156,2.8982753492378855e-06,1.7944612884270839e-07,8.999315561775724,10
10000,4,10,10,1,0.00067,1154.0,0.0002383,3.86132275e-08,68.0103325164271,1.82391520270726e-05,44.98888751680797,4.029061098237824e-06,1.039619257415513e-08,17.09168230881831,0
10000,4,10,10,4,0.0003015,1121.6,0.00012330000000000002,5.6712464e-08,34.17396733029939,2.6352313834736564e-06,42.04547802347147,2.162817093001111e-06,2.3866523892845292e-09,1.350735817652305,0
10000,4,10,10,10,0.0002804,1305.2,0.00013649999999999998,1.035328439e-07,26.98937736921586,6.32617138911399e-05,604.498837421913,6.36051185920686e-05,7.582635583714876e-08,18.1398621154586,0
10000,4,10,10,50,0.0002388,1123.2,0.0001066,1.585417621e-07,9.028419031890671,1.0570398920255255e-05,51.18333061977633,3.0623157540948957e-06,6.625926453763589e-09,0.38217910110784165,10
10000,4,10,25,1,0.0006619,1129.6,0.00023940000000000002,4.85041485e-08,84.99256433752849,1.9168550632046574e-05,55.65608681896347,4.835057163858338e-06,2.1561282211447115e-08,36.50991462665194,0
10000,4,10,25,4,0.0003006,1142.0,0.0001243,5.6533171300000004e-08,34.03178876298427,3.134042472944842e-06,67.36302975503534,2.5407785333545987e-06,2.751384020214435e-09,1.4764981613225714,0
10000,4,10,25,10,0.0002468,1129.6,0.0001114,1.254084633e-07,32.18324555970617,6.356099432828274e-06,36.52457315896306,2.8362729848243525e-06,1.0114608248148271e-07,24.335810209159604,8
10000,4,10,25,50,0.0002343,1116.0,0.0001058,1.6344356260000001e-07,9.314738860348136,2.9458068127047606e-06,55.872871572685234,2.4855135843076346e-06,7.437191623607133e-09,0.4110400210467973,10
10000,4,10,50,1,0.0006685,1096.0,0.0002368,3.4750506e-08,61.85251912967932,2.0759201440432235e-05,61.217281510661316,3.823901439919998e-06,7.71309690116751e-10,0.9856968153603902,0
10000,4,10,50,4,0.0002614,1134.8,0.0001237,5.67473852e-08,34.264589717646324,4.00555170287995e-06,41.22782232101683,1.9465068427541896e-06,1.4154097381209129e-09,0.9318989662179481,10
10000,4,10,50,10,0.00024870000000000003,1104.0,0.0001141,1.07000168e-07,27.855205330226745,7.732327520797929e-06,61.39127697718047,5.877452206904317e-06,8.44620104994494e-08,20.466451909990873,9
10000,4,10,50,50,0.0002372,1090.8,0.0001088,1.583599564e-07,9.022667559334977,1.3521998537362906e-05,54.684549920429994,1.3709688382875649e-05,6.266790189743054e-09,0.32402395441553405,10
10000,4,10,100,1,0.0005277,1122.0,0.0002338,4.67585172e-08,81.24610977178585,7.627588813715057e-05,59.426892528177476,2.299758441421372e-06,3.0561132226477447e-08,49.15566733305955,8
10000,4,10,100,4,0.0002674,1090.8,0.0001238,2.990560642e-07,113.48925654374834,2.612874109311642e-05,54.16189722591991,1.1153474794878948e-05,7.115292218682368e-07,221.2899685701952,8
10000,4,10,100,10,0.0002504,1116.4,0.0001171,7.88753164e-08,20.989854733837763,4.880801391392829e-06,75.41175858799033,4.794672969962486e-06,4.514364622391583e-09,1.1913254872857846,10
10000,4,10,100,50,0.0002355,1109.6,0.0001075,1.5849268760000001e-07,9.007510020075443,3.894440481849309e-06,51.19722214686609,3.2744804507314157e-06,1.143148408767526e-08,0.6507352520091919,10
10000,4,10,1000,1,0.0004943,1114.4,0.0002379,3.52997795e-08,62.7183526813713,1.494434118097344e-06,56.669019558995174,1.6633299933166271e-06,1.038395330797717e-09,1.3893508282416458,10
10000,4,10,1000,4,0.0002596,1122.4,0.0001242,7.080861e-08,41.96545474789086,3.025814858109394e-06,44.02827374413956,2.9363620727393624e-06,4.6681738653492784e-08,25.59737212250548,10
10000,4,10,1000,10,0.0002676,1324.8,0.0001329,7.89707607e-08,21.05978701700991,6.298888790890025e-05,596.939751287068,6.374157896451019e-05,3.2375428326259373e-09,0.8481722883180636,10
10000,4,10,1000,50,0.0002365,1122.4,0.0001084,5.931461546e-07,24.4054175885487,7.1686043892021935e-06,44.02827374413956,7.396695959082751e-06,1.3640173507679879e-06,48.01575250326016,10
10000,6,10,10,1,0.0007072000000000001,1084.0,0.0002683,5.04520548e-08,87.18646242211993,2.2349745213561408e-05,69.48700917757537,2.668749186833078e-06,3.310565165949956e-08,53.66800127814772,0
10000,6,10,10,4,0.0002924,1122.8,0.0001532,5.70521203e-08,34.308261058444046,6.449806198638839e-06,60.370706656641204,3.3928028399998603e-06,1.4050264021917914e-09,0.8567297739472315,0
10000,6,10,10,10,0.0002424,1142.4,0.00014350000000000002,8.07032833e-08,21.558759929899132,3.864367132317184e-06,31.507318373849447,3.979112128771107e-06,3.2088395593133065e-09,0.8913802263399826,0
10000,6,10,10,50,0.0002308,1110.4,0.0001387,1.598907004e-07,9.119882184053244,4.70932880331983e-06,58.64241923158809,4.13790070231539e-06,6.6298295990574855e-09,0.35861775417375275,10
10000,6,10,25,1,0.0007053,1110.4,0.0002678,3.50368485e-08,62.23787080792301,1.8439390204426802e-05,58.64241923158809,4.709328803319825e-06,1.0003979209644808e-09,1.4099298731194307,0
10000,6,10,25,4,0.0002996,1109.2,0.0001601,5.6187526899999996e-08,33.8993819661401,8.302610031389731e-06,58.84971443336738,8.862530363527363e-06,1.4348067701219064e-09,0.9371605450007117,0
10000,6,10,25,10,0.0002617,1102.0,0.0001425,7.97138364e-08,21.312086787132298,3.4657049948186788e-06,61.16643959994184,3.6893239368631096e-06,2.4425700128515923e-09,0.6916450328903834,10
10000,6,10,25,50,0.0002301,1130.0,0.0001366,1.570039968e-07,8.955835880629978,6.7073757080462445e-06,56.10307973325133,2.674987019698515e-06,6.796166989909921e-09,0.36912077650046327,10
10000,6,10,50,1,0.0006951,1096.4,0.0002657,3.51945777e-08,62.368284950600156,2.0107765221978853e-05,52.946933601274566,3.2335051500740687e-06,6.297547522689651e-10,0.8326370589482509,0
10000,6,10,50,4,0.0002813,1110.0,0.0001547,5.64425825e-08,34.151271260269866,8.367264254887091e-06,59.516570988441714,2.359378449224845e-06,1.5947478356349245e-09,0.9124771268217677,10
10000,6,10,50,10,0.0002612,1096.0,0.0001425,7.87502254e-08,20.998108349395384,3.4576806613039866e-06,79.77746827547516,3.374742788552764e-06,3.4293959247720176e-09,0.9102086301150357,10
10000,6,10,50,50,0.0002284,1117.2,0.0001371,1.611597068e-07,9.180806684389829,4.647580015448905e-06,47.779121428134744,4.794672969962484e-06,5.61999510369288e-09,0.31214437618141777,10
10000,6,10,100,1,0.0005017999999999999,1115.6,0.0002663,3.53456254e-08,62.689076820326974,4.34101882562658e-06,36.779221186848304,3.2335051500740674e-06,1.0552754601148978e-09,1.414050980612786,10
10000,6,10,100,4,0.0002768,1141.6,0.0001528,6.60705443e-08,39.39744403537872,2.3475755815545267e-06,43.37741347752307,2.6997942308422116e-06,3.0763462811608346e-08,17.33582289110156,10
10000,6,10,100,10,0.00026210000000000003,1114.8,0.0001428,1.043529687e-07,27.334364001131245,4.2804464979978685e-06,63.80665238741874,3.5213633723318e-06,7.69084285546437e-08,18.619913467426827,10
10000,6,10,100,50,0.0002291,1142.4,0.0001375,1.616429064e-07,9.242150992063241,2.0789954839350284e-06,42.96561933039537,1.840893502864544e-06,8.026106844765876e-09,0.4948436337243903,10
10000,6,10,1000,1,0.0005027,1122.8,0.0002679,3.85107486e-08,68.14446330776416,6.111010100175302e-06,29.275700959441888,5.858517066820084e-06,1.166120734826983e-08,19.59508095482506,10
10000,6,10,1000,4,0.00028189999999999997,1090.0,0.0001582,7.43402433e-08,43.70881969838715,5.7629082164399545e-06,46.23610902506587,5.5737479909542575e-06,5.212635026247931e-08,27.92129134208314,10
10000,6,10,1000,10,0.00027499999999999996,1090.0,0.0001561,7.82975911e-08,20.922916881403808,3.091206165165238e-06,35.03648891592243,3.178049716414137e-06,2.5553369415373028e-09,0.6839087418559351,10
10000,6,10,1000,50,0.0002325,1098.0,0.0001408,1.632920609e-07,9.298232286271606,5.661762583821004e-06,54.82092058086341,5.533734925185905e-06,6.5815162422413696e-09,0.3735672868730091,10
10000,8,10,10,1,0.0007211,1122.4,0.0002943,6.10346244e-08,104.29037316667011,2.214823795349066e-05,58.94479526547606,2.4966644414765312e-06,4.190384777359608e-08,67.71906830325337,0
10000,8,10,10,4,0.0003128,1121.6,0.0001831,5.66444087e-08,34.169180256942674,4.709328803319833e-06,67.91367069056616,4.357624225296268e-06,1.34822333271285e-09,0.8710992126859728,0
10000,8,10,10,10,0.0002737,1299.6,0.0001971,7.82397668e-08,20.93578577646841,6.739444421546268e-05,563.0849945710781,6.731262057659685e-05,3.934544190243128e-09,0.9906245150689488,0
10000,8,10,10,50,0.0002374,1136.0,0.0001672,1.598348912e-07,9.106391801751773,4.6714261443612975e-06,50.736793574507864,3.2591750830880842e-06,4.96442782538755e-09,0.27815338913224913,10
10000,8,10,25,1,0.0007285,1091.2,0.0002957,3.4671181e-08,61.936129069512106,1.9300259065618785e-05,69.96634111405918,4.321779468896781e-06,3.5806541468936424e-10,0.4405170429136138,0
10000,8,10,25,4,0.000312,1089.6,0.0001844,5.6446415e-08,34.16947647157569,6.164414002968981e-06,61.31014054243664,3.5962943891363127e-06,2.0724601766910315e-09,1.242817527770447,0
10000,8,10,25,10,0.0002427,1129.2,0.0001718,7.82160593e-08,20.916527188694438,6.700746227100383e-06,45.6089659801423,1.8737959096740286e-06,1.86078600709778e-09,0.46748693943836145,10
10000,8,10,25,50,0.0032863,1122.0,0.0022022,2.182907437e-07,12.080607859102049,0.009636412357419239,52.29828975321384,0.006428493841224915,1.8097397500423093e-07,9.21894539170583,9
10000,8,10,50,1,0.0007331,1116.4,0.000297,3.55519049e-08,62.92665760918511,1.6251153805191806e-05,36.14538544391094,3.6514837167011005e-06,6.92497596159237e-10,0.8730522361212407,0
10000,8,10,50,4,0.0002639,1128.8,0.000188,7.41561539e-08,43.77665559824619,1.8941136889497066e-05,71.822002199883,4.9441323247304395e-06,5.722878657107619e-08,31.11238254206968,9
10000,8,10,50,10,0.0002463,1141.2,0.0001757,1.103496776e-07,28.411492823406718,5.207899981971834e-06,68.45728595262888,3.46570499481867e-06,1.0096277998162116e-07,23.55048934763897,9
10000,8,10,50,50,0.0002359,1115.2,0.0001665,1.624368843e-07,9.237818808346208,2.282785822435193e-06,35.915951268977345,2.4152294576982374e-06,9.304071352904726e-09,0.5348624634472791,10
10000,8,10,100,1,0.0004289,1122.8,0.0002967,3.50958128e-08,62.389037884635705,4.3320510923426016e-06,52.83264983785017,3.3681514877517584e-06,9.037261001574166e-10,1.2119110886136382,10
10000,8,10,100,4,0.0002572,1109.6,0.000188,5.69227208e-08,34.385504371318525,9.704523572941528e-06,41.36342990291464,9.843215373488931e-06,1.5537154864667529e-09,0.8943968176061754,10
10000,8,10,100,10,0.0002454,1135.2,0.0001739,1.208946666e-07,30.686527257454504,6.769211344183473e-06,58.265293652777935,4.998888765404653e-06,1.3621319947708923e-07,31.19257634476249,9
10000,8,10,100,50,0.0002383,1103.6,0.0001687,3.175052067e-07,16.255122347266948,5.755190893638731e-06,60.32357195436402,5.498484639728778e-06,4.929650998747257e-07,22.279723775408737,10
10000,8,10,1000,1,0.0004303,1096.8,0.0002977,4.47138898e-08,78.08718405087468,4.423422506008959e-06,54.21930775409562,3.49761823721991e-06,2.3242103821806113e-08,37.94054932748511,10
10000,8,10,1000,4,0.0002551,1154.0,0.0001856,1.076693289e-07,61.1346138171157,3.984692933938303e-06,45.616761052149336,4.273952113286559e-06,1.127954292167138e-07,59.188247378639154,10
10000,8,10,1000,10,0.0002423,1142.4,0.0001727,1.0239243290000001e-07,26.757850798763165,3.465704994818665e-06,53.03918886592776,3.1989581637360222e-06,7.716585844101385e-08,18.639387114461222,10
10000,8,10,1000,50,0.0002372,1096.8,0.0001675,1.594988621e-07,9.095870849530604,7.020604595680408e-06,62.04801008538111,6.637435917246624e-06,6.4825842409222105e-09,0.37447007784794945,10
10000,16,10,10,1,0.0586048,1568.4,0.0434868,3.54232496e-08,63.1387680727292,0.02839579836603374,632.6254289335304,0.019175819274399843,9.637582828130245e-10,1.5432330731191142,0
10000,16,10,10,4,0.045455,1109.2,0.035203200000000004,5.68599774e-08,34.42550557049536,0.015678417940312446,59.33108609976542,0.015504203063112345,8.739113608244509e-10,0.608304125224366,0
10000,16,10,10,10,0.0810148,1251.2,0.0596799,1.091065768e-07,28.434917848450347,0.027279148784373753,371.3030508298519,0.01801681215759942,8.278012806735767e-08,19.85493630222801,0
10000,16,10,10,50,0.0905627,1245.6,0.0625666,3.57685317e-07,18.24558999320209,0.03424920902265887,370.3941444221577,0.022963980492163034,4.1416440847510374e-07,18.746300896048744,7
10000,16,10,25,1,0.0874241,1533.2,0.0612584,4.87380264e-08,84.0822991003488,0.0314022871935929,719.0068458953951,0.02204515544765133,4.107841703783418e-08,65.32690304597598,0
10000,16,10,25,4,0.1031695,1305.6,0.0759249,5.7763451600000004e-08,34.78911339766666,0.01840579867716814,584.4722595831407,0.012243979622201636,3.809556987838911e-09,2.145112932124686,0
10000,16,10,25,10,0.072144,1298.4,0.0562618,1.398265323e-07,35.49444063845277,0.0272636341875237,604.8138740325177,0.019618752383030545,1.1818312872740927e-07,27.81727857255994,6
10000,16,10,25,50,0.063316,1262.4,0.0523113,1.736294421e-07,9.860432975208482,0.008136517300281355,577.6987296352851,0.0069799617644606985,1.710074107325632e-08,0.9033773701835883,10
10000,16,10,50,1,0.055334,1354.8,0.0397307,3.97766069e-08,70.08191655793748,0.03379783137355939,474.4570698294116,0.022363578897891596,1.6923642499311395e-09,3.0251246566133485,0
10000,16,10,50,4,0.10435030000000001,1359.6,0.0721565,1.008055629e-07,56.60403644252669,0.028360847656388712,507.4325789917536,0.01660108704774078,1.1958909935850753e-07,59.52217033226779,9
10000,16,10,50,10,0.0577587,1140.0,0.0435637,9.19312972e-08,24.48364578286137,0.021205825462986973,52.39168721170267,0.01476846413477041,1.0069294902349284e-08,2.4928364776153873,10
10000,16,10,50,50,0.1074852,1104.0,0.0747212,1.6218638019999999e-07,9.23485286909871,0.012363000838523524,59.985183355743956,0.009186057125399945,1.1101855805674154e-08,0.590327041403464,10
10000,16,10,100,1,0.1080172,1369.6,0.0740475,3.6869998699999997e-08,65.23993927307254,0.012223218259616503,502.916648715824,0.007839430680150751,2.8471672402680474e-09,4.8425584047603225,10
10000,16,10,100,4,0.1076582,1347.2,0.0747537,6.64532296e-08,39.979524408824176,0.01248765302030592,510.9670135036986,0.00779064662913163,8.577654734627087e-09,4.871689543973355,10
10000,16,10,100,10,0.0802935,1077.6,0.0554089,1.210215476e-07,31.488942118454794,0.03770052529916968,52.83769698068058,0.025103199541315666,7.065398461480068e-08,16.700326509806555,10
10000,16,10,100,50,0.0943172,1104.4,0.0677899,1.759437089e-07,9.964730573785845,0.02604985139134408,74.10383106005908,0.0176663341191972,1.227952762206434e-08,0.6880525408374025,10
10000,16,10,1000,1,0.101516,1594.4,0.0718193,6.39163015e-08,108.92401012398771,0.025083353731996137,640.4837060985843,0.016967727963205132,3.829884619969041e-08,61.879341782443305,10
10000,16,10,1000,4,0.1057577,1229.2,0.0735432,1.1325155190000001e-07,64.19910562432942,0.021526624491803426,368.1306531352392,0.011298295346349081,1.029857636877765e-07,53.63284096450533,10
10000,16,10,1000,10,0.0577947,1122.8,0.0426528,1.256248705e-07,32.43624624536949,0.028762724357326717,60.84004529182331,0.021858230978537833,8.895342353725756e-08,20.960485680113532,10
10000,16,10,1000,50,0.0798199,1095.2,0.0589048,1.921543238e-07,10.84283363697816,0.031565799570808344,33.77309909117347,0.02184906556252591,3.365950887933591e-08,1.8468997602604262,10
100000,2,10,10,1,0.0087304,1146.8,0.0019126,9.995222680000001e-08,128.1786676932966,3.9629394253368196e-05,45.29606311075316,1.5763530343450675e-05,1.6160860936941845e-08,19.46531719025383,0
100000,2,10,10,4,0.0065473,1102.8,0.0007974,1.643382808e-07,66.3525711248256,1.5107393333508513e-05,52.46120259561134,4.7656176001764014e-06,3.4737169554747486e-08,13.588385231638245,0
100000,2,10,10,10,0.0061389,1128.8,0.0006789,2.23930412e-07,38.48156209385441,1.633299319373733e-05,46.29566814388673,9.608445359277563e-06,2.8372530594418335e-08,4.700122131950911,0
100000,2,10,10,50,0.0059353,1108.8,0.0006242,7.627455093e-07,26.85167685204689,2.8728808615124407e-05,41.087440633091006,1.0315037566582117e-05,1.8989764288678055e-07,6.341395860752241,0
100000,2,10,25,1,0.0087268,1108.4,0.001915,9.72644655e-08,124.71406655467555,7.021047721751458e-05,40.2414932349407,1.1065461781798557e-05,1.5933185304552225e-08,19.738042233444656,0
100000,2,10,25,4,0.006541,1129.2,0.0007991,1.705993199e-07,68.80097656985667,3.295451410656829e-05,64.2508970970661,5.279941077112279e-06,1.8846590907249474e-08,7.366528897513488,0
100000,2,10,25,10,0.0061228,1122.4,0.0006701,2.2113971160000001e-07,37.985303007655666,1.2090400232324041e-05,52.83769698068058,4.306326095925e-06,2.1720527043254556e-08,3.5662392342342306,0
100000,2,10,25,50,0.0058682000000000005,1090.4,0.0006125,6.283367824e-07,22.357208114771588,1.3612086132877948e-05,69.56883082402796,3.135814620371129e-06,3.814411899210661e-08,1.2637857335506586,10
100000,2,10,50,1,0.0087347,1084.0,0.0019023,9.0144595e-08,116.36344124293353,4.498160117697533e-05,63.04848222686341,3.334999583541538e-06,4.218857509450896e-09,5.37880419103067,0
100000,2,10,50,4,0.0065399,1135.6,0.0007914,1.61842142e-07,65.32734457991234,2.129397410849683e-05,49.72636233539621,3.1692971530679117e-06,3.327511465951886e-08,13.01285460901796,0
100000,2,10,50,10,0.0059384,1096.4,0.0006709,2.208184102e-07,37.99030199851043,9.179687721631252e-06,44.79880950799176,8.5693251387337e-06,2.0870518162357324e-08,3.446411066047299,10
100000,2,10,50,50,0.0058766,1122.8,0.0006143,6.340407996e-07,22.557965855753753,2.1848976584219577e-05,42.0391352062443,4.321779468896803e-06,4.175175942032845e-08,1.3996967341340183,10
100000,2,10,100,1,0.0087166,1102.8,0.0019064,9.34652004e-08,120.10446717071426,7.098700976626347e-05,66.77457932809794,6.4498061986388275e-06,4.928501179185304e-09,6.074115184700841,0
100000,2,10,100,4,0.0061672,1096.4,0.0007954,1.8308755e-07,73.58995590302405,0.00012752150145498337,62.77862339646797,9.2038639228919e-06,1.0080945371728667e-07,39.250604451913794,9
100000,2,10,100,10,0.0059289,1128.8,0.0006655,2.236034684e-07,38.42905942521333,6.951418720104688e-06,62.95818718271146,3.865804501581074e-06,1.8044312462223424e-08,2.981599996258382,10
100000,2,10,100,50,0.0058616,1134.0,0.0006103,6.393829374e-07,22.7384996510465,6.18600571181965e-06,50.74555262396017,3.056868404829451e-06,4.277665756193726e-08,1.4287115455113406,10
100000,2,10,1000,1,0.0125959,1110.0,0.0019001,9.46272259e-08,121.61697680017468,2.3306889777727023e-05,51.30302135352264,4.9766119666563e-06,5.223129466395524e-09,6.527129648371881,10
100000,2,10,1000,4,0.0061281,1122.4,0.0007962,1.645277966e-07,66.34267732994755,5.566766466171273e-06,67.91367069056616,4.75628239512985e-06,3.846757379731741e-08,14.986012647710536,10
100000,2,10,1000,10,0.0059462000000000004,1134.8,0.000667,2.086002998e-07,35.95951456332582,2.8252040240976766e-05,49.96176315721632,4.109609335312639e-06,1.5171778731627746e-08,2.4716483019079445,10
100000,2,10,1000,50,0.0058636,1096.4,0.0006137,6.434740724e-07,22.877749040298543,5.62138772902205e-06,33.96468754456605,5.498484639728781e-06,8.001395027707065e-08,2.7218138225895743,10
100000,4,10,10,1,0.0065179,1108.4,0.0019279,9.03755856e-08,116.43293495805977,0.00012822415269103296,39.528330206181096,6.384877968032482e-06,3.727671680638051e-09,4.590345950810646,0
100000,4,10,10,4,0.003799,1083.2,0.0008331,1.631021609e-07,65.76932434691535,1.759419096052885e-05,54.74141231483001,5.646040894093634e-06,3.8009181679917735e-08,14.848814503748388,0
100000,4,10,10,10,0.0034747,1084.0,0.000706,2.335878311e-07,40.05454119709978,8.895067297228376e-06,69.48700917757537,5.577733510227156e-06,1.1805682893748119e-08,1.9819359415756692,0
100000,4,10,10,50,0.0033135,1071.6,0.0006632,8.300022642e-07,28.9971929618631,1.2868998061663978e-05,73.30787436861367,1.3431306712304648e-05,6.309302755492095e-07,20.821814633738096,0
100000,4,10,25,1,0.0066575,1136.0,0.0019344,1.197568201e-07,152.29151223559768,0.00018783695648679527,51.29435749779025,1.4346505575303811e-05,9.373937763920535e-08,114.38426141506872,0
100000,4,10,25,4,0.0038165,1122.8,0.0008425,2.7999271849999997e-07,109.80384720375612,2.110423864745878e-05,52.83264983785017,1.5101508386765731e-05,2.503567965155451e-07,94.20914405887872,0
100000,4,10,25,10,0.0034894,1103.6,0.0007144,3.481711796e-07,58.3249818082513,1.760176758800732e-05,53.314996847874696,1.3882042757141735e-05,3.381351355852752e-07,53.97421681575797,0
100000,4,10,25,50,0.0033193,1314.0,0.000679,6.94401548e-07,24.605027274720666,6.704401539287459e-05,560.1404585756445,6.811265178609137e-05,1.301144906317322e-07,4.428702500656062,8
100000,4,10,50,1,0.0065781,1123.2,0.0019272,1.052947089e-07,134.8904171062274,0.00021053447856982175,60.36334428552922,1.370968838287563e-05,4.479085213130506e-08,54.86783032247764,0
100000,4,10,50,4,0.0037971,1122.4,0.0008342,1.695783565e-07,68.42193352995012,1.165666237727498e-05,42.04547802347147,6.477310827461913e-06,4.203554840774847e-08,16.506965500660364,0
100000,4,10,50,10,0.0033682,1114.4,0.0007071,2.182996478e-07,37.52791158437913,1.6705288583758862e-05,36.52457315896306,5.7435954670301045e-06,1.4798379499423346e-08,2.4495542512006345,10
100000,4,10,50,50,0.0032826,1128.8,0.000651,6.362440232e-07,22.61550844758567,7.589466384404122e-06,56.27867170508637,4.94413232473044e-06,2.8967699955190014e-08,0.9719288093813844,10
100000,4,10,100,1,0.0065097,1104.4,0.0019296,9.9897722e-08,128.02489756125544,0.00016770877536173635,67.68423417277879,8.461678320522504e-06,2.5499809322076088e-08,31.721153581783415,0
100000,4,10,100,4,0.0035266,1097.6,0.0008306,1.564149846e-07,63.174157080394025,1.041579996394367e-05,63.307363096422065,3.8930136855083725e-06,1.4935949704493508e-08,5.847443618095771,10
100000,4,10,100,10,0.0033658,1134.8,0.0007064,2.179058938e-07,37.44121171678091,7.420691791650307e-06,51.08772411798705,4.087922591134891e-06,1.5632101433908502e-08,2.5842160218283046,10
100000,4,10,100,50,0.0032881,1128.4,0.0006535,6.4952336e-07,23.053681044928265,1.475315408838239e-05,47.57029885688478,3.3416562759605794e-06,4.991155387798923e-08,1.6900136815908846,10
100000,4,10,1000,1,0.0072903,1084.0,0.0019274,9.06237765e-08,116.77799020863822,1.5972545890440177e-05,54.84523680320835,7.876829593462338e-06,3.8947611565725996e-09,4.797248710630831,10
100000,4,10,1000,4,0.0035254,1109.2,0.0008324,1.752106535e-07,70.57964194632783,7.805980613179539e-06,41.91207728354946,6.785605679999739e-06,6.163599706728144e-08,23.935574322277144,10
100000,4,10,1000,10,0.0033739,1091.2,0.0007075,2.30252204e-07,39.52435950452899,1.475315408838246e-05,33.77309909117347,4.813176359397869e-06,1.7239797918053013e-08,2.84745201956198,10
100000,4,10,1000,50,0.0032878,1102.0,0.0006517,8.389655448e-07,29.274839852316212,1.3121653012398214e-05,51.57949635702586,1.2710887721424754e-05,6.762371225709561e-07,22.20980313690249,10
100000,6,10,10,1,0.00626,1140.8,0.0019575,9.22904599e-08,118.56069197088448,0.0001623432577390675,30.799711398359275,1.190938005663327e-05,5.60853047357748e-09,6.770444457048234,0
100000,6,10,10,4,0.0028994,1089.6,0.0008604999999999999,1.844619297e-07,73.9547778774726,1.577057738673854e-05,68.74623221998748,7.0435155363718255e-06,9.52123451885474e-08,36.68159680830723,0
100000,6,10,10,10,0.0025954,1147.6,0.0007372,2.271430814e-07,39.0248503522514,5.295700562196132e-06,61.40430676173202,4.709328803319843e-06,1.603780213987005e-08,2.6673382182340513,0
100000,6,10,10,50,0.0025417,1134.0,0.0007717,6.589775958e-07,23.380233183842417,0.000277189485931756,59.03671174221455,0.00027795085496860373,7.557312262238953e-08,2.540749010139735,0
100000,6,10,25,1,0.0062289,1121.6,0.0019447,9.269836089999999e-08,119.34528388614133,0.0002056412464031042,42.71663740407373,5.65783625700773e-06,6.416453160345146e-09,7.857260251285681,0
100000,6,10,25,4,0.0029227,1300.0,0.0008747,1.506893456e-07,61.05059032618699,6.254962474352308e-05,562.9951647710268,6.831633935027716e-05,7.936846667295662e-09,3.211521699822758,0
100000,6,10,25,10,0.0026053,1275.2,0.0007499,2.165740332e-07,37.29613512597473,6.204666702482003e-05,573.964923434641,6.228688108707608e-05,1.711834311375825e-08,2.8837372062393234,0
100000,6,10,25,50,0.0025207,1128.8,0.000679,6.342966913e-07,22.57227666006931,9.006787563955417e-06,63.85539218508576,5.597618541248915e-06,3.121884620153749e-08,1.049875418270929,10
100000,6,10,50,1,0.0062554,1134.4,0.0019441,9.48022021e-08,122.08645135198705,0.00019324204741434726,66.21715118540747,7.549098548097574e-06,9.003921127007528e-09,11.195950605312516,0
100000,6,10,50,4,0.0028984,1104.4,0.0008558,1.572285036e-07,63.495015084483214,1.9213421235052275e-05,68.10318967893093,5.692099788303074e-06,5.7181122962937136e-09,2.1098143831605447,0
100000,6,10,50,10,0.0032739,1122.0,0.0007319,2.246022843e-07,38.60230049156446,4.74809903481849e-06,51.7515431868676,4.433458644845539e-06,1.7999243451570254e-08,2.9893693332830593,10
100000,6,10,50,50,0.0025223,1128.8,0.0006812,6.637331858000001e-07,23.58448470194563,6.0194130389376456e-06,56.78184373351906,5.513619500836073e-06,1.5178986664501514e-07,5.124643311172546,10
100000,6,10,100,1,0.0062747,1305.6,0.001965,9.35784137e-08,120.45960093624177,0.00019911696729979256,605.6627591141606,6.463745044476932e-05,1.3767400801309944e-08,16.94154064930033,0
100000,6,10,100,4,0.0034354,1121.6,0.000853,1.613269378e-07,65.01106128272473,8.758487946621234e-06,31.166934045198893,4.642796092394705e-06,1.2725564078816804e-08,4.953817574879079,10
100000,6,10,100,10,0.0032768,1070.0,0.0007354,2.155591224e-07,37.06737210168898,6.494442068244046e-06,50.74555262396017,3.596294389136305e-06,1.749657152094357e-08,2.8262941337696277,10
100000,6,10,100,50,0.0025203,1122.8,0.0006794,6.741287423e-07,23.92016260483714,7.557924465236607e-06,67.48958767428087,6.003702561290385e-06,1.5154829410763198e-07,5.155958727602465,10
100000,6,10,1000,1,0.0070758,1090.8,0.0019511,1.039268339e-07,133.16799231740447,9.589345939925114e-06,54.684549920429994,7.66594199473666e-06,4.9455438648092446e-08,61.18752475829837,10
100000,6,10,1000,4,0.0065888,1097.2,0.0028639,1.496262763e-07,60.58535777767778,0.009953518850693512,68.32731680830312,0.006348485951609075,9.247684411125225e-09,3.522935983278585,10
100000,6,10,1000,10,0.0105842,1071.2,0.0053132000000000006,2.221570711e-07,38.21459654309281,0.015403997798551445,51.52949532926641,0.009706630160187761,2.0400605888743746e-08,3.3850629327563087,10
100000,6,10,1000,50,0.0025231,1097.6,0.0006767,6.283677898e-07,22.354994566227113,1.2731849826321396e-05,34.10832417134823,5.375872022286241e-06,2.964993300924971e-08,0.9766629120093744,10
100000,8,10,10,1,0.0063162,1194.0,0.0019735,9.45827599e-08,121.75595806454817,0.00019712759545251104,388.85472865840273,7.321960878829538e-06,5.08662840030889e-09,6.133487902738406,0
100000,8,10,10,4,0.0024825,1128.8,0.0008861,2.250445826e-07,89.0645162869041,2.0045780935980852e-05,55.258584049096946,1.2260596324087252e-05,1.8829886665859808e-07,70.90136501534634,0
100000,8,10,10,10,0.0021686,1109.2,0.0007668,3.062451054e-07,51.69760213076353,1.2903057346570604e-05,66.1325268768033,1.185842410365822e-05,2.828083052736823e-07,45.58861377845938,0
100000,8,10,10,50,0.0020416,1129.2,0.0007104,8.097260401e-07,28.36316770298116,1.080329167944242e-05,56.22336406394291,9.27601446982726e-06,5.853646905807803e-07,19.39152737145688,0
100000,8,10,25,1,0.0093104,1232.0,0.003985,9.31225674e-08,119.69378828749603,0.009707925389998514,373.989898853491,0.006358997684820742,6.502438223255834e-09,7.991864227595121,0
100000,8,10,25,4,0.0024725999999999997,1103.6,0.0008863,1.682280864e-07,67.782874596411,2.5682678987987223e-05,52.77878361614636,7.469196000165545e-06,3.7903701163019816e-08,14.81719014193866,0
100000,8,10,25,10,0.0021609,1115.2,0.0007603,2.50133725e-07,42.86070835550278,6.118278625016468e-06,71.02550402652713,4.9676732760697895e-06,9.315322055125654e-08,15.514322284098334,0
100000,8,10,25,50,0.0020491,1110.0,0.0007151,8.43685533e-07,29.51174995846163,1.2573782247199785e-05,51.30302135352264,9.267026371915529e-06,6.192113712537326e-07,20.472226970012667,8
100000,8,10,50,1,0.006333699999999999,1239.6,0.0019749,9.815241169999999e-08,126.2760899329502,0.00014775960205685459,370.7599403027967,1.51470569198552e-05,1.91722750277717e-08,24.092744741546806,0
100000,8,10,50,4,0.0024661,1116.0,0.0008818,1.48776915e-07,60.33088872716504,2.060986818654274e-05,46.418387161411225,5.3082744633051655e-06,1.0273481207409386e-08,3.987662867176913,0
100000,8,10,50,10,0.0021031,1108.8,0.0007673,2.257823367e-07,38.80228868959548,1.2688139693780484e-05,39.67870965643918,1.332541431500975e-05,2.528449038396977e-08,4.171118339970228,10
100000,8,10,50,50,0.0020348,1122.8,0.0007062,6.384287435e-07,22.709215410922816,3.7653389990515812e-06,79.12971067248452,3.765338999051447e-06,3.18615129471775e-08,1.0602696894127606,10
100000,8,10,100,1,0.0061984,1358.4,0.0019795,1.039104403e-07,133.09124908985208,0.00013863717635131874,516.5395972774552,1.0585629672133624e-05,2.4308751485401875e-08,29.968115243322824,0
100000,8,10,100,4,0.002276,1084.0,0.0008891,1.818745229e-07,73.09919461951061,9.851452233610595e-05,45.801504099513785,5.279941077112295e-06,5.711069468024771e-08,22.392710067528018,8
100000,8,10,100,10,0.0021008,1122.4,0.0007624,2.312434083e-07,39.716586204550595,5.391351098441573e-06,42.71663740407373,5.253570214625468e-06,2.5984908624512596e-08,4.3218063446143855,10
100000,8,10,100,50,0.0020426,1115.2,0.0007095000000000001,6.295487294e-07,22.412277189685412,9.215928240461477e-06,46.29566814388673,5.104464277037865e-06,3.273985871782448e-08,1.100970475122822,10
100000,8,10,1000,1,0.0046628,1475.2,0.001973,9.11836796e-08,117.21495639003908,1.3489090241953122e-05,584.650474880315,1.2961481396815648e-05,4.794000628028959e-09,5.6304080196236965,10
100000,8,10,1000,4,0.0022316000000000003,1116.4,0.0008872,2.110090501e-07,84.13316843180381,1.5137884778117299e-05,70.33759860684596,1.2976902558006654e-05,1.7471358987397516e-07,66.8336856596566,10
100000,8,10,1000,10,0.0021031,1134.8,0.0007657,3.497193626e-07,58.16442369588169,1.4394829318582021e-05,57.381375220730135,1.5107393333508375e-05,4.173143725846837e-07,65.50285242113945,10
100000,8,10,1000,50,0.0020424,1122.0,0.0007133,6.421637237999999e-07,22.765759975903716,5.358275012642681e-06,61.311590348898235,4.71522357193519e-06,6.098955302339363e-08,1.8340622892819936,10
100000,16,10,10,1,0.0601119,2257.2,0.0432905,9.25960345e-08,119.25887052265352,0.02229968428500976,78.11217005762362,0.01947601944985451,6.03458373053011e-09,7.466173187946575,0
100000,16,10,10,4,0.0660481,2494.0,0.0486697,1.581061342e-07,63.756787407429314,0.021709613054794154,669.7243213940096,0.013720464083906848,8.983743424577489e-09,3.415427873593198,0
100000,16,10,10,10,0.0515527,1820.4,0.0392669,2.322040463e-07,39.85982990288448,0.020588766214451347,629.8964994346293,0.014802499642140025,1.1803082931471344e-08,1.9631537226634936,0
100000,16,10,10,50,0.0672001,1503.2,0.0536167,6.499136009e-07,23.0921615164498,0.018856520431051606,555.3162862529585,0.014613187803791783,3.286196013077323e-08,1.097324241851308,0
100000,16,10,25,1,0.0658083,2451.6,0.0478552,9.12202722e-08,117.49723913665493,0.01789742384969288,607.7673531504926,0.014478459938052038,3.877420323923937e-09,4.913224688011215,0
100000,16,10,25,4,0.0538824,2189.6,0.0396802,1.491572569e-07,60.42404160880665,0.02290916526050946,56.417491377527,0.019155420241336974,1.057654172484225e-08,3.9570005120114327,0
100000,16,10,25,10,0.0455071,1707.6,0.034402300000000004,2.241933269e-07,38.51286907966475,0.012892377984685368,629.7525439938029,0.013546199352585952,1.4145330967532354e-08,2.329894676110749,0
100000,16,10,25,50,0.0581232,1207.2,0.0435698,7.277634742e-07,25.74084625690129,0.022643117913495138,382.30552063907095,0.01874475595881567,2.2308371458742337e-07,7.57106703171812,8
100000,16,10,50,1,0.0682465,2219.2,0.0524596,9.37123843e-08,120.66237050597128,0.016251655336200883,92.52603237287691,0.015283013331437256,7.03335928239605e-09,8.556128092203528,0
100000,16,10,50,4,0.0625106,2130.0,0.0481773,1.745859883e-07,70.3659624212687,0.018005644832169224,383.28289523246116,0.013435709211318585,4.663548295876452e-08,18.27216814822994,0
100000,16,10,50,10,0.044520000000000004,1369.2,0.032594899999999996,2.293294535e-07,39.32434637708605,0.012151221529816113,504.560711026048,0.01191017910537966,1.5674713777118812e-08,2.548471449076312,10
100000,16,10,50,50,0.0535608,1084.8,0.0400008,6.836491256e-07,24.23204554447069,0.025928256743046444,61.76082900998011,0.021554253051827666,1.5653953764268033e-07,5.309528473866214,10
100000,16,10,100,1,0.0603474,2222.4,0.0412542,9.43043485e-08,121.31625549929025,0.021775804657667392,72.59507176416622,0.01684431336155387,1.0097545552058777e-08,12.708214045516591,0
100000,16,10,100,4,0.0520545,2574.8,0.0377506,1.56981541e-07,63.47627263423104,0.020785379970065496,680.2275436286825,0.014205206183336837,1.0525142471185727e-08,4.0262535792081255,10
100000,16,10,100,10,0.0481552,1252.4,0.035658300000000004,2.130142438e-07,36.66545665240789,0.013729892577066208,368.7019874581036,0.011326827760773192,1.596139649145895e-08,2.6596118418136547,10
100000,16,10,100,50,0.0509666,1245.6,0.0388593,6.600000206e-07,23.411967247956714,0.018310435501829734,369.16337846541603,0.016823553192209757,6.028288508380961e-08,2.017045515974609,10
100000,16,10,1000,1,0.041917499999999996,2262.8,0.029339999999999998,9.56393503e-08,122.93698680783525,0.0061838243336052885,80.22302246446048,0.005866474428668569,1.0345017553545123e-08,12.745035482988657,10
100000,16,10,1000,4,0.0587534,2249.2,0.0443364,1.58740082e-07,64.05834845664643,0.021102617632259114,78.70168712013457,0.016475694281105256,9.47536397256504e-09,3.781292722431399,10
100000,16,10,1000,10,0.0516494,1841.2,0.0377167,2.2227389229999999e-07,38.20568296063911,0.01589070541892685,632.3797733781322,0.00953139627232023,1.8857341188479876e-08,3.126299830901532,10
100000,16,10,1000,50,0.0433799,1410.4,0.0314481,6.509396185e-07,23.145412978590066,0.010582375593934996,661.4655781755473,0.012234470695992986,7.825000473000357e-08,2.6719244405650016,10
500000,2,10,10,1,0.0647256,2204.8,0.0110327,1.84233874e-07,164.74637996401992,0.00023251293870807884,145.98386516628779,1.930486409633032e-05,2.6135928799656913e-09,2.1938538572404958,0
500000,2,10,10,4,0.0551468,1109.2,0.0054995,3.18433424e-07,83.34478189199062,0.00010117729213832765,77.60985046299785,4.034572812303387e-06,2.8993020839244892e-09,0.7514661287124577,0
500000,2,10,10,10,0.053303699999999996,1103.6,0.0048705,4.624403666e-07,50.2638217394655,4.427201272938924e-05,43.30563217155221,6.553201083779147e-06,3.1261117527221557e-09,0.30845767161084703,0
500000,2,10,10,50,0.0522523,1116.0,0.0045916,1.2878565162e-06,28.578630559622884,7.278438477219208e-05,56.37966536497593,2.6331223544174655e-06,1.463646785777882e-08,0.31817291096083755,0
500000,2,10,25,1,0.0647285,2253.6,0.0110213,1.84117945e-07,164.55089661472897,0.0001826729013534537,184.44583667479912,1.4368561359981332e-05,3.025558656345673e-09,2.5581234691237675,0
500000,2,10,25,4,0.0551689,1128.0,0.0055053,3.215085748e-07,84.1257015677478,9.040581348072117e-05,35.276684147527874,9.487418569406112e-06,6.680550979781924e-09,1.695851195754826,0
500000,2,10,25,10,0.0533111,1121.6,0.0048717,4.700747619e-07,51.05903039002963,6.0502433376224844e-05,30.240517338314316,4.1379007023153944e-06,1.2185128529051362e-08,1.2897176866477273,0
500000,2,10,25,50,0.0522137,1128.4,0.0045910000000000005,1.2825331692e-06,28.45508669575447,4.273185124834989e-05,48.16453282470642,4.5946829173633034e-06,9.951673834462378e-09,0.21984118022190713,0
500000,2,10,50,1,0.0647603,2324.8,0.0110187,1.847085194e-07,165.01537630481766,0.00019692753884501655,195.78491600052678,8.152027695951317e-06,3.088980341889906e-09,2.7021650583541152,0
500000,2,10,50,4,0.0552777,1128.8,0.0055287,3.268730645e-07,85.48104852369183,7.299474866956827e-05,47.508595713477646,7.349225204816463e-06,1.6958716160335173e-08,4.289555137317977,0
500000,2,10,50,10,0.0533353,1116.4,0.0049171,5.286015157e-07,57.230894075835806,0.0002708250973106688,63.53861468080301,1.577233865559155e-05,7.664470658881243e-08,8.162928273952597,1
500000,2,10,50,50,0.0521518,1135.2,0.0046354,1.4057223826e-06,31.04963729669684,3.0473303434682675e-05,40.38921748299772,1.992318582288817e-05,1.5348973961728216e-07,3.304211695707941,10
500000,2,10,100,1,0.06486120000000001,2345.6,0.0110759,1.853469749e-07,165.77045168762308,0.00019802008876766892,187.47633924785757,2.0124335737829728e-05,7.431956821431643e-09,6.362408589441749,0
500000,2,10,100,4,0.0536742,1091.2,0.0055303,3.340585433e-07,87.37953114836813,0.0006141023801723407,53.35999333666459,1.3936761938604338e-05,3.773792784755981e-08,9.6259076811985,9
500000,2,10,100,10,0.0525647,1084.0,0.0049029,4.843539787e-07,52.537306781476275,4.4524774626667656e-05,68.24791409103854,1.1522441870830437e-05,2.023217608819084e-08,2.111634916499177,10
500000,2,10,100,50,0.0521513,1102.4,0.0046207,1.3033770937e-06,28.883753160025154,3.6545405547984805e-05,53.90361768935365,1.4929835899968822e-05,2.944847867426152e-08,0.5984158442259732,10
500000,2,10,1000,1,0.1065301,2282.0,0.0110685,1.8450126209999998e-07,164.78652071688379,0.00010434712368926226,181.7470770053813,2.6145957835028623e-05,4.827529883273694e-09,4.1677610075249385,10
500000,2,10,1000,4,0.0533998,1108.4,0.0055087,3.204239769e-07,83.7943434764278,3.134680561432431e-05,73.30787436861367,1.1294541454466472e-05,6.192857280724775e-09,1.500006457947386,10
500000,2,10,1000,10,0.0524417,1097.6,0.0048682,4.615297228e-07,50.20384793203749,1.7474107829713802e-05,53.57279574975012,7.656515018088907e-06,2.518160435085625e-09,0.2654411778042691,10
500000,2,10,1000,50,0.052063899999999996,1102.4,0.0045914,1.2808528663999999e-06,28.424709359463865,6.151684502818841e-05,67.91367069056616,6.003702561290243e-06,9.731160954808463e-09,0.19803534845540774,10
500000,4,10,10,1,0.0408416,2499.2,0.0109869,1.830626343e-07,163.80615724409947,0.0002745117686204203,81.20864759645025,1.7175240577322018e-05,3.6806984105002574e-09,3.120105441330577,0
500000,4,10,10,4,0.0307074,1116.0,0.0055181,3.190443665e-07,83.48216081154233,6.105589424635638e-05,56.881944020537446,1.0671353137150727e-05,2.8531491651664123e-09,0.6806805177900731,0
500000,4,10,10,10,0.0292959,1122.4,0.0049016,4.630834897e-07,50.32997379787157,2.9190751960167202e-05,31.166934045198893,8.208396784864783e-06,6.85532901898231e-09,0.7025414653853008,0
500000,4,10,10,50,0.0284929,1299.2,0.004652,1.2868523175e-06,28.561475038170368,6.698996608116453e-05,604.5333921482106,6.546076008656728e-05,1.792948781430858e-08,0.3881510536620224,0
500000,4,10,25,1,0.0408949,2531.2,0.010987,1.852986564e-07,165.62338073146879,0.00035121833981474024,86.83675617054233,1.1303883305208916e-05,3.8497323115147475e-09,3.185643346367304,0
500000,4,10,25,4,0.0307004,1122.4,0.0055211,3.205974298e-07,83.87908212753953,7.063395469287822e-05,51.74982554989383,9.44516337132987e-06,6.276991410930783e-09,1.5568359694794895,0
500000,4,10,25,10,0.0292728,1122.8,0.0049026,4.7124560080000003e-07,51.186494727121286,3.1639637587473994e-05,42.0391352062443,6.883151732874761e-06,1.9700631040504203e-08,2.0729154516247976,0
500000,4,10,25,50,0.0284772,1129.6,0.0046335000000000005,1.279601722e-06,28.394476736880836,3.0647820295885064e-05,64.19968847276442,7.69198717280962e-06,7.549130996972675e-09,0.15354604219932652,0
500000,4,10,50,1,0.0406753,2457.6,0.0109833,1.843699424e-07,164.90240312686208,0.0003047356048919936,61.59942279671855,1.3904835290086928e-05,3.7839046965469176e-09,2.9886611213212544,0
500000,4,10,50,4,0.0306722,1122.4,0.0055163,3.1714470529999997e-07,83.02700195598435,3.7294026927169843e-05,51.74982554989383,6.000925854492152e-06,3.3579122899539886e-09,0.8081591873897948,0
500000,4,10,50,10,0.0291857,1109.6,0.0049052,4.661466043e-07,50.63995226082967,0.00022117516939194488,66.6453299189073,1.0206751578135888e-05,8.586836402458009e-09,0.901978731421129,2
500000,4,10,50,50,0.0284054,1128.0,0.0046306,1.2789075861e-06,28.383420179448166,1.2375603240066366e-05,63.94442031083626,8.540101482613196e-06,8.330878898412354e-09,0.17403241502242003,10
500000,4,10,100,1,0.0408956,2509.6,0.0109841,1.8465886360000002e-07,165.18885779654926,0.00038313014905004767,89.68488043019167,7.400450436741456e-06,5.244313675300368e-09,4.410712859853278,0
500000,4,10,100,4,0.0295562,1108.8,0.0055184,3.187132016e-07,83.39979837193385,2.2059515457557798e-05,50.97450343063677,7.560129334578596e-06,4.381008835872937e-09,1.1236470814665034,10
500000,4,10,100,10,0.028787300000000002,1110.4,0.0049014,4.652387926e-07,50.55183250377133,2.288157919957989e-05,58.64241923158809,6.9153613226079104e-06,9.312838572943045e-09,0.9647305175797344,10
500000,4,10,100,50,0.0284153,1090.8,0.0046353,1.2852441533e-06,28.506169575874434,1.995021581615408e-05,68.11885038502763,4.9001133773732345e-06,1.5659648795115128e-08,0.33824455747151866,10
500000,4,10,1000,1,0.058728,2464.8,0.010993,1.865779381e-07,166.73278113963315,6.359245238233962e-05,73.55844237369661,1.342468704373489e-05,6.509123781644471e-09,5.524735653198046,10
500000,4,10,1000,4,0.0295705,1129.2,0.0055155,3.174675789e-07,83.1970499469462,3.942432976954454e-05,55.202254382306606,8.017342313870337e-06,2.40473080461953e-09,0.5572622359346406,10
500000,4,10,1000,10,0.0287946,1148.8,0.0049014,4.631745566e-07,50.3533729002571,4.0953089694863305e-05,44.65372946972689,7.720103626247381e-06,7.085639652241703e-09,0.7322979243002063,10
500000,4,10,1000,50,0.0284379,1109.6,0.0046367,1.293047584e-06,28.670343763918844,5.2107687639264236e-05,50.63858871124536,4.547282460742718e-06,1.378493525319306e-08,0.30313310249212866,10
500000,6,10,10,1,0.0345042,2450.8,0.010988,1.835421327e-07,164.18977214154376,0.0005758573897531691,59.00056496904641,1.5202339001322171e-05,2.1308771551285346e-09,1.826289119828063,0
500000,6,10,10,4,0.0225127,1344.4,0.0055483,3.181471708e-07,83.25829592249355,6.603879331288726e-05,506.08896890215306,7.746683878351496e-06,4.15774637884732e-09,1.0295022364961568,0
500000,6,10,10,10,0.0212358,1161.2,0.0049383,4.7313310620000004e-07,51.38916366131425,2.9649058444858718e-05,44.022216613382334,8.11103500725342e-06,2.854456947660578e-08,3.027343831543736,0
500000,6,10,10,50,0.0205897,1127.6,0.0046751,1.3035853043e-06,28.91067860321002,2.5957443804983356e-05,47.08196163193618,1.1009591777677833e-05,4.142665377947751e-08,0.8713435688828468,0
500000,6,10,25,1,0.0345917,2465.6,0.010990100000000001,1.8631405629999999e-07,166.54588256886709,0.0006563126033631637,65.40676145815847,1.911049740616693e-05,9.999093954795955e-09,8.727737358588435,0
500000,6,10,25,4,0.0225494,1372.8,0.0055451,3.211518666e-07,84.02143848268955,2.5863745539525775e-05,479.90665759082776,9.397990328906524e-06,4.6043306679022975e-09,1.1404977235786589,0
500000,6,10,25,10,0.0212234,1110.0,0.0049299,4.647411754e-07,50.509641529559886,2.1567465209327734e-05,67.15156985010353,6.903300337922102e-06,9.568512920839096e-09,1.0028689371973203,0
500000,6,10,25,50,0.0205745,1115.2,0.0046676,1.2977150753e-06,28.72805137655475,2.3439046245290987e-05,62.95818718271146,2.373558041796704e-05,2.6644523994406408e-08,0.45649350223999,0
500000,6,10,50,1,0.0341446,2460.4,0.0109648,1.834959245e-07,164.15859476877029,0.00046626725764903825,54.73004456217606,1.2514880032274596e-05,2.9330666911534442e-09,2.4225379267200386,0
500000,6,10,50,4,0.0225151,1466.4,0.0055303999999999996,3.174478506e-07,83.07741019414382,3.2817508876952744e-05,588.4312855191996,3.134042472944711e-06,2.85677704615258e-09,0.7682064560673663,0
500000,6,10,50,10,0.021928700000000002,1115.2,0.0049249,4.640550477e-07,50.42552381372566,0.002216610477984599,47.508595713477646,6.773313648265354e-06,4.640133509463308e-09,0.5050062210935188,1
500000,6,10,50,50,0.0212243,1110.0,0.0046566,1.3096650174e-06,29.05195740786919,2.157699392099491e-05,50.18189137749017,8.221921916437732e-06,1.1592180011299549e-07,2.504829661977046,10
500000,6,10,100,1,0.0345824,2485.2,0.0109684,1.867892939e-07,167.0444156290322,0.000522371770549162,72.90907579535852,1.3259797216481945e-05,8.727946262904678e-09,7.570046086613153,0
500000,6,10,100,4,0.0585285,1470.4,0.0227536,3.178265572e-07,83.23320773004866,0.02253601918041427,577.2862182468743,0.012508146067441186,4.601244817074051e-09,1.1068410585200164,10
500000,6,10,100,10,0.045701,1122.0,0.0157682,4.63633926e-07,50.396002605200394,0.02151242624882445,53.90526669795613,0.01256408406530297,7.768661633832947e-09,0.8051849380430773,10
500000,6,10,100,50,0.0212194,1109.6,0.0046576,1.2822889099e-06,28.44051287477262,2.7039888231195978e-05,78.77280974775215,5.378971401051852e-06,1.3451852317650098e-08,0.2855268989583962,10
500000,6,10,1000,1,0.0576965,2520.4,0.0109866,1.830456102e-07,163.8840916607173,3.97778553692606e-05,91.51466184898096,1.5756480148391606e-05,2.6421224052844726e-09,2.1980849416287773,10
500000,6,10,1000,4,0.0290918,1238.0,0.00555,3.249012031e-07,85.03403693957748,1.725495098032232e-05,369.9237158598453,1.2418624006798123e-05,2.2421387521716802e-08,5.687555258535987,10
500000,6,10,1000,10,0.0282579,1116.4,0.0049402,4.662166502e-07,50.64965224611405,3.1100017863517466e-05,47.08196163193618,8.202980488145206e-06,8.805997340227094e-09,0.9184175565545563,10
500000,6,10,1000,50,0.021235999999999998,1108.4,0.0046722,1.3130459282e-06,29.093406509738823,2.854236617147661e-05,65.08660896579777,1.1554700823089663e-05,7.809171842157209e-08,1.677024405241239,10
500000,8,10,10,1,0.0329317,2511.6,0.0110094,1.835882805e-07,164.2187201911873,0.0006558094320083473,84.40010531852302,1.2456145292808525e-05,1.9748853357064263e-09,1.6571099956439417,0
500000,8,10,10,4,0.0184398,2235.2,0.0055798,3.313927548e-07,86.68549711737967,6.03578219178482e-05,75.608347569711,1.2434718421509321e-05,3.4367300222777833e-08,8.773394667114902,0
500000,8,10,10,10,0.0172264,1122.4,0.0049657,4.61454425e-07,50.16487075458028,2.2731280454720072e-05,52.296590073668604,6.992853494818927e-06,3.1608026687209622e-09,0.3250666106098648,0
500000,8,10,10,50,0.0166583,1318.8,0.0047238,1.2922737437e-06,28.642064597358218,7.091317069330455e-05,557.1995054636076,7.187767386330747e-05,3.010281523490509e-08,0.5414312877186008,0
500000,8,10,25,1,0.0329833,2482.8,0.0110077,1.834802105e-07,164.24552656231936,0.0008036162779724048,70.85634920190442,1.4537690478354754e-05,3.138084027832951e-09,2.620785520242938,0
500000,8,10,25,4,0.0184719,2220.0,0.0055802,3.317491595e-07,86.76389868579817,6.127433756838549e-05,89.97777503361594,1.5031818105457401e-05,3.7174486071063174e-08,9.441888814132337,0
500000,8,10,25,10,0.0172126,1083.2,0.0049629,4.610000611e-07,50.12552601912207,2.5060814919799868e-05,54.74141231483001,1.031126676127727e-05,3.925850800881119e-09,0.3964468954973775,0
500000,8,10,25,50,0.016630100000000002,1109.2,0.0046958,1.27793468e-06,28.365701789403325,1.1892574714221118e-05,51.64149924667606,7.083627444874425e-06,6.587872138023305e-09,0.13728178656958195,0
500000,8,10,50,1,0.0328984,2468.8,0.0110072,1.826426981e-07,163.48196446642558,0.0009029525888870236,86.17914158567864,8.482662055956242e-06,1.4074551174520984e-09,1.1710252364540286,0
500000,8,10,50,4,0.018463,2266.4,0.0055811,3.610416517e-07,94.26017758894109,5.764064923684033e-05,78.43355291086986,1.938756760859323e-05,5.77472044825647e-08,14.724659894681217,0
500000,8,10,50,10,0.0171922,1115.6,0.0049674,4.851431984e-07,52.666832648426336,0.00010149088629034665,46.96854739551186,1.3566298111291964e-05,6.382594732178313e-08,6.8108517907673205,1
500000,8,10,50,50,0.016668000000000002,1110.0,0.0046984,1.3124050696e-06,29.098463932702476,3.224213943824961e-05,65.43529458769004,1.0844353369380688e-05,8.333774282463276e-08,1.7748019938148425,10
500000,8,10,100,1,0.0328793,2491.6,0.0110168,1.884701681e-07,168.48951254226813,0.0007811231301430294,84.25253045985556,2.2851209547369123e-05,1.3753258398359764e-08,11.925453141872143,0
500000,8,10,100,4,0.0177607,2242.0,0.0055825,3.437385349e-07,89.78764006612346,0.0004178654887241427,82.60750571225353,1.6574746520602372e-05,5.506475435906882e-08,14.112068655950294,8
500000,8,10,100,10,0.0169396,1129.2,0.0049705,4.994817729e-07,54.18165122313551,3.253442621115226e-05,62.908752261597996,1.510886421203702e-05,6.657409949766709e-08,7.115867176809793,10
500000,8,10,100,50,0.0166894,1129.2,0.0047034,1.3361586801e-06,29.61622673556954,3.3450460883720565e-05,46.839679285361846,1.025453829070604e-05,1.2179699331042939e-07,2.6212318847342377,10
500000,8,10,1000,1,0.0349224,2528.4,0.011004400000000001,1.830411198e-07,163.7764462910841,4.437266425777701e-05,84.50535814701666,8.514040691051721e-06,2.7636756462253064e-09,2.2682627335432883,10
500000,8,10,1000,4,0.0175698,2268.0,0.005579,3.359448248e-07,87.8259120632664,4.470595287232121e-05,87.26969691708571,2.292015125022821e-05,5.054923064372449e-08,12.81003673717833,10
500000,8,10,1000,10,0.0169337,1129.6,0.0049706,4.608132969e-07,50.07853962750541,1.973181300449662e-05,63.75508694301272,1.290305734657061e-05,3.081723827268491e-09,0.31166381014373973,10
500000,8,10,1000,50,0.016676,1103.6,0.0047045,1.2854652733e-06,28.472122713278655,4.3838085927396643e-05,60.79327448182259,2.50388586889348e-05,1.7622393745781938e-08,0.28090609842357567,10
500000,16,10,10,1,0.0766638,2500.4,0.0461143,1.853190954e-07,165.7214785625479,0.00895914970915829,82.41790528223288,0.008635228930247174,3.191895673200426e-09,2.7321078954436344,0
500000,16,10,10,4,0.0672583,2262.8,0.0469057,3.269682834e-07,85.51230031770905,0.014882563265259262,95.38786319256997,0.013222205514882068,2.1323185087836864e-08,5.421467940801915,0
500000,16,10,10,10,0.0544155,2252.0,0.0360423,4.719421513e-07,51.25840696822065,0.011509132328044736,80.64186946686635,0.013545757327173207,1.401978934894872e-08,1.4596155740146106,0
500000,16,10,10,50,0.0586677,1478.4,0.0376137,1.2851422751e-06,28.50102329694681,0.018430886848198897,574.3253433377288,0.011575166694744015,1.4225957106701964e-08,0.3088274138826531,0
500000,16,10,25,1,0.0947092,2496.4,0.0546733,1.94511336e-07,173.5815999724474,0.028437850281310333,92.61533350369149,0.01799550739644636,1.2839464073082931e-08,11.218103008519149,0
500000,16,10,25,4,0.0736102,2411.2,0.050421,3.490781213e-07,91.06483099361807,0.02005807757931397,619.5706039938736,0.011750007281321622,8.13476321046079e-08,20.811644827162116,0
500000,16,10,25,10,0.0635677,2211.6,0.0439335,4.961626978e-07,53.84081004186416,0.012915422994320481,78.66553671504865,0.011637150636837372,9.96371373643705e-08,10.631920234695189,0
500000,16,10,25,50,0.0673766,2025.6,0.0461444,1.3862644487e-06,30.662154224412443,0.019671693748463386,1019.4032241136641,0.017899402865272723,2.268312416681778e-07,4.889584173375774,0
500000,16,10,50,1,0.0971848,2507.6,0.056069,1.962092117e-07,175.2782123043579,0.0186955190697902,81.37594512166629,0.013868856357561235,3.1556790497111515e-08,27.73283478758326,0
500000,16,10,50,4,0.0736025,2290.8,0.0508724,3.261891586e-07,85.27233514765724,0.01957305128231161,92.51162089164798,0.01503414232265272,1.3432105594423343e-08,3.4395274608608504,0
500000,16,10,50,10,0.0629527,2222.0,0.0396967,4.708738276e-07,51.153475033890665,0.020230886447596793,80.62533376330572,0.01449404097513488,1.8538788788394038e-08,1.9380747699925172,4
500000,16,10,50,50,0.0668368,1385.6,0.04006,1.2893237168e-06,28.60752130239371,0.02708129803962711,485.94905997325367,0.0166844336433695,2.081922253542182e-08,0.4440597616448758,10
500000,16,10,100,1,0.1051406,2506.4,0.0609716,1.9361070179999999e-07,172.8201387083956,0.02636490292963145,81.30491306734721,0.016387607229583916,1.3420610009455457e-08,11.547104492825305,0
500000,16,10,100,4,0.0824491,2266.4,0.0569154,3.232716671e-07,84.57211501313799,0.017790163726996256,75.40586478812138,0.011425295825978034,9.37301162159008e-09,2.3208934952390345,10
500000,16,10,100,10,0.0604391,2414.4,0.0359251,4.6618384940000003e-07,50.65084612084433,0.017157500222286983,629.732077068406,0.013183745509359454,6.323250020573933e-09,0.6698156014331349,10
500000,16,10,100,50,0.0652009,1303.6,0.0401974,1.2870829385e-06,28.560631366103443,0.017079750950890482,519.7587474545816,0.01111595113339385,1.4985215132344283e-08,0.3201664234899023,10
500000,16,10,1000,1,0.0615895,2762.4,0.0364539,1.907260931e-07,170.44291935873864,0.005581945782809273,679.0744027309853,0.0034976609787431127,1.4635191809881978e-08,12.690086467951584,10
500000,16,10,1000,4,0.0719604,2200.4,0.0458721,3.679615127e-07,95.97279039564822,0.020100558959613258,84.46327275475682,0.012947273273207417,9.163235166169657e-08,23.4489484842125,10
500000,16,10,1000,10,0.0708031,2228.4,0.0473002,4.782245958e-07,51.943276788073135,0.01565928825152805,80.51942484753464,0.012601695298649305,2.7637861686111995e-08,2.927462037949642,10
500000,16,10,1000,50,0.0795964,1710.0,0.0561716,1.3883841897e-06,30.72907393994868,0.011208174518825288,622.1261036870973,0.00970977782329636,2.2629983230559674e-07,4.878709303708851,10
1000000,2,10,10,1,0.1597404,2775.2,0.0243314,2.519848131e-07,186.65729232267188,0.00024583562710794686,87.50974548903427,1.2799305536716498e-05,2.2336920360071268e-09,1.520395339655348,0
1000000,2,10,10,4,0.1414466,2240.8,0.0132792,4.462624728e-07,94.00116619493747,0.00020624537705256989,84.84862337651029,1.3538422688366935e-05,6.244340460039208e-09,1.2700897797289419,0
1000000,2,10,10,10,0.1378848,1154.8,0.0120146,6.488917133e-07,56.35467150710343,0.00011359851329230644,44.98098363629778,5.378971401051591e-06,4.505345674585685e-09,0.36760798779922477,0
1000000,2,10,10,50,0.1357503,1097.2,0.0114566,1.7538854713e-06,30.98016326125496,5.488179216380646e-05,33.786256245862916,8.369255907453339e-06,1.0323812543090442e-08,0.17874332522571157,0
1000000,2,10,25,1,0.1598127,2780.4,0.0243061,2.518384479e-07,186.61939288331567,0.00034521460314161455,92.57693497242653,1.5666312052723914e-05,1.5030255211328036e-09,1.0518873751592321,0
1000000,2,10,25,4,0.1417118,2202.4,0.0132778,4.427513297e-07,93.2774614625737,0.00022354755894688687,95.6883831333076,1.020675157813556e-05,2.5267640200932495e-09,0.45403940346622323,0
1000000,2,10,25,10,0.1379596,1103.6,0.0120196,6.533125979e-07,56.73632546793375,0.0001746108053166606,43.95755528537349,1.1805836597962018e-05,6.905010951873385e-09,0.5795705938617265,0
1000000,2,10,25,50,0.1357993,1084.0,0.0114646,1.7690209465e-06,31.223845721813444,7.90893306472e-05,75.37756813388037,2.3070905198250677e-05,2.18230988090238e-08,0.37220326123349295,0
1000000,2,10,50,1,0.1599867,2752.8,0.024317,2.521335836e-07,186.82511021435027,0.000372028389000384,87.40811048053709,1.2337837015548298e-05,2.366559679203689e-09,1.6268484853380092,0
1000000,2,10,50,4,0.1416064,2181.2,0.0132835,4.459766872e-07,93.93969101553387,0.0002632055386110903,80.53267107895472,1.3648361725049011e-05,3.0398790013441004e-09,0.6133265503809969,0
1000000,2,10,50,10,0.137907,1115.6,0.012016,6.49290912e-07,56.38890749971819,0.000135790688602388,47.57029885688478,7.118052168020789e-06,5.37574417207458e-09,0.4563877975927461,0
1000000,2,10,50,50,0.135476,1122.0,0.0114576,1.7638915753e-06,31.154481428267847,5.8598445182254156e-05,68.74752520798275,8.275801404630645e-06,9.917703221005991e-09,0.16315890438782976,10
1000000,2,10,100,1,0.1598675,2740.8,0.0243189,2.508759381e-07,185.96930654491712,0.0003466629006205726,91.07359661284933,2.127309202829769e-05,3.1645628806059153e-09,2.2144624175117698,0
1000000,2,10,100,4,0.1381263,2218.0,0.013274600000000001,4.458248929e-07,93.97349211337836,6.746859351662311e-05,99.85322561973983,8.408989898383209e-06,6.327011475580877e-09,1.2810142522993782,10
1000000,2,10,100,10,0.13641029999999998,1065.6,0.0120163,6.501611808e-07,56.468579838592476,3.3529588922818305e-05,46.76941070590667,9.54579604968703e-06,4.353996396723735e-09,0.34982802588353823,10
1000000,2,10,100,50,0.1354775,1083.6,0.0114627,1.7607631991999999e-06,31.08814680057504,8.814917911006535e-05,80.27618991124744,1.1832629087025232e-05,1.4970242435580802e-08,0.2651105604668035,10
1000000,2,10,1000,1,0.2732585,2799.2,0.0243082,2.523472527e-07,186.9618935144358,8.593182051939313e-05,83.21965579784087,1.375015151431684e-05,1.6383756104193952e-09,1.141495499150747,10
1000000,2,10,1000,4,0.1381476,2236.4,0.0132784,4.436184938e-07,93.43246445781182,8.425780544125836e-05,101.007370468144,8.871928263410811e-06,3.863970093954428e-09,0.7984191665544851,10
1000000,2,10,1000,10,0.1364854,1148.8,0.0120165,6.507917385e-07,56.521415933434284,0.00011387927330681713,44.65372946972689,8.514693182963058e-06,7.72918616945154e-09,0.6352776663956482,10
1000000,2,10,1000,50,0.1357795,1122.8,0.011510600000000001,1.8702954465e-06,32.95048860754721,0.00013146799357004286,43.371265449219564,2.1659998974043102e-05,1.3227529043392434e-07,2.288163517707929,10
1000000,4,10,10,1,0.09655949999999999,2719.6,0.0242196,2.52016808e-07,186.62503561067345,0.0005680501249400816,63.59454903265426,2.7480093805436e-05,2.521878561807615e-09,1.8406913685342843,0
1000000,4,10,10,4,0.078054,2251.2,0.0132874,4.431529976e-07,93.32325571500294,0.0001024489032531719,92.08305429821976,8.694826047713718e-06,4.01339658913802e-09,0.8216641345747616,0
1000000,4,10,10,10,0.0753264,1128.8,0.0120467,6.517666265e-07,56.588095821085346,6.119041319248263e-05,56.78184373351906,1.9014906433287198e-05,5.654530935212514e-09,0.49429311899974504,0
1000000,4,10,10,50,0.073704,1147.2,0.0115061,1.7597304204e-06,31.05856516545341,4.17638865794632e-05,44.41421193967334,2.7525543692278954e-05,1.3496869219226878e-08,0.1756258144582325,0
1000000,4,10,25,1,0.096173,3134.8,0.0242497,2.517404446e-07,186.52074911586175,0.0005797637449858344,835.2182416058159,8.727103375882154e-05,2.85851994483968e-09,2.045303474724472,0
1000000,4,10,25,4,0.0780016,2248.8,0.0132774,4.414857535e-07,93.04011411612947,0.00011635214747576497,89.3592002351558,1.3099618315050528e-05,4.2679320701241136e-09,0.8257359266674179,0
1000000,4,10,25,10,0.0753228,1128.0,0.0120427,6.49828217e-07,56.43700444729496,4.857022407470057e-05,56.881944020537446,1.2910374811668944e-05,2.3839919848753052e-09,0.21027321835834034,0
1000000,4,10,25,50,0.0737055,1135.2,0.0114937,1.7527651915e-06,30.96435387407193,1.6926310879809373e-05,65.17804674718151,8.564137110325051e-06,7.3904627851881795e-09,0.1180575434618163,0
1000000,4,10,50,1,0.0960944,2758.4,0.0242073,2.508273343e-07,185.7839549876983,0.0004099751211963962,87.76129240413705,1.576952053100408e-05,2.003938859184194e-09,1.4557507373145577,0
1000000,4,10,50,4,0.07809250000000001,2252.0,0.013279,4.421082644e-07,93.19324237807172,0.000116600219172655,81.4534631962734,1.2970050972229248e-05,3.885522274210092e-09,0.8022664572295638,0
1000000,4,10,50,10,0.0753382,1254.4,0.012063,6.497207121e-07,56.43498109736727,9.865180068188134e-05,578.1601469796717,6.697097215294944e-05,5.199409489049048e-09,0.4424269593337439,0
1000000,4,10,50,50,0.0736407,1123.2,0.0115079,1.7595449734000001e-06,31.04007481700227,5.470334135640843e-05,61.76082900998011,3.079123251836466e-05,1.3668179017955194e-08,0.1808094650877352,10
1000000,4,10,100,1,0.0962505,2772.4,0.0241978,2.511881703e-07,186.14392706541906,0.0005210662679118228,83.48945375847711,1.5068731421943566e-05,2.5608456556204695e-09,1.6876101490225772,0
1000000,4,10,100,4,0.0758892,2211.2,0.0132723,4.4127935720000003e-07,93.03566868408856,5.229361550153407e-05,62.76021386550913,1.3556876074114168e-05,2.378014530769254e-09,0.47194083553105737,10
1000000,4,10,100,10,0.0744206,1129.2,0.0120412,6.488484485e-07,56.35556549276492,7.571173400911248e-05,70.9816877793139,1.0706176825656665e-05,3.868658913841799e-09,0.3186887661128744,10
1000000,4,10,100,50,0.0736439,1135.2,0.0115103,1.7700347866999999e-06,31.225023366392747,3.5948883462801724e-05,59.23362408482384,2.2910696191953824e-05,1.76119820726245e-08,0.2511124792577292,10
1000000,4,10,1000,1,0.1488323,2748.4,0.0242105,2.51345048e-07,186.26333559712467,8.204612523859096e-05,94.9844431706816,2.7789886249817177e-05,2.2827780684707128e-09,1.5605007921953638,10
1000000,4,10,1000,4,0.0760411,2464.0,0.0133706,4.668323502e-07,98.24921662476649,0.00010124826473135828,658.3372995661115,9.164448216401838e-05,3.5027297312927e-08,7.202366134365332,10
1000000,4,10,1000,10,0.0745285,1134.8,0.012107,7.212999635e-07,62.48411016510696,5.801005659940713e-05,58.84971443336738,2.7776888874666112e-05,8.401656928243537e-08,7.1498494097841805,10
1000000,4,10,1000,50,0.0738079,1140.4,0.0115914,1.9630589916999998e-06,34.47378178040696,0.00010773676768453344,60.79327448182259,5.308944234863343e-05,1.26924769046596e-07,2.247385672312891,10
1000000,6,10,10,1,0.0874567,2737.6,0.0303177,2.533582006e-07,187.4831265519208,0.021958968696943245,78.09282226228534,0.012830331121127693,2.2750981295601325e-09,1.4012182607335717,0
1000000,6,10,10,4,0.0568534,2421.2,0.0133323,4.4086206800000003e-07,92.90691137804114,9.467042246070729e-05,630.321399499229,7.535405319777637e-05,3.674280016309837e-09,0.7197170582566771,0
1000000,6,10,10,10,0.0543231,1320.8,0.012088400000000001,6.540533561e-07,56.76851054791728,8.232786756486374e-05,557.0646880449941,7.531002589297129e-05,1.2797581750008645e-08,1.0604500195274662,0
1000000,6,10,10,50,0.0530083,1103.2,0.0115171,1.7587410141e-06,31.064321045725908,1.4537690478354495e-05,51.52949532926641,6.607235091591139e-06,8.283540509684463e-09,0.14690671863357455,0
1000000,6,10,25,1,0.0769461,2974.8,0.0241815,2.5245512399999997e-07,186.92944053451342,0.0005743466723155983,629.364547248519,7.960771877706883e-05,2.855866221509723e-09,2.0607636843371178,0
1000000,6,10,25,4,0.0567216,2217.2,0.0132849,4.410748872e-07,92.97727172799775,0.00010359129092523005,93.88503608136922,1.3787675656179414e-05,2.859255415383125e-09,0.5977947109038341,0
1000000,6,10,25,10,0.0543137,1097.2,0.0120646,6.534984485e-07,56.748190110400046,7.293688291179442e-05,75.44946800489863,1.4698450409633278e-05,9.860464473422562e-09,0.8294515513680377,0
1000000,6,10,25,50,0.0591461,1096.0,0.0155418,1.7603998999e-06,31.09505819303528,0.0133829935569156,53.26662494783515,0.008482395243483215,1.2820943835342074e-08,0.20936861496980283,0
1000000,6,10,50,1,0.0768813,2771.6,0.024166,2.524294006e-07,186.90327084716034,0.0007677666095023066,93.77893627509799,1.4847371634213934e-05,2.5722858486607697e-09,1.8920159256341678,0
1000000,6,10,50,4,0.0567565,2201.2,0.0132772,4.397462438e-07,92.6937327177143,7.947920762340548e-05,65.21213247718727,7.743097284391999e-06,2.3070817521521622e-09,0.4604506997287301,0
1000000,6,10,50,10,0.0542986,1122.8,0.0120595,6.523244742999999e-07,56.64438440571345,6.660864141469288e-05,60.370706656641204,1.0069204977995477e-05,1.3649819978067872e-08,1.1620575069190335,0
1000000,6,10,50,50,0.0548638,1103.2,0.0115274,1.7687432818e-06,31.211007705446196,3.7638042220899975e-05,60.65714210947371,1.4151560573543521e-05,2.1319609292186695e-08,0.36648399902416984,10
1000000,6,10,100,1,0.0767471,2757.2,0.024151,2.512837107e-07,186.18419052081043,0.0008105646111747602,103.69270841181542,1.884439203346975e-05,2.424204240468478e-09,1.7183949892197181,0
1000000,6,10,100,4,0.0748823,2237.2,0.0132746,4.396929315e-07,92.71107478592134,4.211637316874265e-05,93.29618308257727,1.0606077922063653e-05,2.0794299267345734e-09,0.4733562766161742,10
1000000,6,10,100,10,0.0964501,1121.2,0.0245342,6.506615074e-07,56.518844362774075,0.027799040324962457,59.897690550916344,0.014274835214460446,8.600737564171894e-09,0.6970337802953742,10
1000000,6,10,100,50,0.0548427,1141.6,0.0115303,1.7541940788e-06,30.986350593576514,2.2997825984210577e-05,42.71663740407373,1.5832807008795876e-05,6.504002090381665e-09,0.11212681739059718,10
1000000,6,10,1000,1,0.1467526,2784.4,0.0242034,2.528373876e-07,187.30209239600134,6.700116085229907e-05,101.55151949188703,2.3880256838372556e-05,2.8865171590372555e-09,1.972534793830506,10
1000000,6,10,1000,4,0.0749142,2178.4,0.0133098,4.424656451e-07,93.23646759335877,3.141761713858393e-05,64.88828005802657,9.886017061148973e-06,5.313412265779817e-09,1.0654644882070317,10
1000000,6,10,1000,10,0.0732902,1121.6,0.0120839,6.52635673e-07,56.64965000036676,2.914256146752997e-05,66.6453299189073,2.3792856070677893e-05,8.21193559860031e-09,0.6211522741090102,10
1000000,6,10,1000,50,0.0548529,1155.2,0.0115392,1.7617679593e-06,31.08968405950073,2.5392256037357657e-05,45.2862500594214,1.408545348932732e-05,2.509044498658881e-08,0.43054905315090214,10
1000000,8,10,10,1,0.0699403,2806.0,0.0241555,2.512237606e-07,186.1926927286331,0.0012762457138898516,75.38346414610214,1.3930382462644988e-05,2.523788276234243e-09,1.7362761970806737,0
1000000,8,10,10,4,0.0460868,2272.8,0.0133016,4.512363477e-07,95.10514838717533,9.630022499108452e-05,83.85808117157093,9.901739465590964e-06,1.6705114063532288e-08,3.463757502039834,0
1000000,8,10,10,10,0.0438107,1595.2,0.0120936,6.534245793e-07,56.7246646995613,4.6009781568706184e-05,614.7571878392314,7.763160868271764e-06,1.49375205016385e-08,1.2727056281929352,0
1000000,8,10,10,50,0.0426908,1103.6,0.0115622,1.7915347589e-06,31.602312449684366,3.7117830396366236e-05,67.867845438355,3.0010368578579806e-05,4.723170039869293e-08,0.8012959575824922,0
1000000,8,10,25,1,0.07007050000000001,2943.2,0.0242076,2.526355347e-07,187.03748132442792,0.0013005072728234437,621.246918168077,7.709907046564602e-05,3.6111342175250494e-09,2.5037351044588783,0
1000000,8,10,25,4,0.0462284,2249.2,0.0133455,4.631055786e-07,97.4990640408139,0.00011877167638419136,87.67718568070538,2.2036585740788213e-05,2.9377542135647975e-08,6.068850230982862,0
1000000,8,10,25,10,0.0438367,1474.8,0.0121106,6.538037026e-07,56.77690055073202,3.583930182851743e-05,595.7868373466769,1.298888413648804e-05,9.194839888343832e-09,0.7844842571668204,0
1000000,8,10,25,50,0.0427155,1135.2,0.0115829,1.7800269836e-06,31.39411205979226,2.9090853850957526e-05,41.087440633091006,2.4524137769416997e-05,5.398028483581371e-08,0.9156006796816356,0
1000000,8,10,50,1,0.0701728,2756.4,0.0242041,2.5209537640000003e-07,186.76466970175508,0.001527769092500566,91.33965914833125,2.0008053933908777e-05,1.8193514527818353e-09,1.296843865779968,0
1000000,8,10,50,4,0.0462001,2618.0,0.0133747,4.494826757e-07,94.7025656890767,0.00014440640952226216,941.8247065021058,8.497064852707144e-05,2.247571898252682e-08,4.545469248239192,0
1000000,8,10,50,10,0.0439004,1538.8,0.0121358,6.643774274e-07,57.67580508097498,0.00010119200671111309,689.5951791530383,5.995887479486793e-05,3.2882188341138116e-08,2.7680312005426386,0
1000000,8,10,50,50,0.0427547,1096.0,0.011573,1.781228563e-06,31.439040188101444,1.135341358358829e-05,68.66343034444658,1.1595018087283768e-05,5.3897731881723295e-08,0.9125569977112704,10
1000000,8,10,100,1,0.0704745,2757.6,0.0241976,2.527857415e-07,187.17998240861365,0.001162414082846555,89.54601548304028,3.562209052446715e-05,1.5075768890656855e-09,0.9845136157096454,0
1000000,8,10,100,4,0.044923,2238.0,0.0133305,4.561304607e-07,96.03917641356983,0.0007024014363437601,68.618105806299,3.076524012583021e-05,2.5447078721724654e-08,5.16120162000703,8
1000000,8,10,100,10,0.0433565,1342.4,0.0121108,6.58056754e-07,57.15015419812578,1.7576815537646115e-05,480.2340170282725,1.4265732056613965e-05,2.16806894383643e-08,1.8686360550382972,10
1000000,8,10,100,50,0.0427886,1344.4,0.0115948,1.7873056591e-06,31.544816149763122,6.806402214908582e-05,567.8167153423913,6.833869897633223e-05,6.552957776373891e-08,1.115360881139153,10
1000000,8,10,1000,1,0.0865446,2776.4,0.0241928,2.528914915e-07,187.33746987276405,5.721149845577848e-05,91.28125035661303,2.231989645535501e-05,1.753075396417849e-09,1.1880491888189688,10
1000000,8,10,1000,4,0.0445799,2158.4,0.0133254,4.440095679e-07,93.59293980079907,3.221266141683287e-05,44.14924184576169,1.4276632033579268e-05,1.5073675870370563e-08,3.0523689764229633,10
1000000,8,10,1000,10,0.0433563,1331.6,0.0120992,6.479533873e-07,56.29886145661866,3.1920213031869705e-05,529.8903869879338,9.34285228872254e-06,4.85207150621692e-09,0.38764829846241167,10
1000000,8,10,1000,50,0.0464888,1122.8,0.0135831,1.7975387946e-06,31.723460126322937,0.011759217205617425,60.84004529182331,0.006354411196606304,9.139483711885387e-08,1.5688667597606956,10
1000000,16,10,10,1,0.1293178,2964.8,0.0640579,2.551488779e-07,188.9179210914934,0.027033071485784883,627.1198361468794,0.019218867699621524,5.463121407628005e-09,3.842841938961757,0
1000000,16,10,10,4,0.0957534,2390.4,0.055722,4.426929644e-07,93.30206221095327,0.02611103091373027,632.9758991374703,0.018965181160338136,4.830101217216861e-09,0.9410318367339346,0
1000000,16,10,10,10,0.093539,2260.8,0.0531086,6.546337163e-07,56.83749702383024,0.025601682518494318,83.70955076267515,0.021430109146815948,6.508872138428766e-09,0.5463312005909994,0
1000000,16,10,10,50,0.0774466,1784.4,0.0422093,1.7621607747e-06,31.10096708192595,0.014544853715318003,614.2498948582192,0.01362548665838317,1.1970520323505857e-08,0.18403267034680873,0
1000000,16,10,25,1,0.1352382,2814.4,0.0721904,2.544207734e-07,188.3660206004813,0.021971130713835475,77.8191635924097,0.017072480599556183,2.689986710281807e-09,1.9168285163742451,0
1000000,16,10,25,4,0.09796060000000001,2456.4,0.0555289,4.518904037e-07,95.1040462302084,0.02941747092082829,694.6818936270998,0.015474958714358854,1.164923840116722e-08,2.3471503592694036,0
1000000,16,10,25,10,0.0752771,2212.0,0.0379992,6.510027759e-07,56.54450747312335,0.006289551802615013,78.4743411709982,0.0026884570461305295,6.740082595999846e-09,0.5716804562165976,0
1000000,16,10,25,50,0.0740798,2032.8,0.0384246,1.7742189705e-06,31.27282969808606,0.00996986220566764,452.5318405003859,0.004658550089172955,1.8107921569908573e-08,0.26650171062769423,0
1000000,16,10,50,1,0.1266325,2816.0,0.0624667,2.529038282e-07,187.31667321851336,0.029035441738407296,92.77930803794561,0.01946388761584443,3.2319301702222905e-09,2.16610126011181,0
1000000,16,10,50,4,0.08660040000000001,2236.0,0.0465856,4.427169622e-07,93.29699844707085,0.024021273632622676,82.92432962915314,0.01756816464960286,2.019347343208295e-09,0.4044485467673316,0
1000000,16,10,50,10,0.0876108,2422.4,0.050630299999999996,6.522908201e-07,56.59936172228392,0.01637483660851477,641.96420807117,0.014654509128213367,6.313303376483563e-09,0.5196676670634284,0
1000000,16,10,50,50,0.0779043,2138.4,0.0377277,1.7607689405e-06,31.08641597613621,0.003967266258605119,409.8528733311233,0.004754272559147893,1.7996978463242192e-08,0.31832554953046605,10
1000000,16,10,100,1,0.1074,2744.4,0.049455,2.519023715e-07,186.59659486649682,0.0071335910078071255,93.03667138404201,0.006260770666086831,2.3631200331871153e-09,1.655401531470675,0
1000000,16,10,100,4,0.0836338,2201.6,0.0446528,4.585182809e-07,96.52594403210325,0.009121702238800244,84.60522705155068,0.008948261231472104,2.9041424376040655e-08,5.974570746885962,9
1000000,16,10,100,10,0.1010896,2254.0,0.054175100000000004,6.560418706e-07,56.95489068213458,0.02721591182949987,72.08020224413605,0.018326444490286586,6.524294158087652e-09,0.5388183401897062,10
1000000,16,10,100,50,0.0911446,2052.8,0.0478557,1.7721496814e-06,31.27226644808665,0.024036073524785383,1015.1524023514893,0.015809946679578368,1.7513227066672748e-08,0.29486620183132317,10
1000000,16,10,1000,1,0.0988095,2754.0,0.0556436,2.529432367e-07,187.41875154644623,0.010570967938966926,96.4295943508354,0.00961300022770091,2.7774643576051682e-09,1.9376534382534703,10
1000000,16,10,1000,4,0.12121989999999999,2270.4,0.0686431,4.812240063e-07,101.03227988238595,0.024265535525148055,70.4827796147557,0.01295756181154464,5.299383980512332e-08,10.659871934723002,10
1000000,16,10,1000,10,0.1188301,2236.8,0.0680468,6.907953955e-07,59.88859821713682,0.020053028784533605,62.56161407409143,0.009489772433754377,4.458906285640888e-08,3.7788327835882924,10
1000000,16,10,1000,50,0.0999323,2321.6,0.0558531,1.774044633e-06,31.306556703887235,0.021451240907125992,46.19571889736585,0.017859308089434298,1.447632933289029e-08,0.25238778351878843,10
5000000,2,10,10,1,1.3971596,5891.6,0.1647243,5.210715778e-07,234.49277043483323,0.0007577871586255579,88.33169809807173,0.0001984965994670979,3.8750623176659515e-10,0.16335773014589783,0
5000000,2,10,10,4,1.3112771,3001.6,0.1098145,9.354301466999999e-07,113.64546907892615,0.0021768446813373254,96.00370363226156,3.9618317873315044e-05,1.2442825503406553e-09,0.13932037100901667,0
5000000,2,10,10,10,1.2972795000000001,2277.6,0.1039755,1.4140298727e-06,69.5781947121636,0.0017971842328116266,172.47170460365052,0.0004250166663398828,1.6088746556091448e-08,0.5152448479374254,0
5000000,2,10,10,50,1.2860432,1115.6,0.10101,3.6946043104000002e-06,36.76008001908099,0.0019507186026351236,63.00476172480934,0.0003275684830857687,2.66066695985518e-08,0.14777838552927186,0
5000000,2,10,25,1,1.3960664,5829.6,0.16457149999999998,5.199410315e-07,234.1169572529816,0.001618256757542867,86.84494484104671,0.00024816761808637867,3.807467739284858e-10,0.13974526681000762,0
5000000,2,10,25,4,1.311645,2990.8,0.1098678,9.367251536e-07,113.7815492255467,0.002479498157109873,74.64404419197378,7.687478997261457e-05,2.0828797874285257e-09,0.1999850930926525,0
5000000,2,10,25,10,1.2965399,2236.8,0.1038473,1.410268274e-06,69.52584421915394,0.0027698158161790012,181.17444018894545,0.00040456150473211136,2.065359880151909e-08,0.7419240157338824,0
5000000,2,10,25,50,1.2887559,1129.2,0.101214,3.7317200196e-06,37.06746001564179,0.0032653387930402255,56.22336406394291,0.00045326102364482736,5.4981457645845593e-08,0.38304975379561834,0
5000000,2,10,50,1,1.4014221,5842.4,0.1650442,5.238030823e-07,235.28496739862155,0.002499041525154064,73.90564555190926,0.0002626014301391207,1.2222929447411749e-09,0.4615647828238024,0
5000000,2,10,50,4,1.3142568,3034.4,0.1100884,9.438559379e-07,114.47833138944657,0.0006156053569906623,96.05924098064578,9.297215831754063e-05,5.745757896184129e-09,0.6095356897628985,0
5000000,2,10,50,10,1.2965995,2240.8,0.1037916,1.410276103e-06,69.57403298583314,0.0005041735261241692,144.46591293450507,3.371185086714753e-05,2.3547033308581096e-09,0.11276803872365718,0
5000000,2,10,50,50,1.2847036,1122.8,0.1009336,3.7011010856e-06,36.87162251170646,0.0005118259686868826,42.0391352062443,5.3676396633489506e-05,7.903229470732816e-09,0.0636398400434428,10
5000000,2,10,100,1,1.3985064,5906.4,0.1650273,5.232242644e-07,235.23885720467422,0.0013564436507933647,81.10788425849172,0.00027572734116635555,1.5081541942821702e-09,0.5704579341837621,0
5000000,2,10,100,4,1.3128616,3058.0,0.1100592,9.411686073e-07,114.2134441974298,0.0004741577796472458,97.36529155710468,0.00013804170062380188,5.523375518003337e-09,0.5509838392938031,0
5000000,2,10,100,10,1.2880673,2537.6,0.1036974,1.4004461842e-06,69.16725228557695,0.0006406887006269587,653.2059739809829,6.307526368465648e-05,7.876617429424093e-10,0.05064265531210216,10
5000000,2,10,100,50,1.2841687,1134.8,0.100881,3.6852102896e-06,36.732967140364025,0.0005379682043475103,57.87496100310661,5.3360409793529016e-05,5.270733117340869e-09,0.03711969608570908,10
5000000,2,10,1000,1,2.5321634,5859.2,0.1648583,5.211454006e-07,234.39633611903827,0.0006165847152752945,86.57020272588022,0.0003418287582986511,8.584355609311203e-10,0.514122963868406,10
5000000,2,10,1000,4,1.2986636,3017.6,0.1100651,9.439444321999999e-07,114.53772331151343,0.0006014015482373265,95.4092937471677,4.995653666493939e-05,3.1794855999776975e-09,0.35332338151055515,10
5000000,2,10,1000,10,1.2884347,2290.0,0.103742,1.4062719922e-06,69.40501821513448,0.0008707121032044144,215.04521488385748,4.911664121704957e-05,3.808827955093248e-09,0.17067532758130768,10
5000000,2,10,1000,50,1.2838926,1129.6,0.1009156,3.6987706304e-06,36.85007986418121,0.0008222324894253552,20.586943003326702,6.766945807050396e-05,1.0245369998176618e-08,0.0897366388747329,10
5000000,4,10,10,1,0.7903399,5909.2,0.1640227,5.216674034e-07,234.67698788082322,0.0006514828299945939,79.84540618525833,0.00021772053953022822,7.612271042839222e-10,0.37603635938126084,0
5000000,4,10,10,4,0.7128869,3006.4,0.1097296,9.374441495e-07,113.87547206900801,0.001196179515513182,98.72430748751236,5.329832184141665e-05,2.1987321181855788e-09,0.22145059922677351,0
5000000,4,10,10,10,0.6999788,2505.2,0.103515,1.3952362199999999e-06,68.94563291403725,0.00043508716878854463,71.95183574215926,4.352011029397677e-05,1.3484335408919883e-09,0.06354157394522157,0
5000000,4,10,10,50,0.6923007,1103.6,0.1008312,3.6774556807e-06,36.66244746254143,0.000157081047728727,31.96942984234227,8.876285509403272e-05,1.122432848185554e-08,0.10143911242517786,0
5000000,4,10,25,1,0.7907498,5870.4,0.163585,5.198709294e-07,233.97560115668173,0.0018908736840119538,88.1049878774686,0.00010430617324865356,3.7525973787030816e-10,0.40392029677941577,0
5000000,4,10,25,4,0.7129361,3072.8,0.1096774,9.359205255e-07,113.72062043782952,0.0006963773641735793,71.59888267284623,3.3123338532754084e-05,6.966844274459001e-10,0.09919647871803092,0
5000000,4,10,25,10,0.7002928,2459.6,0.1036136,1.4001351332e-06,69.14910079724861,0.0004947679141667284,54.14219960232293,0.00010141246909965502,5.097667999158901e-09,0.18044768301729874,0
5000000,4,10,25,50,0.6936874,1127.6,0.1010015,3.696126518e-06,36.80406702726209,0.0010081339417182952,56.425368605107245,0.0003314135550101182,2.54228788262914e-08,0.13523720360075248,0
5000000,4,10,50,1,0.791341,5880.0,0.1641109,5.227315257e-07,234.9342869029476,0.0009822917647578705,89.0243412406592,0.00026493246518897854,1.8167163166080672e-09,0.40582249715364216,0
5000000,4,10,50,4,0.7131529,3038.0,0.1098359,9.395128204e-07,114.05029274809269,0.0002700228179658467,108.94647003612982,6.52183512006664e-05,1.4861775469513388e-09,0.12575037285045187,0
5000000,4,10,50,10,0.7006297,2485.2,0.1036555,1.4014736156e-06,69.19942792486749,0.0004920569185684714,97.10566981958938,3.2826987542434425e-05,8.559233715350407e-10,0.04610600676543183,0
5000000,4,10,50,50,0.6924783,1104.0,0.1009266,3.691201291e-06,36.78447466832698,0.0003415543067280187,67.14495099740891,5.826987023992565e-05,1.2213615349692997e-08,0.10871341718018626,10
5000000,4,10,100,1,0.7910866999999999,5817.6,0.16404770000000002,5.216031642e-07,234.66366028549868,0.0010399205151249817,86.00155037362214,0.00022609243439108715,4.22686877781447e-10,0.18643252298259444,0
5000000,4,10,100,4,0.7128123000000001,2994.0,0.1098097,9.40872661e-07,114.22198250755042,0.0004085247306535647,82.97255235585105,4.6152043412085194e-05,2.147078942804739e-09,0.26625649482380653,0
5000000,4,10,100,10,0.6964672,2480.0,0.10366639999999999,1.4032090555e-06,69.27164594780685,0.0006495839352145892,61.217281510661316,4.6279825218145724e-05,1.4985252738521253e-09,0.058933674597674006,10
5000000,4,10,100,50,0.6922944,1147.6,0.1009585,3.6859625777999998e-06,36.72402290367319,0.0006315397761731885,68.83022591855993,0.0001307433873407502,1.5565944344906043e-08,0.11779680598174903,10
5000000,4,10,1000,1,1.3494285,5852.4,0.1640528,5.215309501e-07,234.4355820376266,0.00023463269166936114,102.50983692634901,8.237826034687835e-05,1.1981151395571894e-09,0.468733151471421,10
5000000,4,10,1000,4,0.7044459,3002.0,0.1098246,9.413768142e-07,114.29037781173213,0.0006225659179735179,95.18636690432325,7.540586478812112e-05,5.029574577836631e-09,0.5576427651991198,10
5000000,4,10,1000,10,0.6962238000000001,2466.8,0.1036836,1.4043104695e-06,69.31263843047618,0.00039103475264709245,92.45395250249355,0.00013681634080442052,4.945551074313589e-09,0.16780475086811134,10
5000000,4,10,1000,50,0.692631,1122.8,0.1009306,3.6923740865e-06,36.79293767961699,0.0004226314391208169,52.83264983785017,8.214918678166525e-05,8.667964902106974e-09,0.06240874734180719,10
5000000,6,10,10,1,0.6139913,5872.0,0.1707968,5.211849202000001e-07,234.51830672424265,0.04469536032607609,113.87322385491294,0.009914842507854345,8.768098338660362e-10,0.34784912692647185,0
5000000,6,10,10,4,0.5162443,3054.8,0.1117627,9.372441513999999e-07,113.85633075138345,0.010503059977930251,94.43257441747053,0.0064333751475325026,8.347055363087582e-10,0.09916791011735701,0
5000000,6,10,10,10,0.5018145,2491.6,0.1036572,1.3997068151e-06,69.12393165633755,0.0002324666045311025,72.20834054625854,5.0900338352947565e-05,1.430298853091914e-09,0.05726059855533579,0
5000000,6,10,10,50,0.4956555,1091.2,0.1009535,3.6848780733e-06,36.72879295683395,0.00013491993510556468,75.81966909860674,4.7225816856647925e-05,6.103724645680749e-09,0.057129183110082624,0
5000000,6,10,25,1,0.591168,5881.6,0.163636,5.210652404e-07,234.49145983284166,0.0017217286532887773,76.31979501486565,2.9397656747130698e-05,4.1989671338853085e-10,0.16220365229600164,0
5000000,6,10,25,4,0.5128506,3022.4,0.1097659,9.374441844e-07,113.86277540145906,0.0002972399703942844,73.3987586937121,2.6206233355191307e-05,7.208080627153134e-10,0.0801666272869679,0
5000000,6,10,25,10,0.5018609,2489.2,0.1036425,1.399910842e-06,69.14274097413572,0.0002818062573234666,79.68939703624315,3.8939411625984235e-05,9.994605242665223e-10,0.0605128325866474,0
5000000,6,10,25,50,0.495585,1142.0,0.1009157,3.6820197573e-06,36.713862683670826,0.00021378909648945584,43.174066289845804,6.355234063352976e-05,6.967187502909904e-09,0.059424026799547815,0
5000000,6,10,50,1,0.5905748,5873.6,0.1637158,5.209913625e-07,234.41845591308365,0.0012864655110460844,63.838685589364836,0.00019764210077815225,7.656617746118851e-10,0.3064052419825968,0
5000000,6,10,50,4,0.5588743,3008.8,0.1224606,9.396756818e-07,114.08970724423322,0.048755704192888494,105.3721447484528,0.011018809173408894,2.7869349733241477e-09,0.2933223131938345,0
5000000,6,10,50,10,0.5018726,2503.2,0.1036697,1.4006234384e-06,69.16285124526526,0.00035539436624061236,71.05052975015583,5.924159574713129e-05,2.4702465018117745e-09,0.09785142716506326,0
5000000,6,10,50,50,0.5145688,1116.8,0.1009567,3.6879497303e-06,36.75893445757192,0.00010855495280169101,36.211723086438305,8.780287264346369e-05,8.352501469766974e-09,0.05636675232425699,10
5000000,6,10,100,1,0.6053212,5864.0,0.1736666,5.211900681e-07,234.51049138922795,0.016734987254252685,92.26050075736637,0.010952136718974576,6.142744634816538e-10,0.22082078700811897,0
5000000,6,10,100,4,0.5125422,2978.0,0.1097375,9.371560897000001e-07,113.83589852278486,0.0002269619645080323,71.28658904575093,3.452937557758208e-05,1.394169190175756e-09,0.1599181973339137,0
5000000,6,10,100,10,0.701782,2478.4,0.1076968,1.4016551825e-06,69.2209781979686,0.02424849225095128,80.20418387535098,0.008551728971383506,5.890288202222081e-09,0.25408431038596974,10
5000000,6,10,100,50,0.5144608,1128.0,0.1009168,3.6862584510999998e-06,36.75216886237133,8.382362435495555e-05,46.418387161411225,9.852670252835537e-05,1.511940865584293e-08,0.11955715706850253,10
5000000,6,10,1000,1,1.3376224,5807.6,0.1636737,5.206323687e-07,234.2209023074655,0.000294720281698482,69.19087929617442,0.00025789879582674793,5.978004167923558e-10,0.325165486864229,10
5000000,6,10,1000,4,0.6983585,3034.8,0.1096133,9.353831508e-07,113.66842135724292,0.00013935825136038145,90.03801666209915,5.122076401877003e-05,5.63311989193428e-10,0.08431854216690977,10
5000000,6,10,1000,10,0.6899249,2512.8,0.1035211,1.3961150563e-06,68.98708816220821,0.0002239426761969055,78.7412076220436,4.574433784026585e-05,1.621480730464792e-09,0.06569848731375483,10
5000000,6,10,1000,50,0.5142804,1122.4,0.10084989999999999,3.6808969776e-06,36.70392879236743,0.00013585138939296789,60.375123648366596,8.244654834092943e-05,9.356418359000264e-09,0.07166700309328637,10
5000000,8,10,10,1,0.5466721999999999,5804.8,0.18029109999999998,5.214344347e-07,234.54156244333097,0.05123826537266849,52.18088198223986,0.01591251383485477,2.3168142320773553e-09,0.6509801884155008,0
5000000,8,10,10,4,0.4122584,3054.0,0.1095918,9.357220444e-07,113.70375602287362,0.00028490747035953186,85.71269839800091,4.2577511017490235e-05,8.808065441571385e-10,0.09185589117599689,0
5000000,8,10,10,10,0.4021647,2476.0,0.103563,1.3976704042000001e-06,69.04424012666219,0.00018454210600533626,78.22474743398736,5.492621313078851e-05,2.2959812131056777e-09,0.07934429167341765,0
5000000,8,10,10,50,0.3967359,1236.4,0.1008544,3.6788661367e-06,36.695006992605215,0.00011740286765378122,390.71649284075244,6.962630409710266e-05,4.737058032768453e-09,0.03395412725644415,0
5000000,8,10,25,1,0.5034592,5819.6,0.165631,5.201683085e-07,234.13170979230594,0.03173498886367819,82.97683746417162,0.007040771927376524,3.578486897109284e-10,0.1452620714156985,0
5000000,8,10,25,4,0.412382,3004.8,0.109595,9.358717844e-07,113.70797540934612,0.00032398422458165463,59.383499391666035,3.3757303736460885e-05,8.298574375690721e-10,0.10557777805968875,0
5000000,8,10,25,10,0.4165109,2462.8,0.1082001,1.3979101175000001e-06,69.04111370614079,0.030747038540140565,49.56880739604965,0.009762546621883268,3.292136749689058e-09,0.10886635582600569,0
5000000,8,10,25,50,0.4686688,1664.4,0.1159295,3.686754972e-06,36.74671695122202,0.06144716606755218,720.6107286338597,0.01025910467449388,9.456057940020167e-09,0.09063470863898777,0
5000000,8,10,50,1,0.49457629999999997,5893.6,0.1634265,5.201651980999999e-07,234.1341834602783,0.0020523893961266943,110.19497871197822,0.00019268699431403802,6.012806488811839e-10,0.3118883123567645,0
5000000,8,10,50,4,0.4122766,2985.6,0.109602,9.357260602e-07,113.68730448241949,0.00021588124307384953,76.13321657901146,2.7084230754362887e-05,6.683418397524814e-10,0.08721281991456083,0
5000000,8,10,50,10,0.4020751,2515.2,0.10353180000000001,1.3961566144e-06,68.99008729463861,0.00015504368560004738,96.16282487993418,4.82396793798091e-05,1.1978765649508497e-09,0.048259342609789174,0
5000000,8,10,50,50,0.3968966,1346.8,0.1009231,3.6804809540999998e-06,36.68483527519321,0.00020107278947353096,494.0716996999974,0.00012909638948389702,1.0025780522776775e-08,0.05715009614617869,10
5000000,8,10,100,1,0.4938755,5863.6,0.1634697,5.202469075e-07,234.22167370550977,0.0019402551521785897,102.30151514029497,0.0002507353850842271,3.5686626862399493e-10,0.11833870178120559,0
5000000,8,10,100,4,0.4121989,2980.8,0.1095803,9.354679746999999e-07,113.67837885542511,0.0002699993621391529,79.72842794274965,3.690543470968631e-05,6.550354784598718e-10,0.04796867147441909,0
5000000,8,10,100,10,0.4196435,2474.4,0.1086277,1.4000237523e-06,69.13221925160829,0.04764059568442306,65.24347562102368,0.010709906255944127,1.12638008925458e-08,0.4413844255615137,10
5000000,8,10,100,50,0.4183451,1600.0,0.1043978,3.680062449e-06,36.70119811292767,0.06798866624903172,606.1844237157167,0.011202106516187037,7.998007372820164e-09,0.06609566753860471,10
5000000,8,10,1000,1,0.7597963,5854.0,0.1655983,5.200012173999999e-07,234.1119727242821,0.013324852870148741,88.9893876319593,0.0066847726305553756,5.649062622029062e-10,0.16168980020493245,10
5000000,8,10,1000,4,0.4061433,3030.4,0.1096265,9.357367604e-07,113.6853219675185,0.00012598064225199297,96.3364474698497,5.311256390388379e-05,6.93858192643641e-10,0.07049918724486295,10
5000000,8,10,1000,10,0.3994046,2530.4,0.1035297,1.3959392414e-06,68.98044063494355,9.696184816720472e-05,83.44152976119798,4.179327431271331e-05,1.092959029137301e-09,0.046603099044302536,10
5000000,8,10,1000,50,0.4280917,1262.8,0.1085775,3.6796634684e-06,36.676135647197015,0.05835616161326355,379.6702662984173,0.012470191215231801,9.768304259801689e-09,0.08615128793594672,10
5000000,16,10,10,1,0.49583,6072.0,0.1858903,5.200616411e-07,234.02264761447074,0.030303354266116765,158.8290485606039,0.0015832557209048048,5.301617191636397e-10,0.3475711395735034,0
5000000,16,10,10,4,0.3734393,3283.2,0.1491302,9.365842067e-07,113.78534618580838,0.021427493040743505,661.9964417494167,0.016834003127268595,1.4991659176673438e-09,0.20194701629129874,0
5000000,16,10,10,10,0.4087698,2498.8,0.1540815,1.4003775372e-06,69.16647825656335,0.06749282287242762,73.00654460769634,0.018294606462318643,2.682673956869414e-09,0.1181183038044786,0
5000000,16,10,10,50,0.353652,2226.8,0.1307241,3.6783905649e-06,36.676472893776,0.024238218751018444,72.3706508960028,0.013415831248938696,4.302850938991352e-09,0.03426107333361505,0
5000000,16,10,25,1,0.4827095,6019.6,0.1966207,5.237477354e-07,235.43066411936024,0.026627549060032615,220.82230161124778,0.016769365217231352,1.0333634183712957e-08,4.598445902583675,0
5000000,16,10,25,4,0.4000645,3044.4,0.1537362,9.383732266999999e-07,113.91913888027649,0.07713077245280683,73.04062796371163,0.016399935032391642,5.51321313506324e-09,0.46769915677432794,0
5000000,16,10,25,10,0.3387643,2458.8,0.1252462,1.3965281294e-06,69.00891494684612,0.01738524099503816,58.91010100144117,0.0013411334178389696,1.6934112406004578e-09,0.06176622039425074,0
5000000,16,10,25,50,0.3384239,2506.4,0.1239637,3.6903650269e-06,36.77193102699775,0.023478198092178104,611.2637546736905,0.003212932307271832,1.9595284618322477e-08,0.15843033821677466,0
5000000,16,10,50,1,0.5188312,6125.2,0.211842,5.207444148e-07,234.34325874433887,0.051935474112487785,649.4990890422147,0.016383194472114133,1.1044865590271942e-09,0.39587177382593236,0
5000000,16,10,50,4,0.3618039,3022.0,0.1477371,9.354867793e-07,113.67474848249344,0.04559753123543715,98.85117882734406,0.014860839526531916,9.509727570717715e-10,0.11652019531039433,0
5000000,16,10,50,10,0.3678267,2485.6,0.1460132,1.3967540502e-06,69.02257384682402,0.03856809696872388,81.71930276528578,0.016938326775557132,1.8190553781765813e-09,0.0794906049127801,0
5000000,16,10,50,50,0.4152856,2250.8,0.1543753,3.6775929692e-06,36.677401168545764,0.044605179876581844,73.66108576144907,0.011460100058221326,5.575757908653164e-09,0.043742490465849486,10
5000000,16,10,100,1,0.52111,6331.6,0.2062997,5.214297999e-07,234.4914316562345,0.06678627300742437,606.5492926749189,0.024147943124047277,2.105907135579909e-09,0.7827940358981719,0
5000000,16,10,100,4,0.35369079999999997,3017.2,0.14616479999999998,9.361950346e-07,113.74844943274553,0.025735131957004696,91.19551645899168,0.018035419557698742,1.3329143896296535e-09,0.12349732876179903,0
5000000,16,10,100,10,0.45862939999999996,2726.0,0.1536269,1.3989719875e-06,69.10783931388222,0.0760526020362807,618.0492608917908,0.02044150207271689,3.2983085682583878e-09,0.14940520198886686,10
5000000,16,10,100,50,0.380351,2451.6,0.13482260000000001,3.6785319059e-06,36.67896827012905,0.02308092145281707,625.7964170203882,0.018122812108254917,6.3548560567578366e-09,0.06049467409238182,10
5000000,16,10,1000,1,0.5801346,6039.2,0.2175113,5.202419022e-07,234.0686219252212,0.09291280209864636,148.20766212011816,0.013403005343330028,5.702866337560978e-10,0.2955688827147316,10
5000000,16,10,1000,4,0.4010971,3010.0,0.14829330000000002,9.361421764e-07,113.73682046779781,0.015834286339389523,80.88949938719556,0.014686994239424524,1.5981589494264469e-09,0.1820613341943379,10
5000000,16,10,1000,10,0.3968962,2503.6,0.1308046,1.3985539318e-06,69.09055073112002,0.03381638551813471,71.41615130113541,0.012676003236211498,2.753385369873257e-09,0.10844333804167505,10
5000000,16,10,1000,50,0.3866857,2252.8,0.1338078,3.6800264995e-06,36.69184680237676,0.025678747187552243,63.911049296833035,0.014771824440091645,9.914727906460265e-09,0.08408787457152972,10
10000000,2,10,10,1,3.6315054,9716.0,0.389092,7.190468651000001e-07,254.61238680685653,0.005732944060428266,95.18169758706532,0.0016456810815653829,7.65288689103556e-09,1.5090008191884705,0
10000000,2,10,10,4,3.4611142,3830.8,0.2795377,1.3018057402e-06,122.52446485371914,0.0017734450967287038,90.86351180632288,0.0001227337226139095,1.98756173254962e-09,0.14479224733190907,0
10000000,2,10,10,10,3.4299867,2772.4,0.2669004,1.9524380758e-06,74.47084076645908,0.0017937585648266185,86.48082639136454,8.475480976191145e-05,1.6468788787650636e-09,0.04623493219051567,0
10000000,2,10,10,50,3.4090353,2185.2,0.2615389,5.0540212311999996e-06,38.797106316175444,0.0013185563696710035,69.79461934052573,0.0002921743961708089,1.4788620912808583e-08,0.07790098860326033,0
10000000,2,10,25,1,3.629405,9695.6,0.38894839999999997,7.167983233e-07,254.11022299342028,0.0022468390141609676,92.23062880024666,0.0011752395689579428,7.532728033133527e-10,0.3506235228494995,0
10000000,2,10,25,4,3.4609335,3828.0,0.2796758,1.3032234624e-06,122.58651900714565,0.001279135841105239,96.81138592358053,0.0003738873270563402,3.7167958281288356e-09,0.2187245182284876,0
10000000,2,10,25,10,3.4264945,2721.2,0.26689620000000003,1.9523837852e-06,74.45859858478175,0.0016021122342429572,84.26518986047692,0.00021854152923415693,2.734677687469775e-09,0.06570616695535256,0
10000000,2,10,25,50,3.4067454,2260.8,0.261285,5.0380288735e-06,38.707574202733475,0.0025775285406329992,91.30753893664348,0.00011157060544785571,5.487260978170454e-09,0.04724055093525143,0
10000000,2,10,50,1,3.6241197,9661.2,0.38836360000000003,7.166393766e-07,254.19573959022694,0.001654271645703208,74.90557018302741,0.00021304052822565433,1.0984296850270054e-09,0.2910750482637029,0
10000000,2,10,50,4,3.4570428,3798.8,0.2791982,1.2987468485e-06,122.33168260035302,0.0015877663416118922,87.41319503751517,8.05464669202392e-05,8.999705326253872e-10,0.09745004907322258,0
10000000,2,10,50,10,3.4255171,2707.6,0.2667945,1.9511626333e-06,74.4356248854041,0.001232640656837585,71.5405091150772,8.262398091487678e-05,1.651337810291858e-09,0.04560686420043373,0
10000000,2,10,50,50,3.4035619,2202.0,0.2613521,5.0418080702e-06,38.726483457317734,0.0015314629498184883,70.53446753971501,0.0001975755551681451,8.267081625023628e-09,0.04105962619689729,10
10000000,2,10,100,1,3.6242656,9654.4,0.3881734,7.160193351e-07,254.08749880455483,0.0018936525669837883,92.7639776829107,0.00018006245829957693,4.731686524881425e-10,0.11341339602811247,0
10000000,2,10,100,4,3.4577714999999998,3849.6,0.2792172,1.2985980481e-06,122.31620018257118,0.0010900333583070713,100.87968631548728,0.00010346421818408637,1.0265724717985245e-09,0.07391860383946425,0
10000000,2,10,100,10,3.4105442999999998,2798.0,0.26677819999999997,1.9507458193e-06,74.423147248122,0.0010997985724668078,87.96463936024394,0.00012259128118354988,1.4303771020191124e-09,0.04107731552923978,10
10000000,2,10,100,50,3.4027853,2228.0,0.2614037,5.0439815313e-06,38.73497359242385,0.0006578584869779908,72.07403600927776,0.00024437723571015224,6.671169458912717e-09,0.03071178025513937,10
10000000,2,10,1000,1,6.6786525999999995,9674.0,0.3881774,7.164946033e-07,254.30392685180158,0.0015122582230999672,77.13192162349732,0.0002021766004704266,2.6294407097108504e-09,0.8900037504444762,10
10000000,2,10,1000,4,3.4285189000000003,3800.8,0.2791273,1.2976113251e-06,122.25627403249126,0.0005981470369213543,102.09886276437058,2.3266809932703276e-05,8.526108561413461e-10,0.10477508962655234,10
10000000,2,10,1000,10,3.4093749,2744.8,0.2667291,1.9489318098e-06,74.36732187642725,0.00045672784261772953,73.07347900116248,7.891127225490667e-05,1.1777825124361061e-09,0.041194387662120906,10
10000000,2,10,1000,50,3.4023308,2204.8,0.2612751,5.0414658593e-06,38.73564509159942,0.0009825566197992045,84.15435553526362,0.00017349956772280646,9.57086961977994e-09,0.05311119432364276,10
10000000,4,10,10,1,2.0205444,9894.0,0.3864911,7.151947701e-07,253.9226323427492,0.0018273352304501941,667.7065223584385,0.0002800128766880474,4.672251771365918e-10,0.09191562640579495,0
10000000,4,10,10,4,1.8717434,4058.4,0.2787509,1.2970818235e-06,122.19648377258183,0.0007553485141163438,631.6713632191277,0.00011676039092470098,7.905612293397339e-10,0.05639984737724997,0
10000000,4,10,10,10,1.8478415,2759.6,0.2664207,1.9475327917999998e-06,74.3526416573462,0.0009794668901442927,96.47014506513862,7.813670356781752e-05,1.453345335125439e-09,0.03632222515394461,0
10000000,4,10,10,50,1.8334477,2235.6,0.2612611,5.0379234577e-06,38.711101345109,0.0003388713456296971,86.74765446717021,0.00021298223713101978,1.3341197171996899e-08,0.07717299273405198,0
10000000,4,10,25,1,2.0212235,9716.8,0.3865368,7.151830758e-07,253.85831183754908,0.0013847816715199834,88.64009626950248,0.0002656396054808072,4.290845141090227e-10,0.1682336060642008,0
10000000,4,10,25,4,1.8721387,3809.6,0.2787614,1.2975396571e-06,122.25850725565324,0.0007054369882877469,133.10914485655914,6.243610066833494e-05,5.742297928085733e-10,0.050170406732421985,0
10000000,4,10,25,10,1.847935,2768.4,0.2664404,1.9471708278e-06,74.33336287602476,0.0005394752594471427,87.01366431646112,3.969382823562478e-05,1.2401621392465197e-09,0.04066413352183925,0
10000000,4,10,25,50,1.8336789,2219.2,0.2612021,5.0366276948e-06,38.70899679007198,0.000707609504678312,81.49273996293576,0.00019727952532158386,7.861947943246648e-09,0.04437781758604759,0
10000000,4,10,50,1,2.0202287,9632.4,0.3859894,7.150225836e-07,253.88849054747723,0.002625723352187391,61.92324998648641,0.0002890118029116116,3.7676557638498005e-10,0.07107120335898046,0
10000000,4,10,50,4,1.871586,3801.2,0.2785991,1.2967742037e-06,122.20338936420393,0.0012038457819283843,155.0575520393781,5.773011923309285e-05,5.257888854797361e-10,0.04563783614609461,0
10000000,4,10,50,10,1.8476876,2767.2,0.2665107,1.9481653699e-06,74.3529171113073,0.0007308023292549472,112.97669376173712,9.757851539487402e-05,1.1276777646331062e-09,0.03129482389639512,0
10000000,4,10,50,50,1.8318375,2208.0,0.2612613,5.0380179096e-06,38.71050638440659,0.0003689499363810084,72.7125237569919,0.00023082511417377177,1.2748248469016983e-08,0.07345697092641311,10
10000000,4,10,100,1,2.020277,9696.8,0.385997,7.153092633e-07,253.9577775099097,0.001579542409124333,85.39164674213359,0.00021817169589313304,3.517571597900359e-10,0.09920964004980068,0
10000000,4,10,100,4,1.8717393,3852.0,0.2786127,1.2974120666e-06,122.26153336918466,0.0012098408573031176,183.83567541572435,6.462034423374733e-05,8.198979977570753e-10,0.07887739307835262,0
10000000,4,10,100,10,1.8402406,2817.2,0.26670530000000003,1.9513442928e-06,74.43375219724255,0.0006594159368545418,91.77847726394728,0.0001326583330715939,1.6400546938408074e-09,0.04275945674966234,10
10000000,4,10,100,50,1.8325038,2214.8,0.2613435,5.0424401673e-06,38.73493486308833,0.00029218631803085355,82.9682670262151,0.00013763417695712265,6.7914270440411686e-09,0.039578501684908646,10
10000000,4,10,1000,1,3.5329859,9758.8,0.38664339999999997,7.160693084e-07,254.0902672582198,0.0011873893351943164,69.4882883817282,0.000244660853700252,6.149633497493299e-10,0.12382398672002808,10
10000000,4,10,1000,4,1.8555715,3904.8,0.2788109,1.2976623443e-06,122.2498211903625,0.0005320789937176551,184.09466164026713,6.833975579575692e-05,7.113474663151082e-10,0.0484964914295362,10
10000000,4,10,1000,10,1.83975,2727.2,0.2666058,1.9489886598e-06,74.37461762020234,0.0005875555765674684,84.72281602706295,0.00011117533699321196,1.6526860753378022e-09,0.04131191741865062,10
10000000,4,10,1000,50,1.8319158,2236.0,0.261247,5.0411729715e-06,38.73959317517032,0.0002501887287629116,97.56137669294249,0.00011414318493307342,6.463223536214631e-09,0.04296570467777822,10
10000000,6,10,10,1,1.4881894,9887.6,0.3858379,7.151435376e-07,253.90509499860656,0.0017188000465441237,196.0630284146175,0.00019114244252213872,3.022581548890392e-10,0.056988915529329456,0
10000000,6,10,10,4,1.3423021,4100.4,0.2787178,1.2980013905e-06,122.27285866440486,0.0006731662251380863,76.34890670831872,8.607206283109818e-05,8.326415290018102e-10,0.05958149937498811,0
10000000,6,10,10,10,1.3215233,2734.8,0.2665787,1.948870963e-06,74.37417183019807,0.00040745962308487335,89.08522760692581,6.341582347227384e-05,1.3512871277692742e-09,0.04454623878105886,0
10000000,6,10,10,50,1.3096336,2240.4,0.2613131,5.037431737e-06,38.7049887304848,0.00015223753369872603,77.55027043437337,0.00015724110997658073,8.693104717731287e-09,0.04529910302873467,0
10000000,6,10,25,1,1.4874078,9879.6,0.3860266,7.153007929e-07,253.922813315785,0.002104450564346378,162.3433946231807,0.0002921248591498735,2.64838620004896e-10,0.05980931251499321,0
10000000,6,10,25,4,1.3425395,4109.6,0.27872240000000004,1.2977889341e-06,122.25499643759869,0.0004949642523567703,86.63999589617309,9.320491164931241e-05,7.667030045792127e-10,0.04436438450030784,0
10000000,6,10,25,10,1.3215914,2777.2,0.2666378,1.9497546775e-06,74.38874161836364,0.00029369114540428096,94.52665702799865,0.00011343309334874647,1.4873619971298507e-09,0.042607707860731474,0
10000000,6,10,25,50,1.3098521,2254.0,0.2613218,5.0409748292e-06,38.73102046147435,0.0004824890211761926,84.03702887550358,0.00019682073061545104,5.277713593713586e-09,0.024616559760706556,0
10000000,6,10,50,1,1.4875738,9813.6,0.3858883,7.154054918e-07,253.83674094516414,0.0021386457708870905,226.63686078541298,0.00011887252743075879,3.238438405033268e-10,0.25996149053047846,0
10000000,6,10,50,4,1.3423689,4127.6,0.2786711,1.2974192177e-06,122.24197942088233,0.0007694209150032604,80.98175377481303,8.628177353556702e-05,6.070033818066009e-10,0.041944963288630996,0
10000000,6,10,50,10,1.3213479,2738.4,0.2665144,1.948490652e-06,74.37640645284192,0.0002706381142575538,77.31494034143724,9.970200042571421e-05,1.3009892907222133e-09,0.03592419013992594,0
10000000,6,10,50,50,1.3599606,2222.0,0.2613338,5.0397772993e-06,38.72185608998305,0.00017917353475213144,99.38924600892302,0.00017509540256670816,8.072093644024138e-09,0.03955192272521562,10
10000000,6,10,100,1,1.4887567,9812.0,0.3860183,7.152364890000001e-07,253.9270284377452,0.0016483837235304166,162.89601318359854,0.00026361927513408694,2.2519468593689925e-10,0.04919629840718813,0
10000000,6,10,100,4,1.3423035,4104.4,0.2786761,1.2973882708e-06,122.24321561104185,0.0005972074365094625,96.19332386166701,4.0531058050173096e-05,5.17412104415354e-10,0.060048796595740986,0
10000000,6,10,100,10,1.828477,2698.4,0.2665774,1.9487262934e-06,74.36724927751067,0.00029876449290743327,39.875361370706656,9.948333193723881e-05,1.4016646987987666e-09,0.043304299838457176,10
10000000,6,10,100,50,1.3600919,2260.8,0.2613072,5.0389331584e-06,38.71834576370446,0.0002018395677539547,90.42713457069546,0.0001698148010824343,6.514171853388627e-09,0.0364778409016833,10
10000000,6,10,1000,1,3.5118134,9777.2,0.3860584,7.158113148e-07,254.0596413018488,0.0003996204310203818,186.9526380902096,0.00013540654833992248,1.327624758345955e-10,0.038967816470448384,10
10000000,6,10,1000,4,1.8452263,4089.2,0.27868170000000003,1.2978335604e-06,122.28248637776183,0.00033055981136380055,79.06228205942733,0.00010060599717048379,8.583370828437298e-10,0.050146770113541114,10
10000000,6,10,1000,10,1.8283463,2986.4,0.2665576,1.9479552292e-06,74.35119733653127,0.0002618685208692208,610.4313957267343,9.582878250064346e-05,1.2425307278929187e-09,0.02686548875172629,10
10000000,6,10,1000,50,1.4148417,2238.4,0.2754337,5.041140651e-06,38.728444023226146,0.0744416360573839,89.88288676568712,0.012204135702020573,8.317130860382586e-09,0.048660227733302086,10
10000000,8,10,10,1,1.2270861,9892.8,0.3863521,7.16738011e-07,254.07307667247,0.0036722146648097975,105.23708682990254,0.0012130453366996953,5.507752755287516e-10,0.44177935964800835,0
10000000,8,10,10,4,1.0788448,4296.4,0.2787881,1.2996868584e-06,122.38189715449114,0.0014146874645031015,676.5624221837265,0.00014379881779765096,1.2894495156581098e-09,0.08546509089260135,0
10000000,8,10,10,10,1.0599332000000001,2752.4,0.2672633,1.9518334401e-06,74.44059583316914,0.0015863442809736688,96.81964906177075,0.001727623033084607,1.590716772110348e-09,0.03546599290438833,0
10000000,8,10,10,50,1.0743048,2198.0,0.2640911,5.0484154187e-06,38.753516344803685,0.08170765914432039,85.65045242145543,0.00795881414184579,5.481941837316746e-09,0.028574680070482292,0
10000000,8,10,25,1,1.2308183,9917.2,0.3858587,7.16637917e-07,254.23544678681264,0.002794572599005288,122.52237890823592,0.00020498728957886597,4.985672855963208e-10,0.13743490184630525,0
10000000,8,10,25,4,1.0791255,4114.8,0.2787132,1.3001392224000001e-06,122.42653733315932,0.0005183268488340737,87.00549152527992,9.353169397470597e-05,1.0415400321904657e-09,0.07740979873386544,0
10000000,8,10,25,10,1.1410007,2784.4,0.2856868,1.9626351769e-06,74.72888453068536,0.13325524644668468,98.78281451975563,0.01503459071460064,1.5588483801595366e-08,0.3852492951954625,0
10000000,8,10,25,50,1.0482837,2232.8,0.2614314,5.04223376e-06,38.72860537296685,0.00019003628308533204,95.60660135274249,0.0001268649325507659,4.713436029972007e-09,0.033175878173490915,0
10000000,8,10,50,1,1.2269971,9897.2,0.38597380000000003,7.164956804e-07,254.19757190645498,0.00289265131938771,171.38442817893994,0.00024156793385436172,2.908914195534483e-10,0.08417901842293325,0
10000000,8,10,50,4,1.1389784,4116.4,0.2863549,1.3015101229e-06,122.49905853755314,0.11020251242568536,68.41572268938707,0.012130208228037778,2.281709958911226e-09,0.16113949321951077,0
10000000,8,10,50,10,1.0591093,2741.6,0.2666833,1.9522620855e-06,74.47102793014717,0.0004198425763174876,95.29742913636233,0.00012403498610384035,1.7826482949281374e-09,0.042444802490109804,0
10000000,8,10,50,50,1.0669176,2447.2,0.26406810000000003,5.0514224740999995e-06,38.78495340677497,0.05842361529800165,619.0309272474914,0.007899728187307034,1.5833196463250223e-08,0.09627467140328201,10
10000000,8,10,100,1,1.2260679,9890.0,0.3858496,7.166791606e-07,254.25283861490092,0.001682819885390805,107.08667309966985,0.00019923252746477114,2.2523087039115797e-10,0.04467895876294843,0
10000000,8,10,100,4,1.1070182,4118.8,0.2812988,1.3004877799e-06,122.43195503340893,0.08839330147672703,83.8421797850647,0.008163357966479788,2.2809678560789648e-09,0.1534724785214736,0
10000000,8,10,100,10,1.075431,2736.0,0.2692265,1.9531479638e-06,74.49331768378417,0.06250693754029762,80.04443210561938,0.007979514552903591,2.0364420992463358e-09,0.04712410955889236,10
10000000,8,10,100,50,1.0482578999999999,2236.0,0.2615268,5.0483369243e-06,38.76279528241326,0.00036157877580285787,89.38307073116997,0.00019917708480422577,1.001332166004465e-08,0.05499785950787371,10
10000000,8,10,1000,1,2.0102003,9916.0,0.4095267,7.173971478e-07,254.44586495669583,0.019469200623035376,147.10238309120322,0.008620585698714961,4.2936707427711113e-10,0.11947821355834096,10
10000000,8,10,1000,4,1.0669423,4127.2,0.2787786,1.3008493709e-06,122.45423162974065,0.0002717973305404196,88.72028454017091,0.00012424813881906248,1.115380331956592e-09,0.07980767643032516,10
10000000,8,10,1000,10,1.1072006,2734.4,0.2740365,1.9549884909e-06,74.55396703794034,0.13239635650089132,86.04288336508591,0.011680207106706435,2.983798081069212e-09,0.0980539394356619,10
10000000,8,10,1000,50,1.0485095,2232.0,0.2614323,5.0445200478e-06,38.745515277764184,0.0004803029715131864,102.77915914987608,0.00018873028962575412,7.055862063774215e-09,0.03970087978040042,10
10000000,16,10,10,1,0.9728906,9955.2,0.3938361,7.1691089e-07,254.12784346001433,0.036912652215737626,45.987437898239605,0.018014063095568165,5.474040101763084e-10,0.4246090575866851,0
10000000,16,10,10,4,0.694454,4127.6,0.2813782,1.3002878614e-06,122.4325014198432,0.015916892850050844,91.35912044721583,0.007970546318930856,8.752588299305547e-10,0.07664046572381808,0
10000000,16,10,10,10,0.7519155,2784.8,0.2891751,1.9546582415e-06,74.5390793237467,0.12918584144922557,87.55036645649558,0.03194564918889582,4.064171437219076e-09,0.12757840322256186,0
10000000,16,10,10,50,0.6596702,2207.6,0.2617572,5.0504877662e-06,38.773732362129046,0.004284328517334348,97.27760961975439,0.00019319868874641169,1.4454441904294408e-08,0.09511855119027217,0
10000000,16,10,25,1,0.9487045,9996.0,0.3877063,7.164201788e-07,254.06417622905732,0.009578736488818466,80.44321668799124,0.006290463470824525,4.861668463146278e-10,0.2579474782829481,0
10000000,16,10,25,4,0.6894409,4086.8,0.2788475,1.299949581e-06,122.41357530515813,0.0005153567157265479,92.3770053157771,6.3854435154423e-05,8.948277476832938e-10,0.07603832967016776,0
10000000,16,10,25,10,0.9076704,2752.4,0.3298114,1.957031882e-06,74.56749026861709,0.12573005854802138,77.38963467774967,0.021914008341697787,2.5260738968998277e-09,0.06487216085599933,0
10000000,16,10,25,50,0.7058243,2220.0,0.2805239,5.0473503737e-06,38.76143449906397,0.11184735718831768,80.11103405759894,0.03151117928062286,1.0164150380731537e-08,0.07426780590730256,0
10000000,16,10,50,1,0.9570369,10156.8,0.3857848,7.167561822e-07,254.20908809860413,0.014024852405244374,670.0230178467338,0.0002703301684977148,4.580988657243589e-10,0.13326014979818934,0
10000000,16,10,50,4,0.6898836,4104.8,0.2788823,1.3001979683e-06,122.4066027694914,0.0008055735293013783,80.76963125663836,5.857198799577676e-05,1.2138318116497662e-09,0.10490571112861496,0
10000000,16,10,50,10,0.6684804,2754.0,0.2668731,1.9526747114e-06,74.47488818143344,0.000690202739941111,75.66593244871389,0.00012101097287252775,2.8790589046693087e-09,0.08254313523046154,0
10000000,16,10,50,50,0.6636125,2201.2,0.2616148,5.0448300746e-06,38.752451505316955,0.0028314912933725222,79.53308186604559,0.00020925359415471995,6.027414971446133e-09,0.03716917817951365,10
10000000,16,10,100,1,0.9558154999999999,9950.8,0.3880191,7.169162058e-07,254.1594690375046,0.01440466619806852,90.254947540595,0.006577861463525457,9.564284132375824e-10,0.1960758037506855,0
10000000,16,10,100,4,0.7301564,4127.6,0.2900049,1.3034232497e-06,122.65315523124808,0.09213089081808193,81.59411743502102,0.023912382503399547,1.712433497542934e-09,0.14739256398439193,0
10000000,16,10,100,10,0.788617,2776.0,0.2924682,1.9597174754e-06,74.68417998827638,0.16530666958044304,92.70263091076637,0.03613435561530513,5.621436740154086e-09,0.1820927185936337,10
10000000,16,10,100,50,0.7137619000000001,2224.0,0.2730804,5.0539681404e-06,38.78510224098429,0.12947473034058296,103.79466909881901,0.024448875317009296,5.038864764188685e-09,0.039432425933098245,10
10000000,16,10,1000,1,1.2121099,9964.4,0.4092035,7.208209335e-07,255.192655165249,0.048091103368618125,70.2111102319284,0.030719686797629372,6.667274061338709e-09,1.521447281689571,10
10000000,16,10,1000,4,0.750405,4085.6,0.29244349999999997,1.303700349e-06,122.66194249975564,0.12237906759282363,66.05586860966842,0.022704792300060554,2.473600538114355e-09,0.17691938437052024,10
10000000,16,10,1000,10,0.9449709000000001,2979.2,0.300687,1.960712999e-06,74.71480374286433,0.35895358924470383,664.6657973916081,0.03568035958027578,4.601155903953779e-09,0.14188883757006748,10
10000000,16,10,1000,50,1.0957236,2228.0,0.291116,5.0718027751e-06,38.88042162736234,0.5595121700690503,91.40872800534726,0.037633767629616885,4.5470707306680885e-08,0.2390383956202899,10
