N,T,p,umbral,chunk,TIME_mean,RSS_mean,TIME_dec_mean,desv_mean,desbalanceos_mean,TIME_std,RSS_std,TIME_dec_std,desv_std,desbalanceos_std,S_pred
100,2,10,10,1,4.7e-05,1114.8,4.08e-05,1.16388513e-08,28.07706948443613,4.760952285695233e-06,73.82983437909397,4.825856285561029e-06,4.469906427783349e-09,9.064837320344237,0
100,2,10,10,4,4.18e-05,1148.4,3.79e-05,4.19812511e-08,42.150899696362586,3.5839146815241634e-06,45.54655737691806,3.7549966711037183e-06,1.646786040848768e-08,12.192733410659025,0
100,2,10,10,10,3.87e-05,1114.8,3.54e-05,0.0,0.0,3.2676869155073254e-06,48.663926863517474,3.0983866769659324e-06,0.0,0.0,10
100,2,10,10,50,3.81e-05,1116.0,3.5e-05,0.0,0.0,2.601281735350223e-06,48.84442422403787,2.449489742783179e-06,0.0,0.0,10
100,2,10,25,1,4.57e-05,1134.4,4.05e-05,1.25910286e-08,29.477291039047838,9.956014374347911e-06,50.63858871124536,9.20446751432272e-06,4.522518083633551e-09,9.154781303253138,3
100,2,10,25,4,4.15e-05,1140.8,3.79e-05,3.8950907799999996e-08,40.821629662278745,3.1358146203711302e-06,53.15971741418078,2.884826203122507e-06,1.162906301241686e-08,9.226143818211263,0
100,2,10,25,10,4.04e-05,1116.0,3.73e-05,0.0,0.0,2.9888682361946535e-06,65.78078071223472,2.8303906287138378e-06,0.0,0.0,10
100,2,10,25,50,4.16e-05,1115.6,3.87e-05,0.0,0.0,4.402019738458448e-06,35.99753077951628,4.47337804249888e-06,0.0,0.0,10
100,2,10,50,1,6.87e-05,1325.2,6.55e-05,1.19339751e-08,28.73084933503031,8.519657009267191e-05,602.7818474004965,8.527243921038549e-05,3.5856067802779506e-09,7.424809381026385,10
100,2,10,50,4,4.3100000000000004e-05,1135.2,3.9999999999999996e-05,3.7797294999999996e-08,39.745471196282324,3.1073389830457113e-06,41.81653049001342,2.9814239699997195e-06,9.135665415585154e-09,5.546318488801878,10
100,2,10,50,10,3.87e-05,1075.6,3.57e-05,0.0,0.0,2.3118054512532938e-06,70.74084157448699,2.1108186931983426e-06,0.0,0.0,10
100,2,10,50,50,4.04e-05,1107.6,3.77e-05,0.0,0.0,4.948624949305502e-06,54.10935429500358,4.877385456255111e-06,0.0,0.0,10
100,2,10,100,1,4.15e-05,1088.8,3.8e-05,1.11813543e-08,26.891250806536828,1.7795130420052172e-06,45.91005699553566,1.6996731711975963e-06,3.4328353791966215e-09,7.116690610752864,10
100,2,10,100,4,4.51e-05,1141.6,4.1400000000000003e-05,3.6303587799999996e-08,38.424777244598,5.9151406482761586e-06,32.06659736652248,5.399588461684423e-06,1.2294200031639407e-08,10.042564631647764,10
100,2,10,100,10,4.56e-05,1128.8,4.1400000000000003e-05,0.0,0.0,2.2705848487901865e-06,35.915951268977345,2.319003617456811e-06,0.0,0.0,10
100,2,10,100,50,4.57e-05,1101.2,4.1400000000000003e-05,0.0,0.0,3.5292429153510456e-06,71.35638256899892,2.4585451886114374e-06,0.0,0.0,10
100,2,10,1000,1,4.18e-05,1108.0,3.86e-05,1.06335955e-08,25.490865625857126,4.1041983924323685e-06,59.53896949804295,4.351245032554859e-06,3.776979290295391e-09,8.314907652174305,10
100,2,10,1000,4,4.09e-05,1100.8,3.8e-05,3.27166927e-08,35.81319894074713,2.131770260709264e-06,56.05711373233552,2.0000000000000003e-06,8.284580040485417e-09,7.794279014801207,10
100,2,10,1000,10,3.98e-05,1102.4,3.65e-05,0.0,0.0,3.6147844564602557e-06,62.259671270146185,3.3416562759605705e-06,0.0,0.0,10
100,2,10,1000,50,4.02e-05,1134.8,3.74e-05,0.0,0.0,3.7058512292499463e-06,43.371265449219564,3.7475918193480518e-06,0.0,0.0,10
100,4,10,10,1,7.91e-05,1098.8,7.21e-05,9.5768579e-09,23.300708721992045,3.3813212407775365e-06,89.5033208570746,2.884826203122506e-06,2.348871753779175e-09,4.998277842525242,0
100,4,10,10,4,8.06e-05,1080.8,7.54e-05,2.40620947e-08,27.42313788873245,1.3599019572503504e-05,69.66076530029096,1.2518430856585467e-05,1.185352058649194e-08,10.344112836550286,0
100,4,10,10,10,0.00011779999999999999,1306.0,0.0001139,0.0,0.0,6.930736693246333e-05,566.5780322838741,6.925708948869021e-05,0.0,0.0,10
100,4,10,10,50,8.779999999999999e-05,1094.4,8.43e-05,0.0,0.0,2.529822128134703e-06,57.756577307023846,2.263232692902393e-06,0.0,0.0,10
100,4,10,25,1,9.3e-05,1116.0,8.64e-05,1.2395129000000001e-08,29.60443470599667,3.3993463423951883e-06,58.93876294746759,2.8751811537130422e-06,4.209632987332163e-09,9.127253350855526,3
100,4,10,25,4,9.35e-05,1147.6,8.85e-05,4.25296081e-08,42.93693473659455,4.994441354590564e-06,33.96468754456605,4.813176359397883e-06,1.55651080557182e-08,11.943095106465684,1
100,4,10,25,10,9.07e-05,1114.4,8.62e-05,0.0,0.0,3.8020462326957e-06,59.81304205605998,3.6453928305312844e-06,0.0,0.0,10
100,4,10,25,50,8.92e-05,1107.6,8.54e-05,0.0,0.0,4.1579909678700475e-06,28.437846456985998,4.247875285886398e-06,0.0,0.0,10
100,4,10,50,1,9.37e-05,1126.4,8.88e-05,1.84884819e-08,39.017926684214565,7.11883261341196e-06,66.85839098007402,6.8605150438335645e-06,1.494027976679933e-08,24.665455705189913,8
100,4,10,50,4,8e-05,1096.8,7.58e-05,3.48353762e-08,36.39954168417258,7.363574011458173e-06,64.90471648672555,6.528569691917383e-06,1.4683038603828007e-08,12.493924067650275,9
100,4,10,50,10,7.53e-05,1102.0,7.11e-05,0.0,0.0,5.888784066153028e-06,44.07065034943576,5.279941077112299e-06,0.0,0.0,10
100,4,10,50,50,7.59e-05,1135.6,7.27e-05,0.0,0.0,5.173651192984185e-06,41.631184892524445,5.3343748982946035e-06,0.0,0.0,10
100,4,10,100,1,8.109999999999999e-05,1127.6,7.76e-05,1.11101167e-08,26.488789329619294,1.6953858951086424e-05,66.70532212649901,1.6701297354796525e-05,3.702604635288157e-09,7.840112702048582,10
100,4,10,100,4,7.48e-05,1100.4,7.14e-05,3.23153242e-08,35.41320091384027,4.962078417580906e-06,82.91253758563231,5.146735750831675e-06,1.0673992317281652e-08,8.303843512739952,10
100,4,10,100,10,7.57e-05,1100.8,7.23e-05,0.0,0.0,5.869885480616769e-06,76.17056882783241,5.677440737985148e-06,0.0,0.0,10
100,4,10,100,50,7.46e-05,1129.2,7.14e-05,0.0,0.0,3.8064273129653855e-06,46.839679285361846,3.62705880232945e-06,0.0,0.0,10
100,4,10,1000,1,7.57e-05,1127.6,7.19e-05,1.00279716e-08,24.278782884746448,2.9832867780352607e-06,46.473887530765296,2.846049894151542e-06,2.9257742438096314e-09,6.483202574441922,10
100,4,10,1000,4,7.46e-05,1101.6,7.1e-05,3.94598021e-08,41.86781778266893,4.452215428550401e-06,61.512780966415605,4.6666666666666655e-06,1.0898752185260205e-08,7.541857007634516,10
100,4,10,1000,10,7.549999999999999e-05,1106.0,7.219999999999999e-05,0.0,0.0,2.990726407487725e-06,45.067850083081524,3.155242550986464e-06,0.0,0.0,10
100,4,10,1000,50,7.24e-05,1108.8,6.93e-05,0.0,0.0,2.9514591494904892e-06,50.41340209816345,2.668749186833078e-06,0.0,0.0,10
100,6,10,10,1,0.0001606,1279.2,0.0001494,8.988107e-09,22.258073651696943,8.812012003824981e-05,574.9799610034732,8.78435477931583e-05,2.8043445857818936e-09,6.3316795800188865,0
100,6,10,10,4,0.0001265,1121.2,0.0001177,3.88254546e-08,40.29365851346515,3.566822426505447e-06,53.40162294662339,3.5292429153510477e-06,1.3499755647911206e-08,10.555775503324314,0
100,6,10,10,10,0.0001228,1147.6,0.0001157,0.0,0.0,3.7653389990514537e-06,47.979625305377745,3.4334951418181587e-06,0.0,0.0,10
100,6,10,10,50,0.0001216,1094.4,0.0001147,0.0,0.0,5.125101625008686e-06,71.43481877441374,4.9001133773731295e-06,0.0,0.0,10
100,6,10,25,1,0.0001286,1134.4,0.0001188,1.17744448e-08,28.11585900291547,5.641118880348312e-06,52.93853878686952,4.516635916254482e-06,2.479383399252627e-09,5.128080397849764,3
100,6,10,25,4,0.000127,1114.0,0.00011850000000000001,3.8353588e-08,39.446454559663515,5.354126134736334e-06,66.85972047669824,5.380004130522988e-06,1.542279201687682e-08,12.839901110679806,1
100,6,10,25,10,0.0001231,1115.2,0.0001164,0.0,0.0,5.384133067531753e-06,66.07201458341581,5.189733454940952e-06,0.0,0.0,10
100,6,10,25,50,0.0001248,1080.4,0.0001179,0.0,0.0,5.633234713140698e-06,63.929127425089526,5.065131346328105e-06,0.0,0.0,10
100,6,10,50,1,0.00012660000000000001,1114.0,0.00011850000000000001,1.17506459e-08,27.97139178858914,4.115013163202922e-06,58.704533234003506,4.2491829279939876e-06,2.0090277970999608e-09,4.491880591251257,10
100,6,10,50,4,0.000124,1127.2,0.0001167,3.91956145e-08,40.47211729492987,3.7118429085533454e-06,72.11842113265283,3.334999583541534e-06,1.0515804720941768e-08,7.389679314903773,9
100,6,10,50,10,0.000125,1102.0,0.000118,0.0,0.0,4.898979485566355e-06,45.22536161639101,5.2068331172711035e-06,0.0,0.0,10
100,6,10,50,50,0.0001245,1108.4,0.0001184,0.0,0.0,2.798809270624441e-06,69.88116897832904,3.062315754094894e-06,0.0,0.0,10
100,6,10,100,1,0.0001271,1103.2,0.0001199,1.29904067e-08,30.45071238032941,3.871548642195893e-06,42.44944705830166,3.695342413844156e-06,3.5055075423422893e-09,7.069239959549445,10
100,6,10,100,4,0.0001232,1115.2,0.0001164,2.72025736e-08,30.959691455338866,3.910100879630718e-06,79.79529365124793,3.7178249316263175e-06,1.0017031811731636e-08,8.576626294468458,10
100,6,10,100,10,0.00012190000000000001,1102.0,0.0001153,0.0,0.0,5.546770832355225e-06,71.5603863103665,5.396500923952688e-06,0.0,0.0,10
100,6,10,100,50,0.0001264,1134.4,0.0001198,0.0,0.0,5.501514942874066e-06,51.19722214686609,5.633234713140697e-06,0.0,0.0,10
100,6,10,1000,1,0.0001562,1318.8,0.0001482,1.3083925e-08,30.402841920538428,8.943998608626407e-05,561.0563053542646,8.981313935054269e-05,3.5113960514012403e-09,7.017020168730049,10
100,6,10,1000,4,0.0001437,1292.4,0.0001369,3.05953713e-08,34.337447575132515,5.308494241412635e-05,574.6046370234832,5.331343378757574e-05,1.2084242919721311e-08,10.160125451213665,10
100,6,10,1000,10,0.0001259,1096.0,0.0001187,0.0,0.0,6.118278625016456e-06,56.47418289212632,4.715223571935199e-06,0.0,0.0,10
100,6,10,1000,50,0.0001256,1109.2,0.00011960000000000001,0.0,0.0,5.316640543300502e-06,68.32731680830312,5.399588461684427e-06,0.0,0.0,10
100,8,10,10,1,0.0001751,1126.4,0.0001639,1.09782301e-08,25.999473284016894,1.2609079621006795e-05,49.21427073974016,1.2485102233373087e-05,2.8628127644966955e-09,5.8598882611331495,0
100,8,10,10,4,0.0001623,1132.8,0.0001532,3.45337709e-08,37.58035466457103,8.731170215574395e-06,54.578791159611114,8.495750571772799e-06,1.2165541515068574e-08,9.464918662641725,0
100,8,10,10,10,0.000184,1312.0,0.0001765,0.0,0.0,7.396846174778365e-05,584.5507296681405,7.410090717693302e-05,0.0,0.0,10
100,8,10,10,50,0.00018570000000000001,1300.4,0.0001787,0.0,0.0,7.032630296616542e-05,566.5692465278283,6.992384746597146e-05,0.0,0.0,10
100,8,10,25,1,0.0001669,1127.2,0.0001559,1.24078761e-08,29.518108524720763,1.021382505343724e-05,65.42306762738795,1.0535126429658492e-05,5.3176228502024696e-09,11.614847610071468,3
100,8,10,25,4,0.000155,1120.8,0.0001491,2.9740146e-08,33.22064913597278,6.342099196813485e-06,55.03291944120557,6.505553183413557e-06,9.751963836899497e-09,8.359062210388993,1
100,8,10,25,10,0.000153,1102.0,0.000148,0.0,0.0,8.027729719194866e-06,63.168205785998246,8.055363982396384e-06,0.0,0.0,10
100,8,10,25,50,0.0001515,1102.0,0.0001474,0.0,0.0,3.5978388574871506e-06,62.659574066715635,3.6270588023294507e-06,0.0,0.0,10
100,8,10,50,1,0.0478725,1126.4,0.036331499999999996,1.25137225e-08,29.258823751023105,0.014764193895668291,59.664245760943146,0.01074748481428717,6.61610197866962e-09,13.205884464288705,9
100,8,10,50,4,0.0001592,1114.0,0.0001538,3.51381179e-08,37.83460652440754,6.596295256514152e-06,36.527006751473934,6.338594306135847e-06,1.2110827452942039e-08,8.853209487493999,9
100,8,10,50,10,0.0001554,1108.0,0.0001505,0.0,0.0,7.633260552782588e-06,62.053740150507174,7.4572857737323605e-06,0.0,0.0,10
100,8,10,50,50,0.0001603,1135.2,0.0001533,0.0,0.0,5.618422079789545e-06,49.84598501606947,5.2503968104007785e-06,0.0,0.0,10
100,8,10,100,1,0.000166,1116.4,0.0001581,1.1831821699999999e-08,28.289539491406813,9.718253158075497e-06,35.34968175245712,9.158481193832182e-06,3.1152705109168306e-09,6.482574117660878,10
100,8,10,100,4,0.0001638,1120.0,0.0001557,2.72502966e-08,30.55358362375235,8.310635755865289e-06,62.76587891167904,8.287205667640798e-06,1.3837507343925128e-08,11.745508449265916,10
100,8,10,100,10,0.0001644,1113.2,0.00015680000000000002,0.0,0.0,7.22956891292051e-06,59.18107805709524,7.036413227711337e-06,0.0,0.0,10
100,8,10,100,50,0.0001627,1121.6,0.0001549,0.0,0.0,9.707385504518367e-06,59.93181310641471,9.58528965539267e-06,0.0,0.0,10
100,8,10,1000,1,0.0001622,1108.4,0.0001542,1.3151891300000001e-08,30.382400019991383,4.4171383395939826e-06,52.06662398632481,4.366539438350085e-06,3.3168484401319898e-09,6.4820411017740565,10
100,8,10,1000,4,0.0001673,1114.8,0.0001535,3.77861192e-08,40.526268753956764,1.8239456619586495e-05,58.30342090211251,5.38000413052299e-06,1.320407398671547e-08,11.39123718888623,10
100,8,10,1000,10,0.0001609,1073.6,0.0001534,0.0,0.0,4.998888765404659e-06,65.18895611988276,4.993328882953071e-06,0.0,0.0,10
100,8,10,1000,50,0.0001592,1100.4,0.000152,0.0,0.0,4.9170903772228764e-06,73.5983091593218,4.4472213547087825e-06,0.0,0.0,10
100,16,10,10,1,0.0003168,1094.0,0.0003019,1.4696766800000001e-08,33.62604584022742,1.7093208527885508e-05,54.98282560137403,1.6616257099599773e-05,3.865385810530972e-09,6.979321275148539,0
100,16,10,10,4,0.0003274,1121.6,0.0003145,3.18375897e-08,33.77353556168496,1.8276882787949497e-05,43.37741347752307,1.885765391322873e-05,1.6641372626841752e-08,14.519248701021523,1
100,16,10,10,10,0.000307,1113.6,0.0002959,0.0,0.0,8.666666666666663e-06,79.26776001488737,9.194805296712075e-06,0.0,0.0,10
100,16,10,10,50,0.0003064,1147.6,0.0002963,0.0,0.0,1.4826402875351203e-05,33.11662892130042,1.4704874475266137e-05,0.0,0.0,10
100,16,10,25,1,0.0003418,1281.2,0.0003297,8.9880169e-09,22.092443885807025,8.341968858995128e-05,598.1335413879858,8.409392896570411e-05,3.243198799393739e-09,7.121303780974353,7
100,16,10,25,4,0.0003197,1095.2,0.0003057,3.97729914e-08,41.56833203223009,1.5340940142130933e-05,64.10546865214474,1.5635074529900892e-05,6.124042452071076e-09,5.0058749946552314,0
100,16,10,25,10,0.0003132,1240.0,0.0002964,0.0,0.0,2.0492817169817215e-05,374.81135996065484,9.640193635676272e-06,0.0,0.0,10
100,16,10,25,50,0.0033284,1128.8,0.0023086,0.0,0.0,0.009551700665326568,48.69131795756246,0.006358083659580315,0.0,0.0,10
100,16,10,50,1,0.0003241,1127.2,0.0003137,1.09569148e-08,27.020727303282285,6.88718616949864e-06,48.47175580800753,6.7831490556459915e-06,2.6530698998728414e-09,6.271709126137998,10
100,16,10,50,4,0.0003309,1119.2,0.0003149,3.85962157e-08,39.59091169498555,1.983515397805959e-05,83.77323889856208,1.079557522526913e-05,1.3650802400688442e-08,11.73449837780639,9
100,16,10,50,10,0.0003436,1324.4,0.0003335,0.0,0.0,7.162587986661433e-05,601.9861940092794,7.195407485951641e-05,0.0,0.0,10
100,16,10,50,50,0.000346,1306.8,0.0003368,0.0,0.0,7.727727853501169e-05,608.7307012683577,7.73043048966586e-05,0.0,0.0,10
100,16,10,100,1,0.0003182,1142.0,0.0003057,1.1393591e-08,27.12619518834394,1.1564312920936258e-05,52.67088590694315,1.1719404611346278e-05,3.2844773837330315e-09,7.073694382106483,10
100,16,10,100,4,0.0003252,1306.8,0.0003142,3.51553183e-08,37.71699129707406,6.994251607967472e-05,588.6513399288241,6.960651310521642e-05,1.1612526670689326e-08,10.124687318324959,10
100,16,10,100,10,0.0003075,1193.6,0.0002966,0.0,0.0,8.897565210026087e-06,395.5314849105638,8.98393628155894e-06,0.0,0.0,10
100,16,10,100,50,0.0003018,1140.4,0.0002915,0.0,0.0,5.094659513211418e-06,53.878876504000466,5.797509043642025e-06,0.0,0.0,10
100,16,10,1000,1,0.0003371,1306.4,0.0003257,1.07790205e-08,25.47486999975829,8.256909564453007e-05,610.4139214955337,8.270704658948687e-05,5.1967986448185204e-09,9.929445617052885,10
100,16,10,1000,4,0.0003109,1232.4,0.0002994,3.37339971e-08,36.00705000123097,1.1396393191610126e-05,381.2281906330293,1.0405126941400899e-05,1.393187864196591e-08,10.732823401329957,10
100,16,10,1000,10,0.0003295,1306.4,0.000319,0.0,0.0,7.358479613495046e-05,587.614991110487,7.412751775750276e-05,0.0,0.0,10
100,16,10,1000,50,0.0003092,1238.4,0.0002986,0.0,0.0,1.0228500487472357e-05,367.227207900262,9.788882582921414e-06,0.0,0.0,10
1000,2,10,10,1,7.9e-05,1114.8,5.35e-05,3.6886373e-09,10.412559362871923,1.8547236990991407e-05,48.663926863517474,2.9533408577782255e-06,9.547995176668765e-10,2.667310940111143,5
1000,2,10,10,4,5.51e-05,1097.6,4.18e-05,2.0680529e-08,41.76748791358061,4.5325979795746754e-06,55.68801985665818,4.391911757866827e-06,4.878727791864778e-09,8.851420298386811,0
1000,2,10,10,10,4.68e-05,1134.4,3.94e-05,3.45170515e-08,37.48680351589074,3.293090409394259e-06,52.93853878686952,3.5023801430836523e-06,6.538566858646289e-09,6.150672468567095,0
1000,2,10,10,50,4.16e-05,1090.0,3.68e-05,5.6484714200000004e-08,12.705861452472249,3.3730961708462713e-06,62.942654676918245,3.3266599866332407e-06,1.4927089569569025e-08,2.8558878520322515,2
1000,2,10,25,1,5.65e-05,1121.6,4.96e-05,4.1520228e-09,11.708926713378844,3.5668224265054484e-06,60.87363961518976,4.033195589934446e-06,7.142710495016425e-10,1.9910090557593396,10
1000,2,10,25,4,5.46e-05,1115.6,4.1099999999999996e-05,2.0395734e-08,41.20523423828467,4.168666186896928e-06,38.433781437110184,3.7844711945293255e-06,4.607354760506292e-09,8.095315080144658,0
1000,2,10,25,10,4.54e-05,1116.0,3.8299999999999996e-05,3.58610852e-08,36.57188506944128,3.4705106892854312e-06,71.52932576534218,3.683295625749672e-06,8.401605461184928e-09,8.682857760416603,1
1000,2,10,25,50,4.25e-05,1160.4,3.82e-05,6.08619303e-08,13.486838931135015,2.4608038433722336e-06,33.11662892130042,2.201009869229225e-06,1.529066977218435e-08,3.247828090684127,10
1000,2,10,50,1,5.83e-05,1094.0,5.15e-05,3.8467942e-09,10.85014593416717,2.263232692902393e-06,48.488257455915154,2.460803843372233e-06,7.549061866118494e-10,2.092147450583582,10
1000,2,10,50,4,4.71e-05,1094.4,4.23e-05,1.9891703e-08,40.17081125087965,2.960855732160326e-06,65.13439098424801,3.19895816373602e-06,2.3989678944468323e-09,3.926136966691775,10
1000,2,10,50,10,4.25e-05,1094.8,3.8e-05,3.41272626e-08,34.67206301637096,3.205897343611892e-06,65.72805928808319,3.1622776601683805e-06,7.398650239608517e-09,7.123652099275225,10
1000,2,10,50,50,4.26e-05,1114.8,3.83e-05,5.58793546e-08,12.51742343386166,5.621387729022079e-06,58.78926583805736,5.457919831665622e-06,1.2363187815928716e-08,2.3890007115693974,10
1000,2,10,100,1,5.72e-05,1129.2,5.04e-05,4.5570886e-09,12.80526210673224,3.190262963734773e-06,46.839679285361846,3.2386554137309665e-06,1.5244752673321327e-09,4.208831032435741,10
1000,2,10,100,4,4.7799999999999996e-05,1114.8,4.3e-05,2.1645523e-08,43.14616431443533,7.857056276579247e-06,66.50781073594958,7.71722460186015e-06,4.2177062978526085e-09,7.466136576125766,10
1000,2,10,100,10,4.16e-05,1114.0,3.74e-05,3.78393377e-08,38.428412771514296,2.5905812303633917e-06,66.85972047669824,2.756809750418046e-06,7.322351467044161e-09,6.313222505177483,10
1000,2,10,100,50,4.17e-05,1115.2,3.76e-05,6.03497027e-08,13.408977389314154,3.6530048514126612e-06,72.29077088782188,3.777124126457412e-06,1.0914546221775018e-08,2.0018165024664683,10
1000,2,10,1000,1,5.62e-05,1102.4,4.94e-05,4.1627271e-09,11.71001729755806,2.0976176963403017e-06,53.406616319204,1.71269767715535e-06,1.266308912415086e-09,3.518217715559354,10
1000,2,10,1000,4,4.59e-05,1108.8,4.12e-05,1.135571102e-07,79.53370139935484,5.043147165543886e-06,42.53312434640402,5.308274463305168e-06,2.871802080547841e-07,108.91488994620082,10
1000,2,10,1000,10,4.23e-05,1121.2,3.78e-05,3.78897778e-08,39.0780451912409,4.164666186436128e-06,61.79679962946661,3.966526608171605e-06,6.5866872575818805e-09,6.157624734494903,10
1000,2,10,1000,50,4.23e-05,1099.6,3.78e-05,5.54136931e-08,12.502077483258581,3.4334951418181566e-06,90.69509358283942,3.392802839999859e-06,1.2437021978062035e-08,2.2876899370072867,10
1000,4,10,10,1,0.0001116,1122.0,8.53e-05,3.3355087e-09,9.410823116095791,2.2177065230147616e-05,31.16978594016256,3.093002855909878e-06,1.3381290181072517e-09,3.7331694742740473,5
1000,4,10,10,4,9.15e-05,1115.2,7.68e-05,2.10424117e-08,42.68388515544384,5.816642788871714e-06,48.727815465091396,4.825856285561031e-06,5.215760900166726e-09,9.602242458493219,0
1000,4,10,10,10,8.08e-05,1122.4,7.26e-05,3.30109155e-08,34.027322025508944,3.7058512292499475e-06,61.77234188714414,3.3065591380366003e-06,3.759956341360428e-09,3.374623518744365,0
1000,4,10,10,50,7.91e-05,1114.4,7.41e-05,5.45289368e-08,12.250004598709248,8.748968193132515e-06,72.17755883929574,8.020113604072089e-06,1.7425454767821763e-08,3.784269487390087,3
1000,4,10,25,1,9.95e-05,1115.2,8.950000000000001e-05,1.79790574e-08,37.660666101696,1.868005472273688e-05,36.69937934685605,1.1306340404097752e-05,4.71240962252103e-08,91.68201760011426,9
1000,4,10,25,4,9.82e-05,1101.2,8.36e-05,2.02534214e-08,41.33765623509585,1.4942854107863359e-05,45.491879617258185,1.4841383583300672e-05,3.5490898113811658e-09,6.55356705123253,0
1000,4,10,25,10,8.05e-05,1146.8,7.27e-05,3.65114025e-08,38.36203890944482,4.006938426723771e-06,55.555377777493334,3.5605867181937547e-06,8.67175311897257e-09,8.317778273942574,0
1000,4,10,25,50,9.53e-05,1272.4,9.15e-05,6.025657060000001e-08,13.130426857210393,6.527897398431171e-05,579.0979959289178,6.521971412932681e-05,1.7984415409121732e-08,3.4294170559958976,10
1000,4,10,50,1,0.0001103,1109.6,0.0001041,4.0858343e-09,11.515655857928303,1.0924488292109816e-05,50.63858871124536,1.0492854711659738e-05,1.1290292399252703e-09,3.144182597940403,10
1000,4,10,50,4,0.00010229999999999999,1097.2,9.219999999999999e-05,2.39959163e-08,48.20068812766097,6.111010100175291e-06,54.42385098057244,2.8205594401741563e-06,4.019065219484226e-09,7.234981342285024,5
1000,4,10,50,10,7.76e-05,1140.0,7.35e-05,3.53224256e-08,36.81305324277903,2.8362729848243533e-06,46.875722216658524,2.7182510717166805e-06,7.733364558686574e-09,8.21866028572544,10
1000,4,10,50,50,7.52e-05,1128.8,7.07e-05,5.36907464e-08,12.10033008615221,2.2509257354845513e-06,36.69937934685605,2.4060109910158116e-06,1.405246472708802e-08,2.880591150247679,10
1000,4,10,100,1,9.4e-05,1094.0,8.84e-05,3.6193685e-09,10.208236493659813,7.930251502246879e-06,66.2989860824097,7.530677998102899e-06,1.2230738519021336e-09,3.420782993068784,10
1000,4,10,100,4,8.56e-05,1109.2,8.08e-05,2.13346183e-08,43.079559862114195,8.656404180335696e-06,52.291490703555205,7.67101326060935e-06,6.592934878605229e-09,11.942750393796773,10
1000,4,10,100,10,7.79e-05,1108.4,7.37e-05,4.07980009e-08,41.661237479679286,2.9981475762358478e-06,43.14111212701355,3.056868404829432e-06,9.471972977870174e-09,7.703841274025069,10
1000,4,10,100,50,7.69e-05,1103.6,7.280000000000001e-05,6.02100044e-08,13.284716926755312,2.558211180579988e-06,43.30563217155221,2.6161889160464776e-06,1.6184735337419526e-08,3.114217411965239,10
1000,4,10,1000,1,9.24e-05,1148.0,8.71e-05,3.127065e-09,8.843456646606954,5.985166849990251e-06,34.460927955520226,5.820461990063828e-06,1.0475394046077694e-09,2.9245958222183033,10
1000,4,10,1000,4,8.04e-05,1134.8,7.64e-05,1.70818093e-08,35.17086678209727,2.11869981094276e-06,51.12251080601491,2.319003617456813e-06,5.204979909847173e-09,9.962764538423777,10
1000,4,10,1000,10,7.83e-05,1108.8,7.39e-05,3.04475063e-08,33.09077210648755,4.7387293186629234e-06,41.81653049001342,5.021066730398146e-06,5.303259888603424e-09,5.314508545216278,10
1000,4,10,1000,50,9.65e-05,1121.2,9.18e-05,6.03031368e-08,13.53041292213619,7.905694150420949e-06,55.073284509521194,8.162243700247024e-06,9.500834401188675e-09,1.840871521628112,10
1000,6,10,10,1,0.0001782,1114.4,0.0001362,2.0793937e-08,44.17461845411144,1.483838865166221e-05,73.37453388078333,4.391911757866825e-06,4.903378331421137e-08,92.84221548194508,1
1000,6,10,10,4,0.0001495,1096.0,0.0001302,2.1097565600000002e-08,42.80480933158431,1.3327081867802533e-05,55.393541540909304,1.3323329580518195e-05,4.166886577290563e-09,7.418626337098067,0
1000,6,10,10,10,0.000136,1120.0,0.0001217,3.37256494e-08,35.02095734573631,4.6188021535170046e-06,52.8309673497572,4.029061098237817e-06,1.118845099543406e-08,10.006994375773527,0
1000,6,10,10,50,0.0001339,1122.0,0.0001258,5.76954335e-08,12.88911447731684,7.504813270310076e-06,61.80255298574288,6.795423296438403e-06,1.0432037081022e-08,2.018361639881443,1
1000,6,10,25,1,0.0001465,1121.6,0.0001383,3.7253949e-09,10.49974865682104,8.553751613570887e-06,55.14264330906808,8.615876817441937e-06,1.5740445744276784e-09,4.340802692084583,10
1000,6,10,25,4,0.0001459,1102.8,0.0001266,1.96661364e-08,40.11998496551977,2.6012817353502213e-06,54.09621058817336,2.170509412813288e-06,2.98698320043783e-09,5.674170682811963,0
1000,6,10,25,10,0.0001661,1338.4,0.0001533,3.47328197e-08,35.86130620118803,9.463549956426381e-05,595.9812077574259,9.451519572122898e-05,7.138183078389363e-09,7.608703738145529,1
1000,6,10,25,50,0.000136,1134.4,0.00012770000000000001,4.61004676e-08,10.69389150412196,1.9026297590440453e-05,42.84130924444044,1.880336849255119e-05,1.0260997965085516e-08,2.185399330035939,10
1000,6,10,50,1,0.0001452,1080.8,0.000137,3.6751944e-09,10.379869191391604,6.178816859057874e-06,47.3962023795156,6.411794687223776e-06,1.0044062280252062e-09,2.7937137911846235,10
1000,6,10,50,4,0.0001627,1326.4,0.0001516,6.39795856e-08,70.24657758471622,8.500986870815516e-05,601.4270436959822,8.55793329152677e-05,1.3674948479144772e-07,89.30485854602657,7
1000,6,10,50,10,0.0001305,1115.2,0.0001234,3.19623357e-08,34.283656264057754,5.542763049438633e-06,48.14053501064473,5.316640543300502e-06,4.1575741296270095e-09,4.864255659854662,10
1000,6,10,50,50,0.0001294,1122.8,0.000122,5.87198885e-08,13.251024689373818,9.08233939516075e-06,52.83264983785017,8.86942313043338e-06,1.2618666733137777e-08,2.5530883429733615,10
1000,6,10,100,1,0.0001474,1101.2,0.0001391,3.6919812e-09,10.420469779974965,1.600833116432399e-05,55.61934116034737,1.6175770632509463e-05,8.743478247791067e-10,2.422540057162545,10
1000,6,10,100,4,0.000133,1120.8,0.0001251,1.76565448e-08,36.41944198100944,3.944053188733077e-06,44.73328365620689,3.98469293393829e-06,2.6320985976637558e-09,5.113930585990139,10
1000,6,10,100,10,0.0001292,1119.6,0.00012090000000000001,3.78535577e-08,38.84160699393973,4.4422216663887145e-06,64.23429336767428,4.0674862562084266e-06,8.301532394594026e-09,8.198457307629232,10
1000,6,10,100,50,0.0001271,1147.2,0.0001194,6.00703059e-08,13.474389129585077,4.8864893101057505e-06,33.45577512013268,4.5018514709691035e-06,1.7695128923976608e-08,3.586901172512911,10
1000,6,10,1000,1,0.0001433,1088.4,0.0001347,4.2957964000000005e-09,12.079841291000841,5.165053511608356e-06,47.04418726639409,5.5186552307202124e-06,9.331915604728872e-10,2.5805063581564673,10
1000,6,10,1000,4,0.0001349,1106.8,0.0001273,2.29890645e-08,45.93420974646763,7.355270219373322e-06,55.49134066580919,7.3944423574585905e-06,5.400298928651312e-09,9.536155125607957,10
1000,6,10,1000,10,0.0001309,1122.4,0.0001227,3.15113504e-08,32.78374279568053,3.4464152068167566e-06,69.59438036061373,3.128720008068617e-06,8.177955346786101e-09,6.92224293692452,10
1000,6,10,1000,50,0.00013,1068.8,0.0001223,5.43892384e-08,12.31669837170237,1.058300524425836e-05,52.82423686150137,9.286190463981088e-06,1.6144118509602474e-08,2.9671924156335545,10
1000,8,10,10,1,0.0002122,1107.2,0.0001717,3.931733e-09,11.056396978738016,2.7429910681589903e-05,52.82423686150137,6.219146064997812e-06,1.2142615054904772e-09,3.3433135324814356,4
1000,8,10,10,4,0.0001783,1115.2,0.0001588,2.23447894e-08,44.6035210161653,6.88072993543886e-06,49.30810165570044,6.250333324444922e-06,3.521593684476902e-09,6.382708757983135,0
1000,8,10,10,10,0.0001725,1088.8,0.000158,3.91948875e-08,40.96095773728261,9.276613366717162e-06,46.75420361374531,8.931840671316175e-06,7.127696165057889e-09,8.311497543298938,0
1000,8,10,10,50,0.0001655,1102.8,0.0001564,5.9697777e-08,13.314820451693802,6.654154925892375e-06,43.575732288103254,6.43255608430877e-06,1.870621908538391e-08,3.5896621455202955,1
1000,8,10,25,1,0.0001856,1161.6,0.0001771,3.3166235e-09,9.348661251992045,1.2553883861180172e-05,44.90780679471122,1.282748784620139e-05,1.250659804810889e-09,3.4807031041199332,10
1000,8,10,25,4,0.00018339999999999999,1113.2,0.000164,1.93072443e-08,39.43416482651817,1.2411464234506919e-05,80.35587512227508,1.2463279397226608e-05,4.64245048556586e-09,8.351235491220638,0
1000,8,10,25,10,0.0001721,1113.2,0.0001572,3.5102329499999996e-08,36.4991571212384,8.061568636989258e-06,50.280988233901866,6.0882400303097965e-06,9.575546724996626e-09,9.870350046215403,1
1000,8,10,25,50,0.0001635,1135.2,0.000155,5.62053173e-08,12.663448838106389,5.254627590144814e-06,49.84598501606947,5.142416206847174e-06,1.3533672897734297e-08,2.717074172548143,10
1000,8,10,50,1,0.0001812,1108.4,0.000172,3.1603333000000002e-09,8.941191219278581,1.0400854665736748e-05,61.606637449042594,1.0284832413694343e-05,9.561348827641714e-10,2.668163689371028,10
1000,8,10,50,4,0.0001713,1154.0,0.0001629,1.8813578500000002e-08,38.366686470578955,6.498717822257969e-06,46.23610902506587,6.045200116161948e-06,4.151980806799228e-09,7.52911481743193,10
1000,8,10,50,10,0.0001672,1126.8,0.0001576,3.93504302e-08,39.744097196749735,7.02060459568041e-06,66.34723472425625,6.995236474439828e-06,7.8467503105879e-09,7.945210473542385,9
1000,8,10,50,50,0.00016450000000000001,1154.0,0.0001557,6.20260835e-08,13.710235171261314,4.16999866773227e-06,57.418541333691934,4.3982319680121986e-06,1.940540941393998e-08,3.816712394777324,10
1000,8,10,100,1,0.0001831,1115.2,0.0001738,3.782685e-09,10.65153473046208,7.837941906733768e-06,47.54600111704687,7.743097284391794e-06,1.0238148851789565e-09,2.825307605804476,10
1000,8,10,100,4,0.0001992,1308.0,0.0001908,2.40513958e-08,47.65133752689954,9.107603660922254e-05,564.171762655468,9.156394244218385e-05,3.4549071081166667e-09,6.120279173554374,10
1000,8,10,100,10,0.0001631,1109.6,0.00015439999999999999,3.81804321e-08,40.65848452625082,5.78215646046813e-06,51.19722214686609,6.257440016137234e-06,7.106620988731603e-09,6.695876080105094,10
1000,8,10,100,50,0.0001686,1132.4,0.0001605,5.65312803e-08,12.768569725285342,9.264028401414917e-06,69.26791785844617,9.264628073124867e-06,9.8908426291765e-09,2.1882021915192484,10
1000,8,10,1000,1,0.0001752,1116.0,0.0001663,4.53545527e-08,65.21250230903313,7.0679244163725736e-06,58.39330250788851,6.4126610874286965e-06,1.2893139212704115e-07,165.4569233226791,10
1000,8,10,1000,4,0.0001718,1087.6,0.0001629,1.906239e-08,38.85926998400032,1.3079245645933356e-05,70.66540879383632,1.3295362600044675e-05,4.55797825205774e-09,8.171367471434964,10
1000,8,10,1000,10,0.0001655,1100.0,0.0001568,3.35576176e-08,34.63079376310769,8.222597589029337e-06,72.61466028901387,8.363943780033165e-06,7.263406841857847e-09,7.461240021274274,10
1000,8,10,1000,50,0.0001649,1113.6,0.0001566,5.52739949e-08,12.479066971820599,5.258854966202773e-06,60.139098023757484,4.880801391392833e-06,2.1685410334197544e-08,4.510956149609756,10
1000,16,10,10,1,0.0004077,1286.0,0.0003582,4.0904032e-09,11.517226527461895,0.00011965789197170034,592.1478794280287,0.00011364349714983452,1.008361239395089e-09,2.7907392770329844,3
1000,16,10,10,4,0.0003535,1294.8,0.0003309,2.20542893e-08,43.984622189933944,8.607264373771726e-05,570.1619263176227,8.61709541164152e-05,5.035723872531361e-09,9.496799945325533,0
1000,16,10,10,10,0.0003521,1287.6,0.0003331,3.55422157e-08,36.28046250375226,7.786234291648593e-05,618.4725270104296,7.854856954634999e-05,7.1610935538894095e-09,6.550439345719923,0
1000,16,10,10,50,0.0003548,1496.4,0.0003422,4.6659261099999997e-08,10.690455036399316,7.686900834825726e-05,794.9450295460687,7.58504376314922e-05,1.3900333926939345e-08,2.9975329477691512,5
1000,16,10,25,1,0.0003386,1254.4,0.0003252,4.0893641000000005e-09,11.479465123340773,2.182353469689699e-05,372.1466855361681,2.1503488089144972e-05,1.403709692386606e-09,3.913907418646516,10
1000,16,10,25,4,0.0003285,1115.6,0.0003063,2.01279055e-08,40.86785869793445,7.306770072260987e-06,65.22303614862194,6.412661087428697e-06,4.4676460912893435e-09,8.359530301588421,0
1000,16,10,25,10,0.0003591,1479.2,0.000342,3.14766645e-08,32.82939281523902,8.959842508536508e-05,786.2073235194108,8.931094246756356e-05,6.259134415789636e-09,6.80805952154382,1
1000,16,10,25,50,0.0003162,1128.4,0.0003051,5.91389833e-08,13.206053586627222,1.0517709932405541e-05,48.824401913615105,1.0126423082433615e-05,1.1193104308708853e-08,2.2323163779080164,10
1000,16,10,50,1,0.0003333,1102.0,0.0003205,3.4576615e-09,9.768415245597492,1.044615825182743e-05,82.60750571225353,9.513148795220225e-06,1.2898270310304961e-09,3.590513823764498,10
1000,16,10,50,4,0.000325,1121.2,0.0003106,2.02816477e-08,41.192071993530845,1.8702346852140723e-05,68.81989376465047,1.6701297354796515e-05,4.588983362507068e-09,8.405144608509971,8
1000,16,10,50,10,0.0003196,1114.0,0.0003068,3.51632765e-08,35.84484585749742,1.751951293082468e-05,66.0033669174872,1.750428518963285e-05,7.994184978891236e-09,8.81181452506431,10
1000,16,10,50,50,0.0003381,1312.0,0.0003262,4.62401657e-08,10.337931584490313,9.152831984327766e-05,564.4867875631221,9.037059502097152e-05,1.6394760654650396e-08,3.419033431157233,10
1000,16,10,100,1,0.0003386,1120.8,0.0003199,2.83351076e-08,50.96253357173709,2.2770351092789255e-05,44.89196909124046,1.7412958137867073e-05,7.67560576653757e-08,124.94839129298146,9
1000,16,10,100,4,0.0003148,1100.0,0.000302,2.13717055e-08,43.257685809037156,8.416914187779533e-06,55.8091987638836,7.601169500660916e-06,4.211388295366986e-09,7.580738394666107,10
1000,16,10,100,10,0.0003116,1094.8,0.0002991,3.38452766e-08,36.011061350833934,1.4630257839301546e-05,63.945810391820565,1.3843971812870595e-05,6.805809320451875e-09,6.722656736761414,10
1000,16,10,100,50,0.0003087,1100.8,0.0002968,5.69969414e-08,12.685430095938097,6.147266781984391e-06,63.63227692505327,6.762642481555065e-06,1.946912233530187e-08,4.060387088659414,10
1000,16,10,1000,1,0.0003374,1108.8,0.00032429999999999997,3.7928379e-09,10.694383901692746,1.9591381325016925e-05,40.38921748299772,2.0827599210876165e-05,1.125801847311452e-09,3.1370398020738968,10
1000,16,10,1000,4,0.0003139,1106.4,0.0003024,2.05504186e-08,41.48945932664114,1.1169900029394476e-05,77.24592761649855,1.0637460014287042e-05,3.222722191040784e-09,6.007831767526776,10
1000,16,10,1000,10,0.0003492,1300.4,0.0003304,3.35687606e-08,34.521895917580835,9.132214043337647e-05,566.8233508873034,9.122280416650213e-05,5.824629130097949e-09,6.350123245845682,10
1000,16,10,1000,50,0.0003209,1147.6,0.0003093,5.31785189e-08,12.074751844964394,1.351912225947627e-05,44.79880950799176,1.3824696098729343e-05,7.763504617220119e-09,1.682963058238341,10
10000,2,10,10,1,0.0002311,1087.2,0.0001908,1.7332583e-09,4.9648379139040415,2.6012817353502154e-06,57.249551186984085,2.529822128134704e-06,8.775876561492685e-10,2.507099406103237,10
10000,2,10,10,4,0.0001974,1115.6,8.32e-05,7.4203222e-09,17.554775541885537,5.295700562196131e-06,65.73887738621644,3.4253953543107016e-06,2.161195005435897e-09,5.004076795517682,0
10000,2,10,10,10,0.0001037,1075.6,5.59e-05,1.74169782e-08,24.303154384348044,4.877385456255113e-06,46.473887530765296,3.6651512019742556e-06,2.4138011866632814e-09,2.613653845012619,0
10000,2,10,10,50,6.3e-05,1102.8,4.52e-05,1.137582781e-07,21.071271389421316,2.8674417556808737e-06,42.91800968772382,2.347575581554534e-06,2.8069927991609456e-07,46.34061285204772,9
10000,2,10,25,1,0.0002583,1122.4,0.0001878,9.6041031e-09,25.86552396830557,0.00010081561827856282,43.37741347752307,4.263540521418528e-06,2.558467517756419e-08,68.07439630769855,9
10000,2,10,25,4,0.0001137,1108.0,8.37e-05,3.50081428e-08,63.410250538010736,3.472767068363657e-05,74.42819059708194,1.0306955580254206e-05,8.5574829902132e-08,140.78813875733147,9
10000,2,10,25,10,8.04e-05,1108.8,5.3e-05,1.6119951e-08,22.704458517467717,1.8179353368282626e-05,75.3728509920294,3.091206165165235e-06,2.2193603092093903e-09,2.689816647338967,7
10000,2,10,25,50,6.36e-05,1120.0,4.51e-05,2.41532263e-08,6.20325044248936,3.098386676965932e-06,64.16645021608514,2.923088169119167e-06,5.510199737628575e-09,1.394187282940682,10
10000,2,10,50,1,0.0002887,1121.2,0.0001875,1.51331212e-08,40.98065080043482,0.00013170341259393734,54.489142649400044,2.8771127502720156e-06,2.9281072672513855e-08,78.85172113417774,8
10000,2,10,50,4,9.85e-05,1082.0,7.9e-05,7.2378985e-09,17.153746098177706,1.9578900207451223e-06,64.50495243691672,1.8856180831641277e-06,8.112733761780852e-10,1.8847690684861416,10
10000,2,10,50,10,7.15e-05,1110.4,5.39e-05,1.63171144e-08,23.02269279536387,2.0682789409984757e-06,26.61327989306592,2.0789954839350246e-06,3.0929525938199204e-09,4.158631735334169,10
10000,2,10,50,50,6.29e-05,1074.4,4.52e-05,2.64081199e-08,6.776992817619472,2.558211180579984e-06,73.15614958581556,2.394437999475729e-06,5.55981424703037e-09,1.41093027755821,10
10000,2,10,100,1,0.0002546,1075.6,0.0001867,1.4726630300000001e-08,37.92557901220458,9.047553383220361e-05,72.35591045504007,2.263232692902398e-06,4.244699164160814e-08,108.11729242682854,9
10000,2,10,100,4,9.95e-05,1134.0,7.95e-05,7.0216794e-09,16.67354650677341,3.836954811073781e-06,50.78057371344544,3.2744804507314165e-06,1.614517764955234e-09,3.775383407092,10
10000,2,10,100,10,7.25e-05,1122.4,5.49e-05,1.71352388e-08,23.567409028616872,2.223610677354391e-06,43.37741347752307,2.6436506745197816e-06,4.05677776112295e-09,4.778076799428656,10
10000,2,10,100,50,6.22e-05,1108.8,4.47e-05,2.54364443e-08,6.515455175945516,1.6865480854231354e-06,52.14680132940935,1.94650684275419e-06,7.511651900135136e-09,1.8832797939118444,10
10000,2,10,1000,1,0.0002266,1122.0,0.0001872,2.4155486e-08,64.83462950555457,3.2727833889689567e-06,42.71871824960212,3.4576806613039853e-06,3.734568939044179e-08,99.60784747315365,10
10000,2,10,1000,4,9.92e-05,1127.6,7.92e-05,6.8561374e-09,16.32539069437181,2.573367875415837e-06,60.02814154859184,2.5733678754158367e-06,1.695724333345108e-09,3.9712380464616577,10
10000,2,10,1000,10,7.25e-05,1095.2,5.4499999999999997e-05,1.6584701e-08,23.234756206193772,3.566822426505449e-06,35.71740938720687,3.374742788552765e-06,3.4407789609420004e-09,3.956645051785601,10
10000,2,10,1000,50,6.26e-05,1108.8,4.52e-05,2.61758765e-08,6.713511293519028,2.716206504995115e-06,60.71573107523288,2.5733678754158375e-06,5.495682135595711e-09,1.3980093787512748,10
10000,4,10,10,1,0.0002396,1112.0,0.0002174,1.4104108e-09,4.041504696534763,2.547329756605707e-06,73.56327586204651,2.065591117977296e-06,5.179905687375656e-10,1.4802325346157474,10
10000,4,10,10,4,0.0002296,1139.2,0.0001143,7.6866654e-09,18.271076273924553,1.1577756451249287e-05,55.451279917098795,4.423422506008968e-06,1.6175197531162195e-09,3.76997465201766,0
10000,4,10,10,10,0.0001376,1154.0,8.92e-05,1.6502598500000002e-08,22.973342978951088,6.2928530890209115e-06,45.616761052149336,6.6298986082409706e-06,3.0251410239046248e-09,3.575680941643243,0
10000,4,10,10,50,8.92e-05,1122.0,7.86e-05,2.34947161e-08,6.022520461368808,2.2509257354845496e-06,30.243456592570013,2.0110804171997834e-06,7.2761558986552535e-09,1.8332814486692697,10
10000,4,10,25,1,0.0002741,1095.2,0.0002213,7.0288086e-09,19.224503923385793,9.841008304256453e-05,54.9682736777417,3.400980250849253e-06,1.8985023047436285e-08,51.514538065398604,9
10000,4,10,25,4,0.0001245,1121.2,0.0001127,6.0036592e-09,14.326608734239459,3.374742788552766e-06,53.93164397848653,3.3681514877517664e-06,1.1248667289780301e-09,2.6930080711560533,10
10000,4,10,25,10,0.0001066,1094.0,8.87e-05,1.62927587e-08,22.95420397299564,1.5233005102226038e-05,79.9388655299925,3.973523485382825e-06,2.7630547715139505e-09,3.1938039520767285,8
10000,4,10,25,50,9.09e-05,1101.2,8.010000000000001e-05,2.13651739e-08,5.481013917983142,4.201851443775179e-06,46.80170937049201,3.6040101122068022e-06,8.15218600516849e-09,2.042788047000842,10
10000,4,10,50,1,0.0002757,1090.4,0.0002165,1.3655531e-08,35.45780328901739,9.45915782015855e-05,45.34117579223351,2.7182510717166826e-06,3.9323998730882146e-08,101.07948118547272,9
10000,4,10,50,4,0.00012330000000000002,1121.2,0.0001115,7.856951e-09,18.694044971755606,3.8020462326957e-06,56.66431367663818,4.034572812303401e-06,1.994826542433591e-09,4.730960461034069,10
10000,4,10,50,10,9.77e-05,1101.2,8.68e-05,1.7423498e-08,24.403532479638347,2.3118054512532925e-06,54.521759162945415,2.149935399546281e-06,1.691809678219023e-09,1.942863143104925,10
10000,4,10,50,50,9.11e-05,1088.0,8.08e-05,2.85635827e-08,7.290355256007732,2.9230881691191654e-06,56.568542494923804,2.820559440174157e-06,1.010683635117828e-08,2.530956520921782,10
10000,4,10,100,1,0.0002778,1128.0,0.0002243,1.49003403e-08,38.36041701761579,0.00010025833298700578,19.86621923433512,1.2472636716695739e-05,4.345001073859735e-08,110.77885295945816,9
10000,4,10,100,4,0.0001383,1122.0,0.00011509999999999999,3.0311228e-08,56.77239406151456,3.773901606207206e-05,32.18004902972579,8.504247304860213e-06,7.44599927562123e-08,128.77931995256094,9
10000,4,10,100,10,0.0001009,1065.6,8.97e-05,1.6527461e-08,23.17877822643944,4.121757985239902e-06,53.77153315442826,3.83115880351856e-06,2.4501235926729174e-09,2.7984721878359795,10
10000,4,10,100,50,9.08e-05,1088.4,7.999999999999999e-05,2.6131474499999998e-08,6.692554469720327,4.10419839243237e-06,63.45462070557895,3.829708431025354e-06,5.087630136166593e-09,1.2899732000025506,10
10000,4,10,1000,1,0.00024660000000000003,1121.6,0.0002243,8.4845604e-09,23.031300576935408,1.6493769867572554e-05,69.21014697603556,1.6673665197283735e-05,2.2724051544012683e-08,61.062362445040115,10
10000,4,10,1000,4,0.0001248,1115.6,0.0001129,7.5708941e-09,18.016490437452642,2.859681411936959e-06,56.36231995856018,2.8848262031225074e-06,1.5145925861170612e-09,3.567298462446315,10
10000,4,10,1000,10,9.79e-05,1106.8,8.730000000000001e-05,1.57487626e-08,22.390448016638114,1.595131481867387e-06,69.10346510044839,1.7029386365926376e-06,2.3459767796284395e-09,2.6382883660195384,10
10000,4,10,1000,50,8.92e-05,1107.2,7.92e-05,2.80172628e-08,7.164667467432416,1.8737959096740267e-06,67.90319907371408,2.394437999475731e-06,6.027043654257364e-09,1.51095483162168,10
10000,6,10,10,1,0.0003287,1122.4,0.0002701,5.118465199999999e-09,14.25328965431716,0.00012401617278045275,42.75823507427156,6.919376979018985e-06,1.2415705085929233e-08,34.26330509379641,9
10000,6,10,10,4,0.0003384,1127.2,0.0001606,6.7914451e-09,16.151034214884273,6.484168755086832e-06,66.79454402203156,3.4058772731852824e-06,1.92912916027929e-09,4.510828218654578,0
10000,6,10,10,10,0.0002033,1128.8,0.0001376,1.66794651e-08,23.3568377882522,5.850925852660703e-06,55.258584049096946,4.033195589934443e-06,3.3620446601305793e-09,4.073863144728419,0
10000,6,10,10,50,0.0001389,1087.2,0.0001271,2.65056183e-08,6.775302771660359,5.445691467165167e-06,72.90297966780537,4.998888765404654e-06,5.176295601624348e-09,1.2920861240898407,10
10000,6,10,25,1,0.00033350000000000003,1146.0,0.0002733,9.7179714e-09,26.115901796829192,0.00012619759638492854,56.98342839028827,1.276322843170959e-05,2.6026873215219155e-08,69.09747358923626,9
10000,6,10,25,4,0.0002253,1492.0,0.0002119,7.1319888e-09,16.998789573796262,0.00011034899183952702,747.3282783058296,0.00011087876261935827,1.153167925634501e-09,2.681756942370768,10
10000,6,10,25,10,0.0001761,1108.0,0.0001434,5.85078266e-08,59.8290296569563,2.75537857854617e-05,40.83571421630281,1.662795504230418e-05,1.3160736354258682e-07,114.71355716920736,6
10000,6,10,25,50,0.0001847,1147.6,0.0001731,2.7484809e-08,7.020014930331539,0.00012200095628040517,45.42931016669989,0.00012151309943102155,8.568483498759847e-09,2.1447380433682195,10
10000,6,10,50,1,0.0004153,1120.8,0.0002721,1.046001011e-07,206.13376675884246,0.00020598708157983545,30.33443221452773,1.4379383389654322e-05,2.2783379315882656e-07,402.3706442981264,7
10000,6,10,50,4,0.0001731,1114.0,0.0001605,7.8169577e-09,18.481432316506787,3.573047252229766e-06,47.935141365993466,3.922867431979937e-06,1.4369824164563315e-09,3.3501672332582486,10
10000,6,10,50,10,0.0001481,1082.0,0.0001364,1.7524738e-08,24.57044273018578,4.93175650475794e-06,56.450568346710796,5.037636129950016e-06,2.2300645034375623e-09,2.8399933989972324,10
10000,6,10,50,50,0.0001416,1120.0,0.00013,2.62557221e-08,6.702595817779245,6.1137368096588676e-06,77.01082175036615,5.656854249492376e-06,9.627302402706855e-09,2.3922980772684057,10
10000,6,10,100,1,0.0003302,1128.8,0.0002689,7.688959399999999e-09,21.02219222098478,0.00013114012861566567,46.90605267742936,6.983313444681307e-06,1.97825966972657e-08,53.48226038176762,9
10000,6,10,100,4,0.0002179,1274.4,0.0001892,1.87295128e-08,38.86850527903417,0.00010117251493255357,576.7223865180813,9.099670323698546e-05,4.147043200444539e-08,80.59024772035043,9
10000,6,10,100,10,0.0001714,1320.0,0.0001601,1.71722728e-08,23.926984174605042,7.614051338005135e-05,601.8430950929911,7.659627202996821e-05,2.426162824382651e-09,2.3276623575203037,10
10000,6,10,100,50,0.0001384,1101.6,0.000127,2.87562223e-08,7.359054498953712,2.4585451886114352e-06,32.452358243362774,2.5819888974716126e-06,5.894292369212912e-09,1.4722649065640407,10
10000,6,10,1000,1,0.00028680000000000003,1116.0,0.0002675,8.7063965e-09,23.582323750572193,6.6799866932668504e-06,48.22171018673367,6.240548408949689e-06,2.3462451420185765e-08,62.906696591198255,10
10000,6,10,1000,4,0.0001761,1142.4,0.0001627,4.6287069500000003e-08,86.50634936106488,7.062420107709376e-06,42.29841079231648,6.1110101001753005e-06,8.817804988082099e-08,151.99021887628933,10
10000,6,10,1000,10,0.0001486,1108.4,0.00013550000000000001,1.73318751e-08,24.784406860901512,5.189733454940948e-06,41.072293986741634,5.317685377847937e-06,1.9167380565448767e-09,2.776760637320957,10
10000,6,10,1000,50,0.0001412,1128.4,0.0001299,2.86884392e-08,7.344219155869334,4.8027769744874375e-06,50.01155422055543,4.771442828607161e-06,6.477435540609275e-09,1.6438222566947223,10
10000,8,10,10,1,0.0003192,1087.2,0.0003014,1.495363e-09,4.28531055519891,6.795423296438395e-06,79.9955554320919,5.872724145478736e-06,2.720520391620365e-10,0.7760969701326957,10
10000,8,10,10,4,0.0003693,1120.8,0.000199,6.9544349e-09,16.583141858115297,8.577101297446982e-06,62.76021386550914,8.192137151629669e-06,1.2245893799939137e-09,2.870067941673969,0
10000,8,10,10,10,0.0002389,1114.8,0.00017230000000000001,1.78689172e-08,24.678769799229592,4.1217579852399e-06,66.5345357272781,6.5667512684905475e-06,2.2303157351374066e-09,2.069365167996696,0
10000,8,10,10,50,0.00017900000000000001,1089.6,0.0001673,2.39545426e-08,6.134457270260598,9.614803401237306e-06,47.18568521160723,9.592242235844086e-06,5.71562923581078e-09,1.3984300200244304,10
10000,8,10,25,1,0.00040249999999999997,1105.2,0.0003052,1.20342857e-08,32.96136498945095,0.00017028750198805941,81.65074674762286,1.2734903917100345e-05,2.3014069604740647e-08,62.631180518350384,8
10000,8,10,25,4,0.0002079,1109.2,0.000196,6.6174629e-09,15.707664354993966,5.933895104491747e-06,41.22782232101683,5.033222956847164e-06,1.4721507326450005e-09,3.426302112486644,10
10000,8,10,25,10,0.0002088,1114.0,0.0001714,1.77705265e-08,24.679887794626918,2.757132165453404e-05,49.79067293290091,7.381658952355414e-06,1.3936551327269082e-09,1.6892097036178617,5
10000,8,10,25,50,0.0001768,1142.0,0.0001648,2.6230622700000002e-08,6.716356784742023,7.435649863252634e-06,53.74011537017761,6.696599468718769e-06,4.167828876008789e-09,1.0433730568347377,10
10000,8,10,50,1,0.0003886,1306.0,0.0003305,7.785138100000001e-09,21.230107796639288,0.00014940489356852476,589.3612361418647,9.247972750824907e-05,2.0859980417997035e-08,56.36511613982024,9
10000,8,10,50,4,0.0002251,1141.6,0.0001985,1.62180599e-08,35.45077887719076,5.297473192213645e-05,31.223922452717776,7.70641868113126e-06,2.9502216263374e-08,60.19558954238238,9
10000,8,10,50,10,0.0002054,1320.0,0.0001939,1.73220121e-08,24.05795881565119,6.866537215608268e-05,559.6157411811946,6.888871863778247e-05,3.29663955144152e-09,3.654860387819581,10
10000,8,10,50,50,0.0001829,1114.4,0.000172,2.99398827e-08,7.653042840629511,2.462812303941257e-05,67.33531350223629,2.4948836534885635e-05,8.957448738185232e-09,2.2397712667504863,10
10000,8,10,100,1,0.0003617,1109.2,0.00030209999999999997,5.9249026000000005e-09,16.498829060069397,0.00013202529218970803,39.82405749739164,6.454111523328025e-06,1.3565068129805264e-08,37.36013567115569,9
10000,8,10,100,4,0.0002119,1099.6,0.0002004,6.8112649e-09,16.23767179538891,9.243015380996255e-06,63.70627040479523,9.766154707855995e-06,9.25819515889265e-10,2.189672469279686,10
10000,8,10,100,10,0.000214,1312.4,0.0002023,1.71542327e-08,23.86601627610488,9.021948545383949e-05,562.1654956011125,8.935826766449763e-05,3.018842067423426e-09,3.45742951551399,10
10000,8,10,100,50,0.0001748,1141.2,0.0001627,2.37263459e-08,6.081519223910938,3.705851229249942e-06,32.389298644253884,2.8303906287138336e-06,6.27186263104279e-09,1.5872219018141396,10
10000,8,10,1000,1,0.0003223,1100.8,0.0003048,7.9229807e-09,21.564664850575685,6.2369864518050665e-06,78.46981018908552,6.746192341692546e-06,2.1370425133022857e-08,57.62570661133912,10
10000,8,10,1000,4,0.0002119,1128.4,0.0001994,7.5264928e-09,17.87833256643712,6.471304179049055e-06,38.34115862157069,6.467010300148151e-06,9.375032908252523e-10,2.2382628639685227,10
10000,8,10,1000,10,0.0001831,1080.8,0.0001715,1.82378488e-08,24.850042817174874,2.960855732160324e-06,57.218489630149755,2.505549396395486e-06,3.5002787112018766e-09,3.577509548034608,10
10000,8,10,1000,50,0.0001767,1140.4,0.0001654,2.44594565e-08,6.267032658708616,5.907622195096773e-06,55.53617439711405,5.059644256269402e-06,6.124455765752238e-09,1.5484988478156545,10
10000,16,10,10,1,0.0004664,1114.0,0.0004477,1.4458042e-09,4.147288100478335,1.1067469850371803e-05,73.39996972448664,1.010005500535076e-05,4.446334629109439e-10,1.275689370874001,10
10000,16,10,10,4,0.0004918,1096.0,0.0003454,3.19740855e-08,59.73128720563404,6.095681531488775e-05,64.99230723708769,2.3090161444986815e-05,7.719701841654313e-08,132.10867913700622,1
10000,16,10,10,10,0.0003787,1095.2,0.0003128,1.60870118e-08,22.516961898667482,7.513691207093585e-06,53.92340246435988,9.089676684141305e-06,2.8960037997278554e-09,3.2060187162574714,0
10000,16,10,10,50,0.0003258,1211.2,0.0003119,2.53480186e-08,6.481908089335705,9.908470001860921e-06,388.1250657541544,9.757618106439257e-06,7.536908018300862e-09,1.8884576023183484,10
10000,16,10,25,1,0.0005496,1619.2,0.0004544,2.05003784e-08,53.125029312429824,0.0001639730330132231,628.5497947215038,2.179806311477136e-05,4.735003824202115e-08,120.35563902262574,8
10000,16,10,25,4,0.0003599,1368.4,0.000346,7.1060769e-09,16.931655983073682,1.3253511065206676e-05,486.3595377907171,1.229272594305718e-05,1.3740237738788664e-09,3.2533427047259096,10
10000,16,10,25,10,0.0003609,1226.0,0.000327,1.74464937e-08,24.416516438265866,3.0482964276971352e-05,382.49822076565124,1.5224249662225649e-05,1.6921704538253723e-09,2.1614230893927906,6
10000,16,10,25,50,0.0003328,1128.4,0.0003187,2.1259038e-08,5.463691376608564,1.4778362561528932e-05,58.34609384240445,1.4907492523336497e-05,5.524837832082857e-09,1.3931690639130867,10
10000,16,10,50,1,0.000668,1842.0,0.0004483,5.40044933e-08,138.70975554716875,0.00022046365283697497,621.8631503616996,1.0687999500997997e-05,6.801086052602229e-08,169.98708074938645,5
10000,16,10,50,4,0.00037,1204.4,0.0003432,1.78610931e-08,38.034419219485535,4.495676935803007e-05,384.6358162094517,1.9280387271352548e-05,3.611648086295224e-08,71.86254442009981,9
10000,16,10,50,10,0.0003331,1107.2,0.0003198,1.71093816e-08,23.753572017110635,1.5117686477912038e-05,53.95636096781258,1.4642404174178492e-05,3.078331833062843e-09,3.2275196934641217,10
10000,16,10,50,50,0.0003241,1259.2,0.000311,2.28417339e-08,5.866554104678888,1.028969279316821e-05,369.55613015255653,1.0132456102380448e-05,5.365123280005376e-09,1.3468478810333027,10
10000,16,10,100,1,0.0005419,1843.6,0.0004451,1.21463695e-08,33.23309879400621,0.00016801087927737168,610.8135194603632,8.345990387938117e-06,2.318726008180688e-08,62.91111206844415,8
10000,16,10,100,4,0.0003632,1454.8,0.000349,7.2313524e-09,17.120679888569665,1.3180794108601094e-05,585.7418468157377,1.2927146286443547e-05,1.037871557598659e-09,2.3957924161660276,10
10000,16,10,100,10,0.00033,1115.2,0.0003166,1.58463792e-08,22.518941767795788,8.563488385776755e-06,49.30810165570044,9.008637830191405e-06,1.7286204117522801e-09,2.2779840151111093,10
10000,16,10,100,50,0.0003264,1253.2,0.0003115,2.5137106e-08,6.42495236972558,6.501281924871944e-06,370.16776977173174,6.1508806957486465e-06,8.820837495971721e-09,2.207555134281875,10
10000,16,10,1000,1,0.0004641,1567.6,0.0004464,7.857659499999999e-09,21.404905420890028,6.297265720577112e-06,592.1604887565908,7.633260552782593e-06,2.050438889275272e-08,55.25091748388718,10
10000,16,10,1000,4,0.0033876,1243.6,0.0023632,3.37799562e-08,60.69844952098314,0.00958254721645323,390.16099241210674,0.006387383220067511,8.584751140313513e-08,141.89095858455363,10
10000,16,10,1000,10,0.00033,1108.4,0.0003166,1.59042285e-08,22.27071100184432,8.379870059984353e-06,53.148011356128,8.34266144584568e-06,3.7746614325506e-09,4.455740860483061,10
10000,16,10,1000,50,0.00032690000000000003,1252.8,0.00031329999999999997,2.95466604e-08,7.545939865333627,2.358648388849474e-05,372.5458361061093,2.425810288451173e-05,5.213197351425199e-09,1.2969232318980901,10
50000,2,10,10,1,0.0013133,1115.6,0.0007932,8.7414297e-09,24.537919685780185,0.0006966521609335131,39.3028130177868,7.114929530376405e-06,2.0036682277644543e-08,55.944954205317984,8
50000,2,10,10,4,0.000435,1122.4,0.0002501,3.8286735e-09,9.254337081727668,0.00020304569819514905,43.37741347752307,3.6953424138441586e-06,6.849042121038613e-10,1.663519236820343,8
50000,2,10,10,10,0.0003397,1121.2,0.0001266,1.3285953e-08,18.523746349455326,5.0655810240397015e-05,42.0391352062443,2.5473297566057028e-06,4.797605461709414e-09,5.883460613528404,1
50000,2,10,10,50,0.0001561,1121.6,8.08e-05,1.39580893e-08,3.6263456942335353,4.280446497997865e-06,60.87363961518976,4.366539438350081e-06,4.391001354481561e-09,1.1325149107099932,10
50000,2,10,25,1,0.0014441,1114.4,0.0007992,1.76202506e-08,48.621753878831804,0.0007345321186533189,48.04442388734271,1.3214470183182616e-05,4.042772786492411e-08,110.24102578823884,7
50000,2,10,25,4,0.0005806,1148.0,0.0002541,4.7193377799999996e-08,106.08715935977675,0.0002518726309510865,43.89887368841154,9.255028663140682e-06,5.59147821744815e-08,123.09021850804963,5
50000,2,10,25,10,0.0002191,1135.6,0.0001269,1.9641982000000002e-08,27.309386948619736,5.0007666078979e-05,50.295128988799696,3.3813212407775353e-06,2.5349372111603635e-08,34.296331405844114,9
50000,2,10,25,50,0.0001552,1102.0,7.98e-05,1.213642e-08,3.1577261986817655,1.873795909674021e-06,62.6028043390319,1.6193277068654845e-06,3.1819221925246526e-09,0.8264876213287478,10
50000,2,10,50,1,0.0017587,1102.4,0.0007936,3.14293383e-08,87.92227301429408,0.0008254384760706141,53.47315006410019,3.717824931626317e-06,3.4046433052066905e-08,95.01066505527776,5
50000,2,10,50,4,0.0004927,1114.4,0.0002555,1.311295285e-07,222.68265615332768,0.00024643144189724566,57.26197109193267,1.107800623858925e-05,2.7948776542072636e-07,429.89089731195423,7
50000,2,10,50,10,0.0002041,1116.0,0.0001275,1.05844699e-08,15.313360822623686,4.909175083453434e-06,47.62818959864467,3.5668224265054476e-06,3.941500055085442e-09,5.114513254060466,10
50000,2,10,50,50,0.0001654,1088.0,8.280000000000001e-05,5.8036602400000004e-08,13.74698568309885,2.2237106126672345e-05,74.571367755251,4.984420171338332e-06,1.4574408941753575e-07,33.64387825786744,9
50000,2,10,100,1,0.001443,1121.6,0.000797,5.4363845800000003e-08,140.5610906649022,0.0007476649576440566,75.50011037519526,1.724335620850343e-05,1.1650240940803306e-07,289.2453194410519,7
50000,2,10,100,4,0.00038689999999999997,1101.2,0.0002487,1.55770507e-08,35.39236728160228,0.00015650236064957258,70.5546281653837,4.5958918853931025e-06,3.815736972077493e-08,85.07121266111295,9
50000,2,10,100,10,0.0002147,1080.8,0.0001237,2.9926105800000003e-08,39.75609930316246,4.659291791678216e-05,83.39038047374262,3.0203016773531426e-06,6.256471869457505e-08,78.88068423343329,9
50000,2,10,100,50,0.0001569,1114.4,8.03e-05,7.65894547e-08,17.401177170632423,7.233410137841085e-06,71.36011958136467,4.029061098237819e-06,2.010816564860777e-07,44.4652179359997,9
50000,2,10,1000,1,0.0009787,1112.8,0.0007918000000000001,8.3996786e-09,23.916295267666342,3.093002855909883e-06,59.592691572783394,3.3266599866332488e-06,9.920168215839893e-09,28.21501042409491,10
50000,2,10,1000,4,0.0003953,1107.6,0.0002541,7.27388624e-08,133.64705494888787,0.000177114558031424,52.40695458513964,1.4340695783523052e-05,1.8506561745318712e-07,318.37406529563265,9
50000,2,10,1000,10,0.0002039,1083.2,0.0001275,3.31266412e-08,41.995748854083764,4.840798832148812e-06,44.45422114690322,4.576510072581988e-06,6.846670594210541e-08,81.17320851943457,10
50000,2,10,1000,50,0.0001641,1094.8,8.67e-05,1.4575823099999999e-08,3.7840348617581627,4.458450154232726e-06,73.20109288801636,3.888730155490635e-06,4.799776786136702e-09,1.2443423347857123,10
50000,4,10,10,1,0.0014164,1094.8,0.0008211,9.7707741e-09,27.607670991234112,0.0008004204728349554,48.297227893764486,4.748099034818496e-06,1.7931182029150823e-08,50.3660784961875,7
50000,4,10,10,4,0.00040730000000000003,1304.8,0.000314,6.7462546000000006e-09,15.965944048371217,0.00016991831370789123,609.599650043644,9.495027938640072e-05,1.2314841584974028e-08,28.72811861114335,9
50000,4,10,10,10,0.0003672,1121.6,0.0001623,3.26864553e-08,43.50138151165422,6.005145941422055e-05,68.77208736107985,7.273238618387276e-06,6.570219902159739e-08,84.90417499096898,1
50000,4,10,10,50,0.0001857,1293.6,0.000145,4.99312044e-08,12.01974818201459,8.920519416865068e-05,568.3729604953268,8.974779477327935e-05,1.2256476412314816e-07,28.814496346265745,9
50000,4,10,25,1,0.0016432,1135.2,0.0008346,1.7983069e-08,50.42049586777381,0.000931474195980639,68.65825191159148,1.1207140580897515e-05,2.887413099789371e-08,80.11585894394108,6
50000,4,10,25,4,0.0003986,1108.4,0.0002985,1.36662787e-08,31.29341472753052,0.0001713885773452958,41.7590974785402,6.311365409587166e-06,3.2833267622544906e-08,73.87379111977098,9
50000,4,10,25,10,0.0002352,1134.8,0.000176,1.13124913e-08,16.053181039188516,6.255806191939701e-05,40.532017522502436,6.699917080747257e-06,5.015155161967774e-09,6.221323213826831,9
50000,4,10,25,50,0.0001692,1121.6,0.0001292,1.359821e-08,3.536538542723243,2.973961069759399e-06,42.04547802347147,3.1552425509864633e-06,3.159850287573729e-09,0.8169377911878972,10
50000,4,10,50,1,0.0018610999999999999,1102.0,0.0008418,2.07177747e-08,58.3257250173657,0.0009760309022885608,45.22536161639101,3.3928028399998624e-06,2.3881878016130127e-08,66.87367110821742,5
50000,4,10,50,4,0.00039139999999999997,1120.0,0.0002902,1.54168443e-08,34.786818419772175,0.0001734680245911492,55.136195008360886,1.9920954907946666e-05,3.8290881886383226e-08,84.76781976947555,9
50000,4,10,50,10,0.0002191,1140.8,0.0001605,2.66214386e-08,36.57895839832343,6.14825178404398e-05,31.765809712120777,2.877112750272014e-06,5.3043074671528234e-08,70.48540774917613,9
50000,4,10,50,50,0.0001562,1075.6,0.0001145,1.10288305e-08,2.869539688457603,8.107609594284448e-06,56.33076917241194,2.068278940998478e-06,2.2690366699670514e-09,0.5932248148539301,10
50000,4,10,100,1,0.0010793,1109.2,0.0008188,1.49978362e-08,42.55886605371589,0.0005251930967643128,51.12251080601491,3.1552425509864388e-06,1.5677822644886337e-08,44.39699937363733,9
50000,4,10,100,4,0.0003264,1133.2,0.0002792,3.2759282e-09,7.933301389215855,3.0983866769659375e-06,69.07773399101431,2.0976176963403064e-06,4.642557157845471e-10,1.1524835415895447,10
50000,4,10,100,10,0.000199,1120.8,0.0001595,1.2879852e-08,18.14908461814727,3.5590260840104366e-06,61.78960718078369,3.274480450731417e-06,4.00618812106374e-09,4.946107891603917,10
50000,4,10,100,50,0.0001847,1301.2,0.0001448,1.24832513e-08,3.24141229118878,9.709336858005401e-05,566.9883008787159,9.740841852735317e-05,3.215799897068917e-09,0.8366328410972218,10
50000,4,10,1000,1,0.0009218,1102.8,0.0008277,3.21382073e-08,89.23360410492698,1.902512958051944e-05,53.53462015887995,1.8336666363691452e-05,4.31321343365848e-08,117.61610465881644,10
50000,4,10,1000,4,0.00032859999999999996,1096.8,0.0002829,1.1541742399999999e-08,27.32491077858644,5.125101625008677e-06,55.80282748710459,4.771442828607155e-06,1.6986813699133396e-08,39.8909865322969,10
50000,4,10,1000,10,0.0001995,1122.4,0.0001578,1.72759175e-08,24.707597284804514,6.114645442614715e-06,53.93658828249666,3.9665266081716055e-06,2.7059392045283907e-08,37.80155299619185,10
50000,4,10,1000,50,0.0001541,1120.8,0.0001144,6.239037089999999e-08,14.609864187944254,4.306326095924974e-06,54.51360686409709,4.325634186002223e-06,1.594355001168982e-07,36.36718792494997,10
50000,6,10,10,1,0.002345,1114.8,0.0008677,2.8924463900000002e-08,81.4185860509155,0.0009679187293707394,56.82096639641236,6.88072993543885e-06,2.4146515913294815e-08,67.47965396244611,3
50000,6,10,10,4,0.0006288,1100.8,0.0003311,3.73923694e-08,81.69265813378078,0.00042564220759798817,64.52010883782238,7.894442489639296e-06,6.006879447285655e-08,128.3873117698159,7
50000,6,10,10,10,0.0004732,1101.6,0.00021,1.13902859e-08,16.161294961130075,0.00012715677113093289,63.92217490389735,1.396821789317131e-05,5.111258568065218e-09,6.514283222134159,2
50000,6,10,10,50,0.0001935,1096.8,0.0001628,1.06851773e-08,2.7778193284480817,4.813176359397881e-06,61.58787759508089,5.202563470700444e-06,4.4691991979699615e-09,1.1571040932335328,10
50000,6,10,25,1,0.0021546,1107.2,0.000874,1.162824404e-07,284.1177869265264,0.0010529893109091323,60.803508670689936,1.852925614624975e-05,2.068115860341027e-07,479.9688214417979,4
50000,6,10,25,4,0.0006533999999999999,1287.2,0.0003633,5.79804623e-08,116.16463169243815,0.0004143209169499196,572.6904923254793,9.909036280082943e-05,1.284938894892994e-07,242.93337017881785,7
50000,6,10,25,10,0.000239,1090.0,0.0002064,9.7874775e-09,14.235491864533895,7.859884081701068e-06,55.2408866289776,6.818276093624319e-06,3.823777799398166e-09,5.09160825254991,10
50000,6,10,25,50,0.0001998,1092.8,0.00016680000000000002,5.6542849e-08,13.481489325301505,1.2254704312131637e-05,72.80537220715394,5.308274463305166e-06,1.374532056940079e-07,31.858463963839096,9
50000,6,10,50,1,0.0011359,1121.6,0.0008682,2.8860371e-09,8.241598224612284,0.0006150523825930059,62.25967127014619,7.052186422190884e-06,6.360011480018001e-09,18.127818545208644,9
50000,6,10,50,4,0.0004182,1087.2,0.0003322,9.2570459e-09,21.72141732726275,0.00017178397286514636,84.80670833004767,6.069962474714688e-06,1.823508148081541e-08,42.05262444827363,9
50000,6,10,50,10,0.0002385,1106.4,0.0002097,1.17576001e-08,16.743912931377757,5.147815070493498e-06,69.56883082402796,5.012207320355201e-06,4.68049179368086e-09,5.8737711847236795,10
50000,6,10,50,50,0.000197,1100.0,0.0001675,1.37656285e-08,3.57559883025269,6.35959467611297e-06,70.65408693062278,5.562773089426212e-06,2.369796499974922e-09,0.6086831336224016,10
50000,6,10,100,1,0.0014847999999999999,1134.8,0.0008736,2.14674339e-08,60.438987969939426,0.0008735659741033365,40.532017522502436,8.071899129421503e-06,2.415538162457433e-08,67.66570462185783,7
50000,6,10,100,4,0.0004213,1095.6,0.0003336,8.3557485e-09,19.768361508364695,0.00017288277981208986,45.624554792348384,6.449806198638845e-06,1.687418218431288e-08,39.493753472746526,9
50000,6,10,100,10,0.0002702,1108.0,0.0002112,2.90825769e-08,39.087970014847606,8.471756999977433e-05,60.57502235520292,4.211096452627672e-06,5.880297843771549e-08,76.33887392152134,9
50000,6,10,100,50,0.000195,1094.4,0.0001663,1.2347409700000001e-08,3.2101864413056154,5.51764845241562e-06,64.22737388026663,5.334374898294607e-06,3.795621426921993e-09,0.9843682964692145,10
50000,6,10,1000,1,0.0009384,1095.2,0.0008729,2.35797084e-08,66.19820297528395,5.399588461684431e-06,47.99259202094516,5.933895104491747e-06,2.8177061012555243e-08,78.44989616609836,10
50000,6,10,1000,4,0.0003628,1098.4,0.00033,2.06892916e-08,46.86746495053179,3.735713526965833e-06,53.96953873354034,3.2998316455372307e-06,4.102775233674522e-08,90.73269034466918,10
50000,6,10,1000,10,0.00027309999999999997,1306.4,0.0002406,1.12322159e-08,15.977571392612294,0.00010102414452880943,564.1692417469543,0.00010117663322680348,4.548681301971777e-09,5.6251060222497244,10
50000,6,10,1000,50,0.0001978,1141.6,0.0001665,1.20374918e-08,3.128235279975058,9.704523572941528e-06,52.83769698068058,1.0222524150130435e-05,4.770852890946412e-09,1.2338042481355433,10
50000,8,10,10,1,0.0019548,1102.0,0.0008993,1.97902795e-08,55.773438166727324,0.0010561126623403186,57.0146180086008,8.097324661063472e-06,2.3004248613381432e-08,64.52121285994062,5
50000,8,10,10,4,0.0007998,1093.6,0.0003667,3.52138304e-08,79.41680206101191,0.00042875758496692124,71.40992772561654,5.121848624601603e-06,5.335678833472537e-08,118.74804043738187,5
50000,8,10,10,10,0.0004799,1086.8,0.0002387,1.06262458e-08,15.077744867453305,0.00011593144525968784,65.23938823883758,6.464432603785809e-06,5.073862713141883e-09,6.54539339033263,2
50000,8,10,10,50,0.000228,1099.2,0.0001978,5.1084423500000004e-08,12.31538620449213,1.3424687043734837e-05,63.93885968468454,6.460134157533676e-06,1.223208442730942e-07,28.75632504604043,9
50000,8,10,25,1,0.0015405,1101.6,0.000896,1.168825e-08,33.018602322786826,0.00095115546690445,61.57055573351059,7.916228058025288e-06,1.93951090296926e-08,54.582851083449896,7
50000,8,10,25,4,0.00047379999999999997,1081.6,0.0003645,9.4754089e-09,22.336467392142218,0.00025323673596941746,70.98544451740324,8.872554436137445e-06,1.8426743794188985e-08,42.81762551848315,9
50000,8,10,25,10,0.0003044,1120.0,0.000248,3.00764605e-08,39.23188062302576,9.172688930854587e-05,63.30174650916917,2.014944167960988e-05,5.768034155042496e-08,70.77138539845889,9
50000,8,10,25,50,0.000224,1142.0,0.0001978,1.1276293899999999e-08,2.936976059268395,6.463573143221769e-06,43.174066289845804,6.76264248155507e-06,3.224920416553026e-09,0.8408814568378037,10
50000,8,10,50,1,0.0017881,1120.8,0.0008964999999999999,1.85515412e-08,52.22029285931767,0.001081677139137799,61.32753595789307,7.027722880769356e-06,2.5176951428079654e-08,70.59397021551779,6
50000,8,10,50,4,0.0005545,1129.2,0.0003721,1.97301728e-08,45.22482849432255,0.0003233100507081227,36.614508356964485,1.4433371824429054e-05,3.790828518224889e-08,85.38957220947837,8
50000,8,10,50,10,0.0003272,1107.2,0.00024629999999999997,8.532363039999999e-08,98.36782716602427,0.00011489202660662653,51.667311823928976,6.342975116877981e-06,1.8646728172912237e-07,201.2994931386652,8
50000,8,10,50,50,0.0002587,1326.0,0.0002278,5.70702905e-08,13.541204502045233,8.871183060273806e-05,600.726227161758,8.959637889508209e-05,1.415876705216568e-07,32.70856383070272,9
50000,8,10,100,1,0.0019183,1086.8,0.0009014,3.37717307e-08,94.40802052605088,0.0010236415442483326,64.36147916261713,6.5861808187885015e-06,3.44070200988402e-08,96.08301363270624,5
50000,8,10,100,4,0.0004008,1122.0,0.0003717,6.4071293000000006e-09,15.329897447543946,1.2398924684557664e-05,31.16978594016256,1.240116481984208e-05,1.0329269691287097e-08,24.472867474114405,10
50000,8,10,100,10,0.0003023,1093.2,0.0002479,2.76758582e-08,36.380812883189826,8.479524357729819e-05,72.98218960815029,1.0311266761277313e-05,4.9653186848430374e-08,61.265027030413236,9
50000,8,10,100,50,0.0002191,1106.4,0.000194,4.55490417e-08,11.096372633061142,5.4660568765589874e-06,69.51770358053487,5.577733510227173e-06,1.0594622573733602e-07,25.178850102764027,10
50000,8,10,1000,1,0.0011717000000000001,1108.4,0.0009096,1.145375997e-07,261.67726816196864,0.0006829164663412357,42.39287151816394,2.502088016925954e-05,2.6682047870179257e-07,561.2048670069635,9
50000,8,10,1000,4,0.0004023,1106.8,0.0003723,4.8743554899999995e-08,96.55027216685912,1.3149144458861186e-05,61.65279123175743,1.4134669748136637e-05,1.2412292239944413e-07,235.79107016231623,10
50000,8,10,1000,10,0.0002704,1155.2,0.0002432,4.7189847e-08,62.599130131029405,7.73448267321236e-06,45.91005699553566,7.0836274448744e-06,7.628673143571478e-08,98.81680585379539,10
50000,8,10,1000,50,0.0002317,1119.6,0.000206,1.18420599e-08,3.080758989363372,1.5923776771440457e-05,55.182928116905465,1.6519348924485156e-05,3.0678755207262983e-09,0.7920677902024509,10
50000,16,10,10,1,0.0022663,2224.8,0.0010439,2.28495148e-08,64.3513814574347,0.0010211064859041664,85.28748768462789,1.0608696642116055e-05,2.5382100504951426e-08,70.73742650317567,4
50000,16,10,10,4,0.0006066,1958.4,0.0005076,6.640139e-09,15.781078709298065,0.00023813730866409358,550.0713489074748,7.290785661062579e-06,1.1755584444063027e-08,27.587797533666592,9
50000,16,10,10,10,0.0006811,1417.6,0.0004217,3.81817734e-08,50.85035471095806,0.0001378521349530398,665.3031389274115,0.00010164322134035523,6.864174635022214e-08,88.67960637159904,1
50000,16,10,10,50,0.0003664,1121.6,0.0003406,5.45775102e-08,13.00259450720348,1.8644033898274266e-05,53.93658828249666,8.221921916437779e-06,1.3616539916391543e-07,31.649037439223722,9
50000,16,10,25,1,0.0021024999999999998,2467.2,0.00107,2.69638222e-08,74.74656445811874,0.001022222116545888,618.6402293201868,8.330799614816231e-05,4.3398090869308205e-08,118.25885440376939,5
50000,16,10,25,4,0.0006129,1443.6,0.0005161,6.6327524e-09,15.828839159164222,0.00023200452581792448,553.490580066384,1.3428411008835777e-05,1.1302605154348035e-08,26.70775674833784,9
50000,16,10,25,10,0.0004143,1221.2,0.0003932,1.06067084e-08,15.298428038513546,6.360468186820491e-06,385.6125862399549,6.390965845976983e-06,4.2860286355707014e-09,5.462039821675202,10
50000,16,10,25,50,0.0003658,1096.0,0.00034449999999999997,1.20908875e-08,3.1443151839618153,2.0900824013527425e-05,64.1110148275803,1.9766694772324037e-05,3.2683118489328283e-09,0.8468455827628997,10
50000,16,10,50,1,0.0022938,2650.8,0.0010989,2.44210535e-08,68.80285395280352,0.0009844247953895602,875.0122284859796,0.00011811148217773843,2.3895988812215592e-08,66.91826875872104,4
50000,16,10,50,4,0.000739,1842.4,0.0005061,3.11503457e-08,70.35226527144832,0.0003407993870625683,611.3568152523986,6.505553183413559e-06,4.9413404390236136e-08,109.37050459377106,7
50000,16,10,50,10,0.0004097,1121.2,0.0003883,1.06245321e-08,15.2757747458261,8.042249547096742e-06,54.55435617599916,7.717944458640958e-06,4.057510547572337e-09,5.099541144387866,10
50000,16,10,50,50,0.0003654,1088.8,0.0003439,9.5747588e-09,2.4896308779663916,1.0731055658953386e-05,57.156315875364506,1.050343859039611e-05,3.264887637758348e-09,0.8440151944524283,10
50000,16,10,100,1,0.0010821,2193.2,0.0010467,6.2484143000000005e-09,17.744672405524405,6.9833134446813285e-06,83.11812210476258,7.394442357458626e-06,1.1340370026696895e-08,32.13861672716144,10
50000,16,10,100,4,0.0008201,1508.4,0.0005067,5.3087847999999997e-08,117.27760412194294,0.0003758009076921212,580.1163101769621,9.718824803213366e-06,7.127098506695587e-08,154.7363944639597,6
50000,16,10,100,10,0.000442,1390.0,0.000389,3.30616054e-08,41.10707832884479,0.00010119508112771315,514.2701408576797,1.1450376024878443e-05,7.406003306932866e-08,85.90426662143105,9
50000,16,10,100,50,0.0003671,1244.0,0.0003462,1.32261281e-08,3.4423819219937863,2.4287399568043047e-05,390.4823228322179,2.4530253429863562e-05,3.723159369587652e-09,0.9654866223207539,10
50000,16,10,1000,1,0.0010788,2238.8,0.0010444,7.11809243e-08,189.08079330041656,1.7899720668211535e-05,102.43350146422908,1.650723746993691e-05,1.0184498393134323e-07,263.3230980176667,10
50000,16,10,1000,4,0.0005654,2372.8,0.0005414,1.63222403e-08,36.50085480421377,8.470366645612873e-05,220.57540912602002,8.458815257206861e-05,4.1950720098802634e-08,92.12764051989443,10
50000,16,10,1000,10,0.0004098,1492.4,0.0003887,1.40984997e-08,19.6834396340562,1.186779020898349e-05,597.8433834300678,1.1823235127869574e-05,4.097102511631361e-09,5.088564211271335,10
50000,16,10,1000,50,0.0003947,1310.4,0.00037,1.27425722e-08,3.3142430126884137,0.00010437331502299277,582.4155065090748,9.51256479025972e-05,2.7879347702622616e-09,0.7176513140396956,10
100000,2,10,10,1,0.0043319,1102.0,0.0015504,2.36820516e-08,67.21750249371482,0.0012942843110297587,43.94946593026536,5.8156875966838465e-06,1.6282306348392488e-08,45.873652705365934,2
100000,2,10,10,4,0.0009218,1127.2,0.0004659,4.89249818e-08,105.30458049551578,0.0004703520667188215,67.66715927571103,1.2242457995753038e-05,1.0676154763850696e-07,221.32885841723,7
100000,2,10,10,10,0.0005068,1090.4,0.00021349999999999999,8.8370627e-09,12.881237518168337,0.0001450232165321585,55.56017758550933,2.635231383473642e-06,3.686238199536579e-09,5.0228402227127456,5
100000,2,10,10,50,0.0002742,1120.4,0.0001227,8.6663619e-09,2.262577467339089,9.016035098028897e-06,45.42931016669989,1.766981104093144e-06,1.7819540423253503e-09,0.46056548836295486,10
100000,2,10,25,1,0.0043321,1108.8,0.0015490999999999999,2.64921365e-08,74.7233810075439,0.0012755096976851603,62.67517672713638,4.483302354291963e-06,2.3712413616277413e-08,66.2546813707074,2
100000,2,10,25,4,0.0007223,1107.6,0.0004623,1.0834579799999999e-08,25.221774815071942,0.00028351133624209413,53.48146096234345,5.186520991955969e-06,2.716931370999117e-08,62.58725453073311,9
100000,2,10,25,10,0.0004239,1121.2,0.0002165,3.58839346e-08,49.563460903928075,0.0001257700282261239,69.23197719743867,6.737127643802578e-06,5.740061816631227e-08,78.19715435838091,8
100000,2,10,25,50,0.0002723,1102.8,0.0001246,8.8465779e-09,2.305995162306262,4.1912607490666435e-06,62.39800566613577,4.37670601657863e-06,1.878111452747292e-09,0.489586957368642,10
100000,2,10,50,1,0.0040458000000000004,1115.2,0.0015547,7.015839009999999e-08,191.25941832702034,0.0014495616042253755,65.20531675663675,1.0924488292109806e-05,9.380542607544093e-08,250.07157420539292,3
100000,2,10,50,4,0.0009220000000000001,1128.0,0.0004642,2.3430366499999998e-08,54.64134719376965,0.00045365184888855023,63.94442031083626,7.68548415304245e-06,3.953913839733105e-08,91.29999708432298,7
100000,2,10,50,10,0.0004598,1107.2,0.00021569999999999998,3.77586038e-08,52.97228070138741,0.0001559471420421391,68.37283411154202,3.6224607965059075e-06,4.632430669202087e-08,64.37558295187121,7
100000,2,10,50,50,0.0002786,1127.2,0.000126,4.0565517e-08,10.096803415197341,1.1335293948058374e-05,48.9462290001317,6.073622386096202e-06,9.793040106340468e-08,24.021713516009576,9
100000,2,10,100,1,0.0025276,1308.4,0.0015792,2.80106085e-08,78.59951104599038,0.0011651575191554335,608.8895539331323,8.688152853167356e-05,3.658185870136699e-08,100.77489363146786,8
100000,2,10,100,4,0.0009521,1108.8,0.0004621,2.42795832e-08,56.53628712022243,0.000515492094992736,60.745004367071665,4.9317565047579375e-06,3.844822421801106e-08,88.94161775356153,7
100000,2,10,100,10,0.000389,1310.4,0.00024,9.8308914e-09,13.947613803974544,8.016926537714507e-05,610.3935342602072,8.051776891538358e-05,5.529242263188374e-09,7.125250378029396,10
100000,2,10,100,50,0.00027089999999999997,1094.4,0.0001224,7.5855012e-09,1.9758982580231843,3.634709219609066e-06,70.98544451740324,2.8362729848243516e-06,1.8172912209398545e-09,0.4700618401281948,10
100000,2,10,1000,1,0.0019495,1113.2,0.0015609,7.1161438e-08,190.17905642424964,1.1443095929181254e-05,61.189686857981044,1.4301903525211084e-05,1.1948346256476403e-07,309.47741323553385,10
100000,2,10,1000,4,0.0006441,1095.2,0.0004622,1.69405859e-08,39.3774894651678,2.1387691164156402e-05,73.31636167247314,3.1552425509864587e-06,3.4011996786720045e-08,78.15499118169635,10
100000,2,10,1000,10,0.0003653,1114.8,0.0002165,2.34785492e-08,33.33795370189699,6.1833108714776214e-06,59.838300629464925,3.951089863709899e-06,2.512276901654872e-08,35.44849372071686,10
100000,2,10,1000,50,0.00027340000000000003,1134.4,0.0001244,7.6261179e-09,1.9906433073877343,5.641118880348309e-06,68.4092261483948,3.238655413730962e-06,1.1753718365584427e-09,0.30784570051673443,10
100000,4,10,10,1,0.0035974,1122.4,0.0015748,1.1454262e-08,32.70022036766539,0.0015630864197335847,61.31014054243664,1.7408810030173423e-05,1.0025465692565319e-08,28.58684062802478,4
100000,4,10,10,4,0.0007905,1115.2,0.0004944,2.07448564e-08,48.320107531620344,0.0004413039391016884,74.30388056263729,4.599516882842765e-06,3.9041412301238054e-08,90.45759295396904,8
100000,4,10,10,10,0.0006259,1102.0,0.000247,2.60471188e-08,37.64653669792389,0.00016102204817974462,60.258701538542226,2.211083193570266e-06,3.803147617857661e-08,54.49277804480476,2
100000,4,10,10,50,0.0002382,1060.4,0.0001602,1.684808853e-07,34.314403176688835,1.1745448290957453e-05,50.01155422055543,7.641989269817118e-06,5.044635489524147e-07,101.1286395858379,9
100000,4,10,25,1,0.0039147,1092.4,0.0015655999999999999,1.44935124e-08,41.34566262302792,0.0014901093956858037,58.31561635712266,3.864367132317209e-06,1.1812641349552815e-08,33.610920394565895,3
100000,4,10,25,4,0.0006775,1133.6,0.0004899,1.00496658e-08,23.63963463905516,0.0003115132420941364,50.84879546262625,2.8460498941515417e-06,2.4137171413751598e-08,56.2681317999312,9
100000,4,10,25,10,0.0003594,1147.6,0.0002451,2.64851643e-08,36.95723366609016,0.00012150646987803662,44.159307563009236,4.094712037087185e-06,5.364512674652608e-08,73.69522734958248,9
100000,4,10,25,50,0.0002295,1136.0,0.0001539,8.9141314e-09,2.3204604261265183,2.5055493963954848e-06,27.45501370929867,2.469817807045687e-06,2.914116801112482e-09,0.7569350511547627,10
100000,4,10,50,1,0.0036312,1116.4,0.0015652,3.6197674e-08,101.6621230858961,0.0016053550524555134,36.14538544391094,9.7729786202115e-06,3.5294056253804505e-08,97.91712530265809,4
100000,4,10,50,4,0.0008901,1146.8,0.0004891,1.7133260400000002e-08,40.431433157187996,0.0004950933581995757,45.335294075244384,2.9230881691191646e-06,2.6531518027874002e-08,61.93511396416769,7
100000,4,10,50,10,0.0003932,1134.4,0.0002422,2.52155964e-08,35.68816167395266,0.00015785703799465022,68.38323381258499,3.3266599866332395e-06,4.0678941684835966e-08,57.016721177813515,8
100000,4,10,50,50,0.0002311,1101.2,0.0001537,4.00673093e-08,9.950066113805331,7.340148348485732e-06,55.61934116034737,3.0203016773531367e-06,9.840732006704735e-08,24.177799628851663,9
100000,4,10,100,1,0.0029654,1115.6,0.0015687000000000001,7.18820563e-08,191.7399652835356,0.0015517595890543812,78.32581524206009,1.5449199907366638e-05,1.1898241263425389e-07,311.04157067034873,6
100000,4,10,100,4,0.000873,1115.6,0.0004904,3.79597512e-08,86.70907029659186,0.00047926262807219456,56.83347996071017,8.085652588244046e-06,6.231800915005313e-08,139.38432502715773,7
100000,4,10,100,10,0.0003619,1144.4,0.0002453,1.098795639e-07,112.99922866077125,0.00012509414232666707,48.12760815443321,1.1235360845710893e-05,3.232815121428036e-07,322.30006716054856,9
100000,4,10,100,50,0.0002319,1100.0,0.0001561,3.67878946e-08,9.170265971008925,8.157477823717594e-06,63.329824464202225,8.46496045800307e-06,9.179906945164571e-08,22.601010124605722,10
100000,4,10,1000,1,0.0017622,1087.2,0.0015639,2.94648655e-08,82.70895140241244,1.1321562514855378e-05,58.751453882719645,1.1779926428745916e-05,3.6542302857780373e-08,100.99360092984834,10
100000,4,10,1000,4,0.0005813,1102.0,0.0004924,2.35389868e-08,54.4085724774695,1.5958627064311573e-05,43.21522365504494,1.5189177433656863e-05,4.5171673621588254e-08,103.60594014960219,10
100000,4,10,1000,10,0.00032450000000000003,1108.4,0.0002483,6.291377580000001e-08,85.31272750161885,3.778594682918198e-06,53.148011356128,3.888730155490632e-06,7.064533258571396e-08,94.59442414530008,10
100000,4,10,1000,50,0.0002353,1128.4,0.0001588,1.476505996e-07,33.36134400482067,6.092800852007411e-06,39.16687943204621,6.0332412515993435e-06,3.388213127548071e-07,74.19335145608459,10
100000,6,10,10,1,0.0056026,1285.6,0.0016423,4.3091249900000004e-08,120.2092433378093,0.00017298760392326122,576.6977255605112,9.253473822180392e-05,5.3043713389145133e-08,143.5724604420887,0
100000,6,10,10,4,0.001078,1120.8,0.0005514,1.0783023109999999e-07,212.8158378146729,0.0006054329947327872,43.48384118778428,2.1008992783514827e-05,2.122170431664172e-07,405.4294146038697,6
100000,6,10,10,10,0.0007813,1088.4,0.0002996,2.30637921e-08,32.7330471872413,0.00029909234917218014,71.46592039411357,1.545746852926873e-05,4.1759650831811036e-08,58.93885804275754,3
100000,6,10,10,50,0.0002702,1141.6,0.0002137,3.7502136e-08,9.385554625892524,1.4665151436881465e-05,42.04547802347147,6.037843618010952e-06,8.869937374542452e-08,21.890732376089247,9
100000,6,10,25,1,0.0052177,1080.8,0.0016321,3.56514643e-08,100.6855530182129,0.0012205401399926726,79.68381963178668,6.349978127696361e-06,2.495698859964855e-08,69.61957439084159,1
100000,6,10,25,4,0.0009427,1273.2,0.0005769,2.50712939e-08,58.511996005831016,0.00048010902696968505,579.3453777037206,8.7927305833348e-05,3.7673497882081e-08,87.32534120240791,7
100000,6,10,25,10,0.0003957,1134.8,0.0003038,2.34846539e-08,33.14267695023705,0.00011964767723055331,51.74467229687624,5.411920998027311e-06,4.0590753170793076e-08,55.834157348629645,9
100000,6,10,25,50,0.000289,1116.0,0.000217,1.824241761e-07,44.66240183575395,2.0105278466666966e-05,47.62818959864467,5.8499762582614155e-06,1.8535037138657694e-07,45.17641622331228,5
100000,6,10,50,1,0.0040545,1127.6,0.0016367999999999999,2.48817066e-08,70.37167417688943,0.0019726436998775696,66.75860327411824,7.871185143010904e-06,2.346071786268806e-08,65.93352373248882,4
100000,6,10,50,4,0.0009151,1123.2,0.0005544,2.99553646e-08,68.7409780334982,0.0004814158401123825,43.36101679824607,8.527081042837072e-06,5.310251376212358e-08,120.25706711635371,7
100000,6,10,50,10,0.0003527,1113.2,0.0003002,9.7742483e-09,14.119353311846464,6.000925854492043e-06,73.37089946899172,6.033241251599341e-06,4.6753183744708185e-09,6.261137070572913,10
100000,6,10,50,50,0.000267,1086.8,0.0002133,1.03104106e-08,2.683288293373867,4.422166387140524e-06,57.9977011038656,3.8020462326956976e-06,1.7040064067841347e-09,0.4411627414150304,10
100000,6,10,100,1,0.0029223,1119.6,0.0016286,2.28143378e-08,64.76748961313315,0.0018697402107125888,64.17891657961619,4.788875998951451e-06,1.626895160997255e-08,45.96812465056114,7
100000,6,10,100,4,0.0010791,1120.4,0.0005497,3.34720173e-08,78.37744810491871,0.0006021132137914117,63.314383129831654,8.807194029125666e-06,3.722099236504678e-08,86.26918146573526,6
100000,6,10,100,10,0.0003811,1293.6,0.0003247,9.1739569e-09,13.227131860427157,9.209590411932311e-05,569.3792331224516,9.188888217116732e-05,4.674843129211205e-09,6.145570731220863,10
100000,6,10,100,50,0.0002671,1121.2,0.0002136,3.85888851e-08,9.631461492610876,3.478505426185211e-06,53.468162905082536,4.033195589934448e-06,9.281400573806854e-08,22.84340419227932,10
100000,6,10,1000,1,0.0017986,1278.8,0.0016443,3.38769367e-08,95.8989292780259,0.00012838760757089365,577.525910914634,7.962139578446656e-05,1.596743359339141e-08,44.941487015137845,10
100000,6,10,1000,4,0.0006302,1320.0,0.0005654,3.16583844e-08,73.6670256539803,7.641378584173583e-05,561.0371348374961,7.705149793049667e-05,3.972258545298205e-08,91.72009155952021,10
100000,6,10,1000,10,0.0008005,1285.6,0.0007471,3.5574232e-08,47.964891445342175,0.001319108305721036,616.081379905826,0.0013185533697537195,5.915916574790815e-08,77.65588773836942,10
100000,6,10,1000,50,0.0002646,1128.4,0.0002111,3.7528091e-08,9.390371388628818,7.198765326236313e-06,36.046883052183276,7.709301740970668e-06,8.97155660423179e-08,22.152438347748106,10
100000,8,10,10,1,0.0048092,1597.6,0.0016559,4.13223349e-08,115.77097392415223,0.0016137521357245529,631.615072651057,6.657493689236367e-06,3.379046590911885e-08,93.45418261043092,2
100000,8,10,10,4,0.0009545,1284.8,0.0006065,1.50743415e-08,35.35043018357993,0.0005297454839616642,574.6273768471375,7.831595551922281e-05,2.7216354031785994e-08,63.136003551934365,7
100000,8,10,10,10,0.0006895,1129.2,0.0003322,1.13444365e-08,16.181019974721533,0.00016567052309394758,47.443065293512014,5.287301349039564e-06,4.350709305496934e-09,5.64660481946676,2
100000,8,10,10,50,0.0003044,1110.0,0.00024249999999999999,7.06540391e-08,17.480896606111344,3.675202186426091e-05,40.099875311526844,5.835713800003869e-06,1.3167634327305724e-07,32.30042717385843,8
100000,8,10,25,1,0.004887,1367.2,0.0016528,7.405542090000001e-08,194.8735916241135,0.0016617716783936087,486.91244935135245,1.4164117417693975e-05,1.3732091829594715e-07,342.9229301344635,2
100000,8,10,25,4,0.0013301,1114.4,0.0005802,4.88848309e-08,113.67121379793194,0.0005993990416334607,49.2864642224978,6.088240030309793e-06,4.785924226153588e-08,110.21227651337807,4
100000,8,10,25,10,0.0005511,1094.0,0.0003372,4.26706407e-08,60.09148289013071,0.00027145838641595796,56.513518540060645,1.0454132622503359e-05,5.84994842665739e-08,81.49617552648422,7
100000,8,10,25,50,0.000284,1114.0,0.0002392,8.338324600000001e-09,2.172196770405862,4.346134936801766e-06,49.252185512703676,3.552776691859796e-06,2.008962204768599e-09,0.5230803526819354,10
100000,8,10,50,1,0.0052737999999999995,1209.6,0.0016456,3.3505016199999996e-08,94.87856897542002,0.001245186179742701,396.71629941587,5.4609726443393334e-06,1.5727998689104345e-08,43.96090858450424,1
100000,8,10,50,4,0.0010057,1292.8,0.0006076,1.31511817e-08,31.25316065903093,0.0005460753000579072,571.3416568821924,9.108872353675595e-05,1.7577353485680515e-08,41.593075195201585,7
100000,8,10,50,10,0.000423,1088.0,0.0003292,2.47958847e-08,34.53065769275551,0.00015784239678306403,47.88875998951459,5.432413009990231e-06,4.8259136812096464e-08,65.16642703200041,9
100000,8,10,50,50,0.0002868,1088.8,0.000243,8.245313200000001e-09,2.152899838226983,1.3733980567272625e-05,65.9373439966559,1.3759844960366862e-05,2.515289090825007e-09,0.6599790873382814,10
100000,8,10,100,1,0.0033591,1601.2,0.0016555,2.94551153e-08,83.51396901388547,0.0020647804537582736,619.5053223697472,5.359311730271159e-06,1.4851711027258038e-08,41.85750448770486,6
100000,8,10,100,4,0.0009819,1092.0,0.0005742,3.0261779100000004e-08,70.69261702054088,0.0005769327806021541,85.08296604556702,9.08967668414132e-06,4.147851149834872e-08,96.04660626505365,7
100000,8,10,100,10,0.0004344,1154.0,0.0003345,1.018260693e-07,108.38803403067978,0.0001799883946876082,53.640780506377176,1.1374923687167708e-05,2.968014023794278e-07,305.62024108642305,9
100000,8,10,100,50,0.0002839,1115.6,0.0002399,8.9414716e-09,2.3287087865440848,5.0431471655438866e-06,36.779221186848304,5.606543795720608e-06,1.961476167517221e-09,0.5081683627070983,10
100000,8,10,1000,1,0.001785,1644.4,0.0016765,3.18376616e-08,90.39964161547651,8.834276679187964e-05,742.0582786337532,8.85290285097995e-05,1.0145779224180338e-08,28.498641441183736,10
100000,8,10,1000,4,0.0006298,1122.0,0.0005816,4.2524468899999996e-08,91.70403467534545,1.0336558636434314e-05,63.22446783748625,9.547541859324595e-06,1.0252189754972573e-07,215.59995942106613,10
100000,8,10,1000,10,0.0003749,1120.4,0.0003317,3.51237436e-08,48.316822491522856,8.211780156174017e-06,63.23009128923067,6.896859188548551e-06,5.435969813801128e-08,73.13882382911943,10
100000,8,10,1000,50,0.0002808,1135.2,0.0002397,3.95715146e-08,9.839844229530813,5.808040403899867e-06,49.84598501606947,5.518655230720211e-06,9.863219180335912e-08,24.215955354270697,10
100000,16,10,10,1,0.0053403,2492.0,0.0018293,5.7465595e-08,159.623262735643,0.0012150405617372066,675.696184193261,6.763636431519492e-05,6.043317472536895e-08,162.51153997294034,1
100000,16,10,10,4,0.0009939,2140.0,0.0007317000000000001,9.5183488e-09,22.63682901805377,0.0004840770025981863,385.45557461269124,6.700746227100385e-06,1.5897250539654415e-08,37.56840334585534,8
100000,16,10,10,10,0.0009322,1461.2,0.0004875,2.98448002e-08,41.92935403891931,0.0002227199537036989,591.5375070291167,8.553751613570894e-06,3.798036734982252e-08,53.57979034417005,2
100000,16,10,10,50,0.0004418,1378.0,0.0003937,8.39293945e-08,20.411538921948452,5.0821692656231396e-05,487.79686118073556,1.347466759021041e-05,1.6590762519662223e-07,39.83601592375706,8
100000,16,10,25,1,0.0049767,2424.4,0.0018216999999999999,4.29741326e-08,120.08207007119083,0.0016444693875735928,628.7071743754092,7.799294839919819e-05,4.0796132209927176e-08,112.05698444637886,2
100000,16,10,25,4,0.0008783,2002.4,0.0007168,1.05592743e-08,24.788042219230363,0.0003918267899637968,451.82966308604006,8.495750571772799e-06,2.7251818637081742e-08,63.52471554213706,9
100000,16,10,25,10,0.000559,1588.0,0.0004765,2.30313267e-08,32.452979636788896,0.00017320379775153768,646.4838229479012,1.460022830871718e-05,3.907543557415612e-08,54.765970739171166,9
100000,16,10,25,50,0.0004415,1319.6,0.0004119,9.1024531e-09,2.370576534725588,9.79401744830883e-05,582.9898417258705,9.813873399994066e-05,1.257428526282857e-09,0.3233252107841179,10
100000,16,10,50,1,0.004216,2228.4,0.0017837,2.46150768e-08,69.87925260520755,0.002042121881224962,83.91424193782602,1.0100055005350775e-05,1.8115435428855293e-08,51.22934583740291,4
100000,16,10,50,4,0.0012295000000000001,2142.0,0.0007241,2.73927088e-08,63.82883961391802,0.0005983000454992832,406.6568304821373,1.9835153978059597e-05,3.847809223809065e-08,88.70903583065918,6
100000,16,10,50,10,0.000507,1583.2,0.0004772,8.3724495e-09,12.294496079448365,1.1990737165736636e-05,596.129143353649,1.1867790208983483e-05,3.3427133119309675e-09,4.695103071721997,10
100000,16,10,50,50,0.0004195,1232.0,0.0003883,8.9260395e-09,2.326528035178652,1.4615440845595844e-05,382.5853572152959,1.383273091057743e-05,1.595610336715442e-09,0.4165716893955359,10
100000,16,10,100,1,0.0022495,2256.0,0.0017953,1.87101039e-08,53.32170194924815,0.0011992522902023394,76.91842720989844,1.0296169730104037e-05,1.1821932763892577e-08,33.587204120554254,9
100000,16,10,100,4,0.0011023,2253.2,0.0007184,7.38731903e-08,150.74085089148446,0.0005713179791791374,84.5179796782252,1.1786998487033655e-05,1.6553490015621208e-07,320.3353199991888,7
100000,16,10,100,10,0.0006127,1381.6,0.0004725,2.35902237e-08,33.23423662384421,0.00023081885634506648,516.1780915752065,8.1955272354295e-06,3.262524557330471e-08,45.40770646631585,8
100000,16,10,100,50,0.0004151,1236.8,0.0003854,8.04319232e-08,19.720608570749633,8.047774019358811e-06,390.7362850369088,8.474799243771049e-06,1.5162758599734455e-07,36.89049618651905,10
100000,16,10,1000,1,0.00185,2266.0,0.0017874,2.95613907e-08,83.70465066600093,7.512951779723118e-06,77.82030583337487,8.369255907453459e-06,2.2404929631474638e-08,63.06539101884877,10
100000,16,10,1000,4,0.0007571,1993.6,0.0007233,3.09691133e-08,72.91633953022396,1.9840754913953126e-05,499.3122380946727,2.0380001090393595e-05,3.293488129429755e-08,77.03287916155351,10
100000,16,10,1000,10,0.0005351,1419.6,0.0005046,2.24636238e-08,32.18712325413445,9.337909592384987e-05,690.6806948382315,9.25325168071563e-05,3.287655590725027e-08,47.4930580775284,10
100000,16,10,1000,50,0.0004415,1650.8,0.0004108,3.9855157100000004e-08,9.944875803024395,7.70703142158726e-05,749.0558204981937,7.722377296604401e-05,9.686113073664423e-08,23.860476005499326,10
500000,2,10,10,1,0.0250717,2248.0,0.0076206,3.37535567e-08,95.86543468690934,0.0005874428671983537,155.07990771785293,2.0780332582088857e-05,1.7213482396911756e-08,48.428053657231104,0
500000,2,10,10,4,0.0075915,1140.4,0.002175,6.09145974e-08,142.87500381133327,0.00025614937048526985,70.00825348168283,8.993825042154731e-06,7.226518371317625e-08,164.1567780378375,0
500000,2,10,10,10,0.0032022,1129.2,0.0009366,3.64270204e-08,53.204449880920215,0.00017836155539926324,47.443065293512014,1.1157458890306939e-05,3.141400930589311e-08,46.07844994289108,0
500000,2,10,10,50,0.0012489,1128.4,0.0004702,7.7762547e-08,19.794005508037046,7.694218608799728e-05,35.99753077951628,5.4934304198540406e-06,1.4631120903403062e-07,36.91617475696747,7
500000,2,10,25,1,0.0252931,2276.8,0.0076124,3.06211316e-08,87.14945705481698,0.0007895961626046567,136.06273063064208,1.572824776565337e-05,6.4642950163280454e-09,18.173216345701224,0
500000,2,10,25,4,0.0076265000000000005,1110.0,0.0021722,3.6284572e-08,86.94736944759138,0.00035124073732349946,60.49426051747022,8.778762251403474e-06,1.2628731934132217e-08,30.003777716871923,0
500000,2,10,25,10,0.0028562,1094.8,0.0009263,5.87508717e-08,85.71429866041775,0.0006035592210656162,85.02130451964508,4.295992965026318e-06,3.383666203370697e-08,49.06132038146153,2
500000,2,10,25,50,0.0012466,1134.0,0.0004672,9.02280797e-08,22.78754619128899,8.33135976630199e-05,26.4154836748786,5.672545969648702e-06,1.7030883066228816e-07,42.560096356503394,7
500000,2,10,50,1,0.0253331,2339.2,0.0075936,2.89738019e-08,82.56510459059189,0.0010961952836972071,181.89911733949918,1.0221980673474716e-05,7.12749168782287e-09,20.14377797746441,0
500000,2,10,50,4,0.0061105,1122.0,0.002164,3.25967956e-08,78.06207649050324,0.002163474738573216,53.93823628311676,7.4236858171066815e-06,1.7127320396131e-08,40.751159568298846,3
500000,2,10,50,10,0.0022484000000000002,1121.6,0.0009322,3.70241014e-08,52.83186781558555,0.000746583358447743,53.93658828249666,1.0921945288678616e-05,3.437124679185666e-08,47.59757669719767,6
500000,2,10,50,50,0.0012345,1120.0,0.0004678,1.285532749e-07,32.42980368926759,8.061603093953739e-05,71.38004700972893,8.256983576208558e-06,2.0561507922946467e-07,51.22758333541004,8
500000,2,10,100,1,0.0125319,2244.0,0.0075953999999999995,2.49033703e-08,70.95118287856303,0.006412150730362542,147.41626625157602,8.821690440171964e-06,8.785789359629092e-09,24.88341904626585,8
500000,2,10,100,4,0.0040212,1154.4,0.0021701,3.9062959e-08,93.26029112716301,0.0020072571556452074,35.53777333110972,9.290975310602287e-06,1.853831033387247e-08,43.680262933745645,8
500000,2,10,100,10,0.0019704,1086.8,0.0009258000000000001,4.85637863e-08,70.71342856294844,0.0006608430978681702,79.5107260409283,5.977736472389297e-06,2.895783847624051e-08,42.205035455019306,8
500000,2,10,100,50,0.0012343,1106.8,0.0004678,1.160549831e-07,29.457001291955873,6.915048003368372e-05,68.63882930884594,5.513619500836098e-06,1.7661916941330502e-07,44.5661361426815,8
500000,2,10,1000,1,0.0094799,2290.4,0.0075976,4.07628607e-08,115.67692784061133,0.0001490946381031561,185.61800678933184,8.14043405886118e-06,2.633670284274229e-08,74.04190371682321,10
500000,2,10,1000,4,0.0030156,1096.4,0.0021664,4.81032287e-08,114.65404187360404,3.0030355013256536e-05,46.16684717172895,7.647802879840038e-06,3.251186119177166e-08,76.41494299153118,10
500000,2,10,1000,10,0.0016586,1109.2,0.000927,4.83098206e-08,70.10593102368011,6.363087999461301e-06,60.31178252307845,5.270462766947279e-06,3.370562449404971e-08,48.721600728485846,10
500000,2,10,1000,50,0.0012009,1114.8,0.0004661,6.67106536e-08,17.17976392801345,6.9354163537598665e-06,71.80343538670927,4.931756504757939e-06,7.947867717221507e-08,20.44498329311678,10
500000,4,10,10,1,0.0250604,2539.6,0.007554,4.08563224e-08,115.95622681587099,0.0005527855119503607,74.34334760644919,1.0540925533894644e-05,2.0229219558031826e-08,56.71670553456199,0
500000,4,10,10,4,0.0076104,1123.2,0.0021774,5.05345013e-08,120.50616390014486,0.0003667606546206638,53.35999333666459,3.8355066303046876e-06,2.3749577009215174e-08,55.99143801296482,0
500000,4,10,10,10,0.0031555,1121.2,0.0009506,6.42768889e-08,93.51666612190955,0.00014335058035769822,63.2469586444896,5.929212051829119e-06,5.685644122187328e-08,81.19203155301265,0
500000,4,10,10,50,0.0009025,1161.6,0.0004974,5.79254435e-08,14.933740211131468,4.850715869275839e-05,33.26392774296038,3.2727833889689613e-06,6.887162634316893e-08,17.725504844678532,6
500000,4,10,25,1,0.0250395,2719.2,0.0075727,3.48519447e-08,99.05198687161287,0.0006376237570507823,640.0327769384593,6.619004624731898e-05,9.380382457102423e-09,26.423374797186614,0
500000,4,10,25,4,0.0070193,1128.4,0.0021831999999999997,5.3083157600000004e-08,125.81476029788872,0.001556767666245245,46.35898570455954,1.4045956318061484e-05,5.3782672979933e-08,125.26560997832712,1
500000,4,10,25,10,0.0024699,1100.8,0.0009501,4.21991778e-08,60.85778892183326,0.0009877576682117487,76.21723339682875,4.748099034818524e-06,3.0390786552812025e-08,43.43185647513009,4
500000,4,10,25,50,0.0009152,1148.8,0.0004999,1.2940665439999998e-07,32.44183283254336,4.665190242637487e-05,32.920105305623395,7.709301740970677e-06,2.292939461889593e-07,56.31825081023487,5
500000,4,10,50,1,0.0247743,2520.0,0.0075493,3.5795250699999996e-08,101.8538580878598,0.000596605779016224,76.24521842931091,3.5292429153509774e-06,1.3259130627461935e-08,37.5582650176288,0
500000,4,10,50,4,0.0062216,1115.2,0.002184,3.91066529e-08,93.23698352211052,0.0025016768243187075,55.770960185386805,1.2952906151816955e-05,3.319922382841332e-08,77.70632294174396,3
500000,4,10,50,10,0.0024055,1122.8,0.0009509,3.91357682e-08,56.93988073419974,0.0009333708623407239,42.71039425921725,1.077497099764077e-05,2.2188345235545676e-08,32.44408370293226,4
500000,4,10,50,50,0.0008677,1114.8,0.0004958,4.18033914e-08,10.784370776867052,1.0520350648993488e-05,47.480522322316546,1.9888578520235222e-06,5.936783623175611e-08,15.294751554954978,10
500000,4,10,100,1,0.0168177,2507.6,0.0075596,3.97559662e-08,112.93555964034297,0.008806113382190806,85.36353632162466,3.3589680955118654e-05,1.467656625078675e-08,41.42684817731181,5
500000,4,10,100,4,0.0041202,1087.6,0.0021834,3.56832046e-08,85.16437162238243,0.0024414456009139796,79.07127586340482,1.05113695058679e-05,2.7930439676903826e-08,66.16015961968517,7
500000,4,10,100,10,0.0014953,1134.0,0.0009492,6.59836716e-08,90.16354379342033,0.0005524225536469141,51.33766215514255,1.1961047891663477e-05,1.4570805675410434e-07,193.43023673987938,9
500000,4,10,100,50,0.0008858,1079.6,0.0005017999999999999,2.48167045e-07,60.629555051233176,4.366743001877307e-05,59.37302043483686,1.1773793875477103e-05,4.0267542441059374e-07,96.06855913839453,8
500000,4,10,1000,1,0.008478600000000001,2479.6,0.0075645,5.10014868e-08,144.38055893659725,1.4120119609188263e-05,76.39546234343155,8.031189202104569e-06,1.7273813746033546e-08,48.34789029354317,10
500000,4,10,1000,4,0.0026208,1141.2,0.0021871,8.39226673e-08,194.03182766432676,2.1796024102268486e-05,42.91800968772382,1.6475233938652664e-05,1.1156371547032697e-07,248.33294881407937,10
500000,4,10,1000,10,0.001319,1110.0,0.0009489,4.52056381e-08,64.84097275243789,6.733003292241377e-06,40.099875311526844,2.806737924669435e-06,2.3522703616114464e-08,33.13694405553639,10
500000,4,10,1000,50,0.0008696,1127.6,0.0004994999999999999,2.0449665639999998e-07,48.352836492992644,1.5320284302554933e-05,58.009960830494926,1.6050268256671332e-05,4.946936640312398e-07,113.73452913354996,10
500000,6,10,10,1,0.0567994,2530.4,0.032812799999999996,2.76372388e-08,78.75004164550296,0.012398419157295821,88.44734780270878,0.010439297728615017,5.962439412805966e-09,16.851647041807222,0
500000,6,10,10,4,0.033735799999999996,1671.2,0.0218365,2.79412654e-08,67.05215738215564,0.014114198916929952,739.8829937526908,0.008878515469629167,1.810444447905558e-08,43.30332166359877,1
500000,6,10,10,10,0.0119064,1081.6,0.0075639999999999995,4.06851128e-08,59.78877714840832,0.015093075632370112,64.66872848946734,0.011879997194163529,2.4581335959627056e-08,35.927001771227026,1
500000,6,10,10,50,0.0008759,1102.8,0.0005452,4.6922451e-08,12.017563170934768,0.00016197561544874586,44.26385533241415,4.366539438350077e-06,9.704203493161633e-08,24.747797273166796,8
500000,6,10,25,1,0.0283017,2546.4,0.0076082,3.13917865e-08,89.36623205721514,0.000563586146427008,89.10817396101586,1.4979986648859187e-05,4.240136270859576e-09,11.955002201973,0
500000,6,10,25,4,0.0084095,1358.0,0.0022303,4.46868858e-08,106.64422032962767,0.00021402608875243856,518.5561150391001,1.1860766323378025e-05,2.706101714398512e-08,63.242440128408916,0
500000,6,10,25,10,0.003505,1100.4,0.0010029,9.26644721e-08,130.00334479926053,0.0011979867370811006,63.95692995203013,1.5183690079965542e-05,9.354163317750098e-08,127.89061717359293,2
500000,6,10,25,50,0.0009199,1105.6,0.0005505,4.5691935899999994e-08,11.769219194599145,0.00017723647103987,53.072696474845806,3.4399612400917117e-06,6.587305928298295e-08,16.940750421260454,7
500000,6,10,50,1,0.0267676,2510.0,0.0075997,2.58982741e-08,73.8406939421085,0.006556803170922718,97.94783191974071,1.0231215850414815e-05,5.138161110427898e-09,14.575715863722092,1
500000,6,10,50,4,0.0073191,1356.4,0.0022286,3.0914674e-08,74.34876922135507,0.002533934772904254,511.20580765263,8.846845012017964e-06,1.1870602933610267e-08,28.227991088546343,2
500000,6,10,50,10,0.0024312,1110.0,0.0010053,3.46847873e-08,50.00195305001231,0.001272771324490163,50.18189137749017,1.387283516645232e-05,2.7218711738696862e-08,39.30575632133864,5
500000,6,10,50,50,0.0008298,1312.4,0.000583,5.69782882e-08,14.704350074200123,7.330272088325844e-05,605.8102379825258,7.327573495594115e-05,6.760722030578698e-08,17.422170413093163,10
500000,6,10,100,1,0.0158061,2528.8,0.0076256,2.91127295e-08,82.84327455522575,0.009768629853316745,80.92355789399167,1.6747802509251334e-05,9.757139144990437e-09,27.534719522264847,6
500000,6,10,100,4,0.0040054,1624.4,0.0022505,3.39346879e-08,81.1255492137809,0.002347074121823453,623.1089079054408,1.0309111396128123e-05,1.901954392298288e-08,45.010252841004196,7
500000,6,10,100,10,0.0012634,1115.2,0.0010151,3.60952502e-08,52.358479828940226,6.131883886702362e-06,35.915951268977345,4.483302354292006e-06,2.5377102197669778e-08,36.74066018085089,10
500000,6,10,100,50,0.0008456,1114.0,0.0005616,2.506095274e-07,62.44437919269867,8.578681587387293e-05,73.78647873726219,8.707595662536346e-06,3.027816414999264e-07,73.27739734992127,8
500000,6,10,1000,1,0.008236,2523.2,0.0076217,3.06958027e-08,87.31424882408479,2.0623611064344052e-05,74.78086505101274,8.485936077482018e-06,7.520152284917153e-09,21.163121993390106,10
500000,6,10,1000,4,0.0025394,1116.4,0.0022474,3.57642786e-08,85.48718781780595,9.264028401414915e-06,55.40798177559299,1.0926013810067176e-05,1.6147362724985653e-08,38.15217123931568,10
500000,6,10,1000,10,0.0012679,1086.4,0.0010181,5.54318794e-08,80.20474067884517,9.825703254446703e-06,72.98584337618723,5.486346689738046e-06,5.096135098874708e-08,73.08237495365059,10
500000,6,10,1000,50,0.0008061,1114.4,0.0005528,7.27852528e-08,18.592882816504833,1.3747322971723942e-05,71.36011958136467,5.432413009990251e-06,1.24248181665435e-07,31.473327152701906,10
500000,8,10,10,1,0.0284125,2494.4,0.007651,3.63357527e-08,103.14213902840243,0.0007438678571419046,87.43658019133385,1.3719410418171169e-05,1.1013317618391985e-08,30.95841993716896,0
500000,8,10,10,4,0.0082887,2232.4,0.0022653,5.2227106799999996e-08,124.36499280523581,0.00011907518633199768,89.01335729977708,1.6892141499657345e-05,3.719023586285227e-08,86.77468467584728,0
500000,8,10,10,10,0.0036862,1135.2,0.0010355,1.053888064e-07,138.57743484185093,0.0008776202418409051,49.84598501606947,1.5378556499229698e-05,2.2712411499756884e-07,285.6220590433391,1
500000,8,10,10,50,0.0009458,1116.0,0.0005815,9.46445461e-08,24.016621288951427,0.0002316864739733898,64.85539470408165,6.059886320899294e-06,1.5690835500230664e-07,39.27568964388895,6
500000,8,10,25,1,0.0284727,2693.2,0.0076636,3.15801602e-08,89.83580074066944,0.0004815597459182908,624.1710591745752,9.228964068506153e-05,7.608734560446725e-09,21.430790655915132,0
500000,8,10,25,4,0.0079239,2230.8,0.002265,3.40016648e-08,81.54933880437785,0.00044991269523467914,86.73945661193257,1.0821788720498608e-05,1.769004429088629e-08,42.02343740440208,0
500000,8,10,25,10,0.0020445,1135.6,0.0010402,5.13163872e-08,71.7127322435516,0.0010590337577244646,40.942235731169674,7.927448797970525e-06,8.13070686096614e-08,108.97733275121811,6
500000,8,10,25,50,0.0009111,1120.8,0.000588,1.1027900829999999e-07,27.407275504292688,0.00021381479524735104,54.44834453151191,8.781293248212982e-06,2.4718383074469304e-07,60.451926622700334,7
500000,8,10,50,1,0.0280993,2539.6,0.0076432,3.5913663e-08,102.05870040774606,0.0005744897349435897,88.04948103828387,1.2072006185109944e-05,8.397113830606932e-09,23.673100188778978,0
500000,8,10,50,4,0.0072775,2251.2,0.0022589000000000003,3.82898976e-08,91.64194191644965,0.0025351663215216823,77.58121192946423,9.971626413646547e-06,1.7772584763928364e-08,41.821650342804126,2
500000,8,10,50,10,0.0023166,1123.2,0.0010356,4.49274076e-08,64.13434335299665,0.0014139539675046787,67.90319907371408,1.0658330075579386e-05,5.475454013948101e-08,76.53792706114596,6
500000,8,10,50,50,0.0007725,1096.0,0.0005839,3.61176144e-08,9.306429012028655,7.531415685130018e-06,62.624099017692686,8.37257427557381e-06,6.48035087184041e-08,16.6590993478841,10
500000,8,10,100,1,0.0099229,2495.6,0.0076314,2.69809171e-08,76.87179942018514,0.005768403812532929,67.84164568234536,1.2937456387473523e-05,1.1759247653160616e-08,33.14392412083019,9
500000,8,10,100,4,0.0040383,2220.8,0.0022675,4.00041824e-08,95.74103785153143,0.0024930458858370193,80.85762521590375,6.737127643802564e-06,1.4724730395382866e-08,34.798594931067306,7
500000,8,10,100,10,0.0014216,1129.2,0.0010331,4.06851413e-08,58.63758557687564,0.0006280879627002009,36.614508356964485,5.445691467165165e-06,2.7299966157875955e-08,39.3647587330734,9
500000,8,10,100,50,0.0007715,1108.8,0.0005847000000000001,5.88763982e-08,15.196753409773521,1.0394977419675135e-05,50.97450343063677,1.0306955580254217e-05,6.859225624682273e-08,17.69063546402674,10
500000,8,10,1000,1,0.0081701,2706.0,0.0076814,6.06870905e-08,170.89298093680944,8.918576119538378e-05,642.6701244720256,7.728763017312543e-05,4.984366740124e-08,138.83097562381232,10
500000,8,10,1000,4,0.0024823000000000002,2294.8,0.0022574,2.92080842e-08,70.06504489642474,6.5667512684904865e-06,82.36612032733956,7.074209810603843e-06,1.8364724521067796e-08,43.773191343686086,10
500000,8,10,1000,10,0.0012322,1120.8,0.0010354,5.27477205e-08,77.1343843949066,1.8695216262753158e-05,54.08799414945161,5.7193628238739535e-06,2.472033633876181e-08,36.22868256898845,10
500000,8,10,1000,50,0.0007813,1116.4,0.0005842,5.07284752e-08,13.088824361829449,1.8493542416506117e-05,47.68228182459392,6.494442068244015e-06,7.388987028956773e-08,19.04279766248926,10
500000,16,10,10,1,0.0279977,2520.4,0.0077765,3.16122068e-08,89.91719960326832,0.0006428589010557968,92.50009009004621,1.289487408925653e-05,1.0867820036836693e-08,30.673352806770758,0
500000,16,10,10,4,0.0084648,2242.0,0.0024068,4.71738107e-08,112.44976425571829,0.00023248885277936794,79.17912182724265,9.259229629582175e-06,2.2634633918393993e-08,53.497501653050364,0
500000,16,10,10,10,0.003588,2219.6,0.0011759,5.18260033e-08,73.88802971011175,0.0008345540392595583,80.4752549959717,5.685263601823787e-06,5.1496091532502985e-08,70.7733898634475,1
500000,16,10,10,50,0.0010421,1663.2,0.0007563,2.6999413619999996e-07,62.34213069333895,0.00023926250112469452,742.7918506104744,7.180536965374603e-05,6.373148642183673e-07,142.1456488580368,6
500000,16,10,25,1,0.0282176,2534.4,0.0077753,3.86949161e-08,109.80024689749196,0.0010120363629830705,68.61681037957584,1.1728881731293327e-05,1.5498490497525876e-08,43.63566767289566,0
500000,16,10,25,4,0.0084101,2232.0,0.0024058,5.63916049e-08,134.2060627873581,0.00021793192107220598,74.78561953269417,1.0432854089099706e-05,2.687614670381443e-08,63.19147745983705,0
500000,16,10,25,10,0.0036308,2224.8,0.001179,5.95637455e-08,85.65495134468097,0.0008562937969334279,66.47438938752612,9.966610925150704e-06,3.3297111602958295e-08,46.01192504027224,1
500000,16,10,25,50,0.0008862,1830.0,0.0007302,1.86626627e-08,4.825780599635749,0.0001515158957557479,628.9101684660536,7.161626134397758e-06,4.4164774792768416e-08,11.384631302272481,9
500000,16,10,50,1,0.0244463,2710.0,0.0077988,3.09197388e-08,87.87992624647104,0.008622415310624331,665.6238510683877,8.509445732047832e-05,1.404418877165178e-08,39.76162702344227,2
500000,16,10,50,4,0.0076998,2256.8,0.0024002,4.27098426e-08,102.02862514077863,0.0018369007594314943,87.75318924245558,1.5838069467092435e-05,2.8874106681605135e-08,67.94759108852566,1
500000,16,10,50,10,0.0030586,2203.6,0.0011761,4.71571912e-08,68.25027050495889,0.0012332024435049854,53.18145040017869,9.631545393480039e-06,2.9317299351744483e-08,42.06316330317832,3
500000,16,10,50,50,0.00083,1582.8,0.0007217,5.8347343199999997e-08,15.032089161736318,1.1832159566199222e-05,609.0314350580674,5.831904586934799e-06,6.916979593339794e-08,17.79962804288412,10
500000,16,10,100,1,0.0100416,2482.0,0.0077769,3.01867604e-08,85.91489853912545,0.006373939741025344,83.48519496160847,2.919455809260044e-05,1.8906293616557133e-08,53.34202338922276,9
500000,16,10,100,4,0.0054602,2229.6,0.0023966,4.46372985e-08,106.57799889107214,0.0031045982312978564,76.17990402841014,9.663217775553701e-06,2.1151716530133985e-08,49.201542185252954,5
500000,16,10,100,10,0.0018044,2215.2,0.0011796,1.052652541e-07,142.40539271127412,0.0011021377409380373,91.34647107457286,1.8209887424144075e-05,1.9613574069735483e-07,249.20061030677755,8
500000,16,10,100,50,0.0008830999999999999,1355.6,0.0007298,1.162908286e-07,29.136898326416084,0.00015958449520899926,515.141231982928,1.1867790208983502e-05,2.2334424675442438e-07,54.97109029628264,9
500000,16,10,1000,1,0.0080362,2480.4,0.0077867,5.18986254e-08,146.2132006335939,1.9606121493043895e-05,73.76720138381285,1.986649888072296e-05,5.045797555747305e-08,139.5846474377576,10
500000,16,10,1000,4,0.0025673,2467.6,0.0024416,3.91151448e-08,92.80609180948237,8.972185414441186e-05,692.2027962317916,9.044114108081569e-05,4.9806584984986044e-08,116.58836261893897,10
500000,16,10,1000,10,0.0012844,2245.6,0.0011815,4.50319295e-08,66.2942498527677,1.577762128247895e-05,78.45621567331538,1.5756832733064673e-05,3.4710530830690665e-08,51.123051329124856,10
500000,16,10,1000,50,0.0008372,1732.0,0.000734,3.501643163e-07,84.86590002759756,1.463481389624678e-05,618.2038498747804,1.4674240468703434e-05,4.838099513839037e-07,112.3405305497259,10
1000000,2,10,10,1,0.0498363,2750.4,0.0151903,3.22929053e-08,91.88224081413595,0.0018907347219768536,78.47887189131437,2.6687700038282486e-05,6.168876214099995e-09,17.38100592852666,0
1000000,2,10,10,4,0.0154434,2260.0,0.0043011,3.2001844e-08,76.94362826084404,0.0007490198335899466,84.6850373770689,9.904544411531694e-06,7.322880570823707e-09,17.310333259692314,0
1000000,2,10,10,10,0.0065404999999999994,1126.0,0.0018205,4.09288782e-08,59.22177972482523,0.00033700288492006185,50.42926839753985,5.482294734466196e-06,1.9945805372741622e-08,28.24609705497093,0
1000000,2,10,10,50,0.0026529,1115.6,0.0009037,2.072592883e-07,52.569518607835946,0.00010959465720959613,46.35898570455954,1.0604506379627287e-05,2.5351926572554904e-07,63.18428327662139,1
1000000,2,10,25,1,0.049257,2774.4,0.0151876,3.0841756e-08,87.82042338360726,0.0017044907352833177,82.49875419934803,1.3549907748763164e-05,4.472291937493223e-09,12.647122971699945,0
1000000,2,10,25,4,0.0153416,2195.2,0.0043041,4.53334834e-08,108.5830872615764,0.0008747590398377021,85.84844527162711,8.659612513784243e-06,2.025266879592658e-08,48.18489156302079,0
1000000,2,10,25,10,0.0060489,1122.4,0.0018219,5.19963481e-08,75.51036756162559,0.0009897012399933851,51.74982554989383,7.0308842497464925e-06,1.9877139789590062e-08,28.6547095136553,1
1000000,2,10,25,50,0.0025315,1108.8,0.0008986,6.246785e-08,16.189019051448266,0.00020003235849343088,62.13390557676398,5.89161362540952e-06,5.102348838834341e-08,13.209733060413521,5
1000000,2,10,50,1,0.0469956,2742.4,0.0151808,2.6348662399999998e-08,75.11596984697708,0.010021696775829265,91.60688960019449,1.7370473031363467e-05,5.561490955041766e-09,15.723529509882518,1
1000000,2,10,50,4,0.0142883,2224.4,0.0043076,5.1234634699999996e-08,121.90575306164449,0.0029661601084379936,86.5424751206019,1.4080719678577102e-05,5.425189811939726e-08,126.93038841906993,1
1000000,2,10,50,10,0.0059199,1148.4,0.0018225,4.93371708e-08,72.242389231075,0.0009375717394773942,33.277286214139785,6.587024281789858e-06,1.1643399352626485e-08,16.660731368891962,1
1000000,2,10,50,50,0.0023596,1135.2,0.0008968,9.2461019e-08,23.986357184602983,8.435375246872957e-06,42.49130630036115,4.211096452627664e-06,3.4874914415511415e-08,9.035800810207661,10
1000000,2,10,100,1,0.0283618,2766.8,0.0151838,3.32849509e-08,94.63101631858231,0.015375810524615893,98.34271141721123,2.3630488780387447e-05,1.0494370346988506e-08,29.491653304088384,7
1000000,2,10,100,4,0.0069075000000000004,2238.4,0.0043063,3.14997481e-08,75.65088497576305,0.0029018384689710073,80.75642389308729,1.2000462954032749e-05,1.4568389397092111e-08,34.628739287112744,9
1000000,2,10,100,10,0.0035996,1081.2,0.0018303,7.04877059e-08,99.16461086931979,0.0009727728066374664,64.8841703002786,1.9143028902332953e-05,9.279803317517018e-08,124.73281963070185,9
1000000,2,10,100,50,0.0023998,1115.6,0.0009047,1.299982416e-07,32.97416233134755,0.00012278870740693818,36.82752593735651,9.310090105781872e-06,2.1878086483949572e-07,54.80619647827334,9
1000000,2,10,1000,1,0.0189457,2711.2,0.0151973,3.58448775e-08,101.93025891923637,0.00030760546520213546,75.608347569711,1.6425251562423635e-05,1.1134399456257603e-08,31.448814124869234,10
1000000,2,10,1000,4,0.0060598,2278.0,0.0043542,5.32643384e-08,126.9300342116981,0.00016148739200871933,64.06246951218786,0.00013333483332489594,4.123050451817388e-08,96.86335902088886,10
1000000,2,10,1000,10,0.0033067,1107.2,0.0018407,4.5503274900000004e-08,66.1046799248284,4.137900702315399e-06,43.36101679824607,3.05686840482946e-06,1.899941795617236e-08,27.7312967803922,10
1000000,2,10,1000,50,0.0023743,1114.4,0.0009102,8.4029083e-08,21.753925297802258,1.0954958288880476e-05,58.24698370826691,2.4404006956963983e-06,5.942385299271659e-08,15.352350560320644,10
1000000,4,10,10,1,0.0535024,2789.6,0.0151214,3.11270108e-08,88.68826722453474,0.001516314772363868,94.8299062063815,8.682037651253254e-06,1.0165929355599536e-08,28.877952797238247,0
1000000,4,10,10,4,0.0152452,2211.6,0.0043473999999999995,3.08038404e-08,73.90370316594046,0.0003789385174404945,83.14806071099915,7.530677998103019e-06,1.2715313723293605e-08,30.05745554656513,0
1000000,4,10,10,10,0.0062050000000000004,1114.0,0.0018733,6.97543054e-08,101.54354859138944,0.00019678753348048591,47.935141365993466,6.307843442008494e-06,4.1822323194656274e-08,59.412696931217795,0
1000000,4,10,10,50,0.0018753,1115.2,0.0009534,1.1132284279999999e-07,28.76520027865796,7.293688291179499e-05,56.78184373351906,5.621387729022106e-06,7.146056339448731e-08,18.282792369762117,1
1000000,4,10,25,1,0.0540319,2806.0,0.0151239,3.26767413e-08,92.94792146543233,0.0012895472461294303,79.9388655299925,1.1100050049937008e-05,1.1898249762956715e-08,33.54046477041251,0
1000000,4,10,25,4,0.015223800000000001,2253.2,0.0043348,3.13584493e-08,75.44787642851,0.00047613625500830527,83.79976133617565,5.8461763382384435e-06,8.943516133572275e-09,21.290079147211415,0
1000000,4,10,25,10,0.0061844000000000005,1109.6,0.0018725,4.03507045e-08,58.41350845180837,0.00014064786604219153,50.63858871124536,1.1257096527178861e-05,1.0799037699359681e-08,15.53052564564824,0
1000000,4,10,25,50,0.0018139,1115.6,0.0009367000000000001,1.912368172e-07,48.36167140504526,0.0001295251584313514,36.779221186848304,1.2798003316489998e-05,2.8561294336311896e-07,70.66716843049706,4
1000000,4,10,50,1,0.050171099999999996,2789.2,0.0150634,3.2348106200000004e-08,92.00696199745941,0.0012721884425403852,101.94639114096519,3.059847490752843e-05,7.47726731901424e-09,21.055173863801432,0
1000000,4,10,50,4,0.014531,2219.2,0.0042989,3.6477880999999996e-08,87.53930313071484,0.0033416531836801973,68.26874996821182,1.0566719242771435e-05,1.6210874200550715e-08,38.52159567388262,1
1000000,4,10,50,10,0.0054745,1096.8,0.0018383,4.26829836e-08,62.55123177747412,0.0015418436474991014,62.958187182711455,5.812821078348185e-06,2.0637598878543956e-08,30.01085056580934,2
1000000,4,10,50,50,0.0016914,1134.8,0.0009353,1.03861974e-07,26.605670550373965,6.838973282266541e-05,40.532017522502436,2.0210283411064634e-05,1.143163552511166e-07,29.185719709341758,9
1000000,4,10,100,1,0.0304897,2778.0,0.015068999999999999,3.78586574e-08,107.53776632449095,0.017506449979935966,102.67965285834926,2.1186998109427743e-05,2.1725443759233052e-08,61.16650579436934,6
1000000,4,10,100,4,0.0081133,2204.0,0.0043032,6.151621069999999e-08,145.48876289472435,0.0047384718598580565,85.62450324267905,1.667199914693976e-05,6.960411858916042e-08,161.19851634661856,7
1000000,4,10,100,10,0.0029832,1106.8,0.0018415,7.64591715e-08,108.75723187123344,0.001138526903990903,61.65279123175743,1.3401906995316427e-05,9.503920533893925e-08,129.47982078239053,9
1000000,4,10,100,50,0.0016634,1115.6,0.0009321,8.9116734e-08,23.063899844894433,1.1354881475970285e-05,38.433781437110184,1.1929887770730383e-05,6.075242120826991e-08,15.572448082761378,10
1000000,4,10,1000,1,0.0168812,2771.2,0.0150606,4.22751869e-08,120.08232346851061,3.8798052642999176e-05,92.79463586029337,2.8558711455526243e-05,1.2614319741992585e-08,35.5056035453888,10
1000000,4,10,1000,4,0.0051974000000000005,2262.4,0.0043312,3.33889025e-08,80.09005476216626,1.551486742164148e-05,83.18546881650798,7.177124153246307e-06,1.5126730142616632e-08,35.644201620431446,10
1000000,4,10,1000,10,0.0026549,1134.8,0.0018646000000000001,3.85015639e-08,55.795465306032156,0.00013771988479034785,41.27092062080623,5.337498373666177e-06,1.40948720575588e-08,20.207709015143088,10
1000000,4,10,1000,50,0.0016847,1122.8,0.0009512,1.049097751e-07,27.02245460729886,7.513691207093581e-06,51.74467229687624,5.308274463305184e-06,1.1741297636598064e-07,29.927857474386432,10
1000000,6,10,10,1,0.0536933,2792.8,0.0151052,2.9181327300000002e-08,83.12269859790133,0.0016401442382370597,101.90714727960284,1.1820885471627511e-05,8.960407999235551e-09,25.4268091161799,0
1000000,6,10,10,4,0.015105,2247.6,0.0043549,3.45478771e-08,82.94648935544248,0.0005701319535374637,98.56661593956535,8.59521830890754e-06,1.0684588264506961e-08,25.388884081824372,0
1000000,6,10,10,10,0.0059985,1116.0,0.0018951,4.02105723e-08,58.32348668079716,0.0014041999105857002,47.027178902795725,7.738073260042062e-06,2.0114713804961614e-08,28.925146469207675,1
1000000,6,10,10,50,0.0022705,1095.2,0.0009861,2.494687675e-07,61.95278965449457,7.364215278403171e-05,70.87516411895558,1.892940100009037e-05,4.158623776302846e-07,99.41854483361153,0
1000000,6,10,25,1,0.0575178,2722.0,0.0150817,3.28155991e-08,93.4602699373644,0.0012882733319361155,80.77953536220255,1.2936168074218844e-05,1.4247670354712001e-08,40.38260525529186,0
1000000,6,10,25,4,0.0169276,2262.0,0.004668,4.63656514e-08,110.8050655785362,0.0011506211076341916,91.31630011485719,0.0010264020221682688,2.4574510204180653e-08,57.41615858197049,0
1000000,6,10,25,10,0.0076135000000000005,1100.0,0.0018828,8.3392375e-08,119.76155998120522,0.0018655637366639488,53.59933664597808,1.0250203250017397e-05,9.973085814606958e-08,139.52813285883562,1
1000000,6,10,25,50,0.0016818,1089.6,0.0009867,1.107386784e-07,28.49845267234887,0.00022313662979339712,46.57896520963084,6.219146064997838e-06,1.381578354879764e-07,35.094336551008816,5
1000000,6,10,50,1,0.0506079,2722.8,0.0150965,2.81606347e-08,80.21475884679596,0.012167244081732085,76.26969690949785,1.7264285550104808e-05,8.522768078629097e-09,24.093848916402845,1
1000000,6,10,50,4,0.0129859,2179.2,0.0043591,3.3327228e-08,80.09559649808736,0.004250115957895214,72.63424353108755,7.015063158027252e-06,1.0893017440273858e-08,25.94769848682984,2
1000000,6,10,50,10,0.0051522,1280.4,0.0019258,4.22265515e-08,61.60291848809723,0.0019092502775231491,576.9789520520753,8.735724863392216e-05,1.9976993169574188e-08,28.90639654392552,3
1000000,6,10,50,50,0.0014775,1107.6,0.0009886,1.012997346e-07,26.266355724960224,5.082650227325602e-06,75.90520403766793,3.7771241264574154e-06,4.040355461281305e-08,10.445796892639509,10
1000000,6,10,100,1,0.0367749,2767.2,0.0150907,3.53282961e-08,100.55442731182715,0.02158552800913921,82.33913609780791,2.412030034823161e-05,1.2060183977171763e-08,34.14021273505191,5
1000000,6,10,100,4,0.0100156,2244.8,0.0043642,6.22103085e-08,147.15805516655112,0.005358846708429384,94.10726740150187,1.848001924000934e-05,6.776933375974635e-08,156.6919398427053,5
1000000,6,10,100,10,0.0030036,1110.0,0.0018966,4.69322512e-08,68.8100114667357,0.001916904170792061,51.30302135352264,1.2598059815348977e-05,2.1251961373921922e-08,30.702796678238222,9
1000000,6,10,100,50,0.001482,1107.2,0.0009854,7.83529324e-08,20.334037463567682,1.7061978522759604e-05,75.44357715096318,5.929212051829141e-06,3.947808958056101e-08,10.239307566155402,10
1000000,6,10,1000,1,0.016326300000000002,2758.8,0.0150984,3.1459123200000004e-08,89.45471973058444,3.096611050810234e-05,94.7333098756715,1.4338758663148192e-05,1.5486521307104885e-08,43.42071107717451,10
1000000,6,10,1000,4,0.0049448,2270.8,0.0043586,5.29543517e-08,125.77076704723271,3.13184361749503e-05,87.25034224702057,1.3809819372863319e-05,5.3288944172447316e-08,124.2144988163906,10
1000000,6,10,1000,10,0.002394,1115.2,0.0018996,4.71801237e-08,68.74139747274619,1.6792855623746663e-05,38.26457601722222,8.796463936024375e-06,2.037261856574478e-08,29.45533393430308,10
1000000,6,10,1000,50,0.0014804,1110.0,0.0009903,1.650521445e-07,41.91493887632633,1.1442610424782175e-05,50.74555262396017,9.42867965305855e-06,2.48719658186728e-07,61.80515484109642,10
1000000,8,10,10,1,0.0540251,2814.4,0.0151195,3.20526666e-08,91.27995351537318,0.0011777849690556136,86.70153144873252,1.2937885796717072e-05,8.806001176978726e-09,24.98387754536177,0
1000000,8,10,10,4,0.0152238,2212.4,0.0043928,3.57161475e-08,85.7622033733096,0.00024308699860109496,83.51074448503284,8.011103405759892e-06,8.232420117584666e-09,19.614675458562484,0
1000000,8,10,10,10,0.0064003,1423.6,0.0019644,7.445280739999999e-08,106.41462631229876,0.00015013775156317083,653.3998605584316,8.370344477180529e-05,8.443448406575332e-08,118.57095628149908,0
1000000,8,10,10,50,0.0021491,1126.4,0.0011805000000000001,1.059152573e-07,27.35808504631229,0.00042667615874858114,59.664245760943146,0.0004981024548780658,7.183497045496333e-08,18.456887209445554,2
1000000,8,10,25,1,0.0560665,2748.8,0.0151034,2.70514279e-08,77.10196387763129,0.0012408317327054826,87.95554432653907,1.7494125998301086e-05,7.771587130787342e-09,21.988781218911083,0
1000000,8,10,25,4,0.0165214,2252.8,0.004385,6.36713854e-08,151.31720044499667,0.0003916322538073476,80.96748318512397,1.6391054470858853e-05,6.669039918546518e-08,155.92099354204146,0
1000000,8,10,25,10,0.007884,1830.4,0.0019162,5.30304948e-08,76.8269996439826,0.0005125220862449625,638.6825328578963,8.778762251403447e-06,1.1874645961375425e-08,16.58625618952051,0
1000000,8,10,25,50,0.0021584,1121.6,0.0010215,2.093931213e-07,52.95997740986497,0.0002762833489171739,54.526649957204924,1.5174906186786746e-05,2.656224108776421e-07,65.64759424509339,1
1000000,8,10,50,1,0.0562759,2729.6,0.0151171,4.6767272999999996e-08,132.8021246190324,0.0010590632600977578,86.90633527603791,2.5185754350867213e-05,2.4360053376825475e-08,68.7676611722804,0
1000000,8,10,50,4,0.0130306,2229.2,0.004381400000000001,6.11136294e-08,143.46359905414545,0.005675412411837967,66.18626913659828,2.0823064135712685e-05,8.761628898916637e-08,200.27489340286658,3
1000000,8,10,50,10,0.0062165,1272.4,0.0019237,4.20614639e-08,61.32439891630922,0.0027153677978825957,365.2089812696287,7.273238618387259e-06,2.9580253093057007e-08,42.52142458907135,3
1000000,8,10,50,50,0.0014435,1112.8,0.0010239,1.004331757e-07,25.895843705982404,0.00016099844719748074,60.59849649766715,7.964504588066534e-06,9.551098595511893e-08,24.381042586965364,9
1000000,8,10,100,1,0.0198534,2975.2,0.0151417,3.77420895e-08,106.96824956516727,0.011979856113029444,622.8702022804501,7.907106508283108e-05,3.706391607834847e-08,103.82194158999953,9
1000000,8,10,100,4,0.0079166,2242.0,0.00439,3.54562495e-08,84.95930212113048,0.004971920715377509,98.76121595939257,8.110350040397645e-06,8.848364690445352e-09,21.059085953477613,7
1000000,8,10,100,10,0.0027417,1603.2,0.0019314,4.26455614e-08,61.150732401219315,0.0012883294135343558,624.4123993359233,9.406853293683736e-06,4.3254257157695417e-08,59.91039429047218,9
1000000,8,10,100,50,0.0014458000000000001,1128.4,0.0010249999999999999,1.424226936e-07,36.73412787362295,0.00015659700578945381,48.20142920887074,5.83095189484533e-06,1.0197285483299632e-07,25.821441768243158,9
1000000,8,10,1000,1,0.0160585,2738.0,0.0151329,3.82148011e-08,108.63215150261047,2.565259354442627e-05,102.00217862597076,2.1625345212401935e-05,1.2694155021766195e-08,35.84469046035908,10
1000000,8,10,1000,4,0.0048254,2214.8,0.004377,4.3564298499999996e-08,104.02737394356866,2.481576559814788e-05,78.1576753890635,1.6465452046971316e-05,3.362562803520506e-08,79.10327019257372,10
1000000,8,10,1000,10,0.0023118,1489.6,0.0019154999999999999,4.12743813e-08,60.262399294933466,7.426648713323598e-05,592.1687447191233,1.034139470499236e-05,2.139251247890957e-08,31.095202979143746,10
1000000,8,10,1000,50,0.0014196999999999999,1115.2,0.001047,6.443829811e-07,142.9257400656029,5.8853962389026e-05,58.32628528850055,6.075085733277076e-05,1.3222038295467467e-06,283.4185619859705,10
1000000,16,10,10,1,0.0813436,2722.4,0.033076,2.73756543e-08,78.02005031242635,0.014299208627675091,45.57582205024453,0.009979984290791466,5.056304668327345e-09,14.346452420735485,0
1000000,16,10,10,4,0.0236174,2443.6,0.010655300000000001,3.23194562e-08,77.69972159719883,0.015454298741774083,674.5018243942051,0.01282747833580535,1.0664137704311948e-08,25.530628470208832,0
1000000,16,10,10,10,0.0075663,2492.0,0.0021213,8.27244669e-08,118.27456857439705,0.0003537978236224754,668.8072301576226,7.34666212946019e-05,5.8867805651150214e-08,82.25603250258214,0
1000000,16,10,10,50,0.0020572,1737.6,0.0012055,2.593473632e-07,62.99179808082457,0.0004907922846446006,727.0352582004994,8.231949951256992e-05,5.57307148517111e-07,131.23012532517257,3
1000000,16,10,25,1,0.0561728,2781.6,0.0152441,2.89248473e-08,82.38673770733656,0.0020242330124985333,104.87156165731702,1.3690629398728598e-05,4.710505275529934e-09,13.30061761079868,0
1000000,16,10,25,4,0.0163872,2275.2,0.0045287999999999995,6.10066949e-08,144.30213913365546,0.0005180512201188866,89.5380738382654,2.105442682404093e-05,6.670754451207934e-08,153.85053537097176,0
1000000,16,10,25,10,0.0070290000000000005,2229.6,0.0020714,1.1944660089999998e-07,170.76068740038812,0.0017224688353897407,67.0707752220659,1.3817862835233663e-05,1.1624230438988721e-07,162.95040962934908,1
1000000,16,10,25,50,0.0018044,2247.2,0.0011779,7.68165445e-08,19.91421431203476,0.0004420121164754549,912.5355152905922,6.240806571803577e-05,5.067490918620463e-08,13.129195356010692,5
1000000,16,10,50,1,0.0554849,2722.8,0.0152483,2.69327925e-08,76.76340526882476,0.0014879826350539921,74.97673713300087,1.6048883657957844e-05,2.4717234772896724e-09,6.969223667723392,0
1000000,16,10,50,4,0.0154094,2504.0,0.0045562,6.27520944e-08,148.70663009974487,0.003767593549675384,596.4249044654881,9.060022075028302e-05,6.307505024568147e-08,146.4269281963735,1
1000000,16,10,50,10,0.007168,2236.4,0.0020662,5.92837744e-08,85.92081039766845,0.0017765506528726453,87.56356421353449,1.0422198531126846e-05,3.1949735707222354e-08,45.66269952855463,1
1000000,16,10,50,50,0.0014523,2292.0,0.0011825,1.506134686e-07,38.01520269442837,0.000258998519944291,878.7324204026312,9.148922219462672e-05,2.7831532444858447e-07,68.82522714467517,9
1000000,16,10,100,1,0.0237836,2749.6,0.0152544,3.9411514599999997e-08,111.86008138614996,0.016950954645027452,70.73455858191085,2.108817467471075e-05,3.28149436716134e-08,92.24275585278639,8
1000000,16,10,100,4,0.0071244,2453.6,0.0045389,3.04869469e-08,73.28377242492043,0.004940608896347359,661.2774169909496,9.410449274904772e-05,1.1228363815404821e-08,26.728164269479432,8
1000000,16,10,100,10,0.0027886,2247.2,0.0020538,3.97770272e-08,58.44644886997779,0.0017095533659734381,71.30030387967034,9.223159256278019e-06,2.6972409849336248e-08,39.60299058096271,9
1000000,16,10,100,50,0.0014667,2238.0,0.0011764,1.807531283e-07,44.94129759567373,0.0003021008109886499,433.1969015996716,6.153986964200981e-05,3.659406325374607e-07,88.78539184362504,9
1000000,16,10,1000,1,0.0157788,3208.8,0.0152989,4.02318859e-08,114.13618067555058,9.906877521309198e-05,895.219501326661,0.00010153647401577203,3.1011661255125696e-08,87.0956805432978,10
1000000,16,10,1000,4,0.0047549,2286.0,0.0045213,5.0227972399999996e-08,119.667815865017,1.0898012051134253e-05,100.11992808627062,6.5667512684906474e-06,4.6319318356388426e-08,108.62789239793015,10
1000000,16,10,1000,10,0.0022852000000000003,2424.8,0.0020842,5.2195819e-08,76.14769495280365,8.097571652456474e-05,621.9904965333295,7.88906416080724e-05,3.026744359900414e-08,43.91339387811637,10
1000000,16,10,1000,50,0.0013892,2227.2,0.0011949,1.81125432e-07,46.01877795242365,8.841040662727439e-05,464.2711851206505,8.745722764109701e-05,2.3653182598391786e-07,58.3708903752945,10
5000000,2,10,10,1,0.24981119999999998,5895.2,0.075428,3.15852347e-08,89.9901804837087,0.00926130309765676,79.07914460280354,0.000275745051330632,3.875722713092676e-09,10.95005867362429,0
5000000,2,10,10,4,0.076094,2994.0,0.0213744,4.24446581e-08,101.90177671940121,0.0025102308880083322,90.00246910193322,2.5038636810604357e-05,1.120771453291042e-08,26.810012166829218,0
5000000,2,10,10,10,0.0320789,2233.2,0.009000600000000001,4.52198904e-08,66.26350494256891,0.0007753507378384743,154.59826073479036,2.648773300982905e-05,7.376930065470673e-09,10.649088393840774,0
5000000,2,10,10,50,0.0132942,1094.8,0.004375,1.087422045e-07,28.2143345620466,0.00012338809595022627,54.749530693067236,6.531972647421775e-06,6.83470839922936e-08,17.654077034361585,0
5000000,2,10,25,1,0.2588136,5900.4,0.075503,3.21305025e-08,91.59288420025871,0.012107173733874554,86.27501247625396,0.000146193175095297,6.5861125861863176e-09,18.74316646947295,0
5000000,2,10,25,4,0.0772498,3027.2,0.0213618,4.58805819e-08,110.13474021132829,0.004155981360240525,88.96041566649492,3.0323441610594085e-05,1.8951903803467593e-08,45.18932712039296,0
5000000,2,10,25,10,0.0300304,2249.6,0.008953599999999999,4.89811177e-08,71.30103205597402,0.0016221796174009562,181.50188245121132,1.2176480060619293e-05,1.375761742012005e-08,19.766623037935272,0
5000000,2,10,25,50,0.0121598,1102.4,0.004373,9.7803608e-08,25.208262995462857,0.000810699396269117,55.04583948351087,0.00010100055005350772,2.482883319196907e-08,6.471819678021385,7
5000000,2,10,50,1,0.25156649999999997,5866.8,0.0751412,2.54884862e-08,72.68876515581154,0.012019429143867204,92.51162089164798,7.47333035979712e-05,3.1719194358760045e-09,8.995330535231744,0
5000000,2,10,50,4,0.0763575,3036.8,0.021346999999999998,4.29518042e-08,103.12224373792947,0.0026643121793230016,81.29616637127896,1.9281539818639358e-05,1.1891506382792635e-08,28.43952817697753,0
5000000,2,10,50,10,0.0315893,2251.6,0.0089564,5.22075484e-08,76.21748273928347,0.001491271646019673,169.34330679290386,1.699803910259418e-05,1.1337307369013422e-08,16.055966167734688,0
5000000,2,10,50,50,0.0117891,1122.4,0.0043498,1.2950389009999999e-07,33.55368068250596,0.0004797887150726988,45.41952590388118,1.0747609553343138e-05,7.624445404670154e-08,19.619181667352258,9
5000000,2,10,100,1,0.0934268,5862.8,0.0753247,2.96296985e-08,84.45469368641997,0.0002547712699658255,105.96519344682112,0.00023253245890508383,2.4787108828076675e-09,6.999539726379406,10
5000000,2,10,100,4,0.0481946,3234.4,0.021373,4.0262277999999996e-08,96.8311687243633,0.02370186708163632,623.504646690339,6.759684410779302e-05,1.1191046830567122e-08,26.791204246762938,6
5000000,2,10,100,10,0.0191957,2244.0,0.0089651,5.56982601e-08,81.31630607700883,0.006037111322662703,177.46862007439825,1.6037802564912303e-05,1.3351794580675766e-08,19.521266651146036,8
5000000,2,10,100,50,0.0116304,1154.0,0.0043472,1.067472805e-07,27.71486020550409,1.3048627003124221e-05,46.88520259337931,9.89724989861105e-06,4.7705094127118006e-08,12.313363652243734,10
5000000,2,10,1000,1,0.0935743,5942.8,0.0752597,3.28991136e-08,93.69954059472391,0.0004339664733594039,66.29362295458323,9.31725400653146e-05,5.7771980287817565e-09,16.37785468496329,10
5000000,2,10,1000,4,0.0297093,3034.8,0.0213685,4.10787422e-08,98.57273169526951,7.244622526781854e-05,77.08119816862677,2.5587540370700857e-05,1.1848001375374777e-08,28.219677647393947,10
5000000,2,10,1000,10,0.016277,2268.4,0.0089731,5.79621059e-08,84.46593610796445,4.700354596552639e-05,189.89072881235904,3.3381465249779414e-05,2.2505855047319883e-08,31.959042280281036,10
5000000,2,10,1000,50,0.0116393,1120.8,0.0043525,9.70219192e-08,25.189456150847924,1.1076000080253724e-05,64.18861096625926,1.0885770528538698e-05,2.542486322710102e-08,6.5623390104516695,10
5000000,4,10,10,1,0.2517802,5872.8,0.0745801,3.30553933e-08,94.18608730195389,0.014948049540547651,103.01758210238785,0.00013582623703344915,7.097611738807515e-09,20.10673911933514,0
5000000,4,10,10,4,0.0754123,2996.0,0.0211909,4.39638264e-08,105.63818700421646,0.002496076924117346,87.0044698724024,2.1661281382021102e-05,1.6218754067946917e-08,38.67515328275172,0
5000000,4,10,10,10,0.0310566,2529.6,0.0089072,4.60399852e-08,67.4420501071213,0.0007813293799672449,90.06072025768688,1.5668794181784216e-05,9.604161931539134e-09,13.843781894916015,0
5000000,4,10,10,50,0.0091499,1109.2,0.0043768,1.815501736e-07,46.87751201625644,0.00014996329180465778,59.838300629464925,1.9309180315187932e-05,1.3409765309333988e-07,34.40509446799364,0
5000000,4,10,25,1,0.2507868,5853.2,0.0745896,2.98487509e-08,85.07199737234896,0.004533940640693625,85.83291262032816,0.0002553264576968109,3.677889196767305e-09,10.403155176385594,0
5000000,4,10,25,4,0.0758238,3049.2,0.0211965,3.71287731e-08,89.24230257054253,0.0030041816707900852,71.0067289456116,2.0282723902101765e-05,1.1236782901397866e-08,26.78677383546113,0
5000000,4,10,25,10,0.0309905,2508.0,0.0089168,4.90143724e-08,71.6878450713582,0.0008942604952324205,75.84780081774875,1.318079410860104e-05,1.3534152368887763e-08,19.771829212820233,0
5000000,4,10,25,50,0.0083713,1109.2,0.0043703,1.1645800999999999e-07,30.194925341835514,0.0005683301172929538,61.305790917335045,7.273238618387289e-06,7.503657122037172e-08,19.365959581457332,7
5000000,4,10,50,1,0.2449464,5906.8,0.0745136,3.66699165e-08,104.45694985827903,0.00538355195015336,89.70172796551914,8.528410038089247e-05,1.5539542590068544e-08,44.08748156377306,0
5000000,4,10,50,4,0.0784354,3030.8,0.021215499999999998,3.46487155e-08,83.26649164729334,0.004150701472174445,78.85965029369864,3.3886247620204046e-05,1.0086301611429095e-08,24.04520911449599,0
5000000,4,10,50,10,0.025812500000000002,2493.6,0.0089194,4.95616296e-08,72.29316819732968,0.009028778707247423,75.61775217794063,1.697187215496424e-05,1.8862939133617835e-08,27.920741964938827,3
5000000,4,10,50,50,0.008471,1116.4,0.0043787,1.652103742e-07,42.71386390117015,0.0005891123265841019,63.98472039826731,9.695932709704177e-06,9.444882505099066e-08,24.277035147035228,6
5000000,4,10,100,1,0.1007719,5830.0,0.0746598,3.1674026e-08,90.25326315975441,0.05378696293186048,58.704533234003506,0.0002473489662624676,4.134096833151697e-09,11.67808440696237,9
5000000,4,10,100,4,0.0560708,3033.2,0.0212044,4.57449108e-08,109.83593339770493,0.026405513505915978,88.44433277491554,1.9743916081219455e-05,1.9556975862528273e-08,46.67761674168108,4
5000000,4,10,100,10,0.017972,2526.8,0.0089185,5.86527164e-08,85.62313051600944,0.008700101225464755,79.64476686442674,1.3343745934165741e-05,3.1671455568366515e-08,46.54325890823084,7
5000000,4,10,100,50,0.0080214,1121.6,0.0043688,1.134014909e-07,29.40109525625593,1.392998364839112e-05,44.788887510681086,6.57942922212017e-06,4.1964421995529135e-08,10.814810690208978,10
5000000,4,10,1000,1,0.0837494,5888.8,0.0746095,3.20798505e-08,91.40551507872232,0.00026193434291822064,75.4671378077166,0.0001964881958569303,3.950120355782488e-09,11.200877036905728,10
5000000,4,10,1000,4,0.0254488,3035.6,0.0212093,4.18793563e-08,100.44725721289495,0.0001430181029722386,89.65018435873712,5.2996960080534536e-05,1.1568762541090671e-08,27.32254210743535,10
5000000,4,10,1000,10,0.0125858,2562.0,0.0089313,8.660667249999999e-08,125.66779079450147,2.238948165744127e-05,71.63487667020553,2.166435885145071e-05,4.9428313441183346e-08,70.92657518119961,10
5000000,4,10,1000,50,0.0080236,1090.0,0.0043741,1.501140277e-07,38.83612594179036,9.991107156977917e-06,71.83313998427188,1.0877601859887274e-05,1.0016601839925721e-07,25.76557552438326,10
5000000,6,10,10,1,0.2821375,5922.8,0.07452740000000001,3.79591924e-08,108.06259769556021,0.004919352944126791,110.94823617845897,0.0001979518459962776,1.2659411635294705e-08,35.89874931224275,0
5000000,6,10,10,4,0.0757142,2994.4,0.0212635,4.48303623e-08,107.6061246819332,0.004682614815582329,63.279275174947024,3.011920760356507e-05,2.237021166081936e-08,53.160477480532585,0
5000000,6,10,10,10,0.0304745,2461.6,0.0089837,4.7400619399999997e-08,69.05431285896593,0.0005799588586941129,56.0697977722608,1.3752171545694774e-05,1.2718088669240393e-08,18.107295022289403,0
5000000,6,10,10,50,0.008792399999999999,1102.0,0.0044356,1.027443793e-07,26.660987921886253,0.00015461004710776944,44.59197735517505,8.058122196475662e-06,4.049366117178881e-08,10.4663762221891,0
5000000,6,10,25,1,0.2792582,5866.8,0.07443330000000001,2.92830093e-08,83.4813258239957,0.005982840700239674,88.30351698041879,3.800014619855047e-05,6.165941916835038e-09,17.542661180075466,0
5000000,6,10,25,4,0.0832403,3052.8,0.0212154,3.60621385e-08,86.74390949631614,0.0014261461706290871,82.76982810447564,2.4802329639683965e-05,5.4584073754275055e-09,13.012928857671302,0
5000000,6,10,25,10,0.0395369,2504.0,0.0089537,4.22666005e-08,61.90669604936553,0.00100117669103244,73.7563556583431,9.322016949136862e-06,7.82087346145823e-09,11.265360570270726,0
5000000,6,10,25,50,0.008632,1094.8,0.0044314,1.193917992e-07,30.98919016124289,0.0017540143797712849,46.38198884145535,1.4096492865642704e-05,6.353029744451562e-08,16.38038066176302,4
5000000,6,10,50,1,0.2729599,5871.6,0.0744815,3.7500925e-08,106.83560961585975,0.006404272331811005,88.33169809807173,5.3748901797566825e-05,9.997619752515517e-09,28.462030880638594,0
5000000,6,10,50,4,0.0741807,2990.8,0.0212819,4.62412491e-08,110.91807961746882,0.0006660206953741514,85.08401077105432,1.0289692793168471e-05,2.0491125701821167e-08,48.78621432580454,0
5000000,6,10,50,10,0.028912399999999998,2510.0,0.0089853,4.32991457e-08,63.58021631366374,0.00618894213182763,69.23711271982518,9.580651798749815e-06,8.998057664819437e-09,12.99559524365594,1
5000000,6,10,50,50,0.0068723,1114.0,0.004437,8.9000118e-08,23.105812114829202,8.000694414306315e-06,73.3515128981294,7.164728420068074e-06,2.8109371344807654e-08,7.280105389548078,10
5000000,6,10,100,1,0.1367866,5914.8,0.0744118,3.34055794e-08,95.18261503678521,0.09066411300104725,84.32845835712217,5.0123846620146745e-05,7.309919747334017e-09,20.760298759991713,7
5000000,6,10,100,4,0.039703,2970.0,0.0212396,3.48606903e-08,83.87195062668717,0.025195595095615867,52.09393225489681,1.5692885861646843e-05,1.0822715454473459e-08,25.86217936552306,7
5000000,6,10,100,10,0.0132464,2588.4,0.0089835,6.03877248e-08,87.73226645141044,0.005782319530738125,79.45257145688308,2.7552979270247303e-05,4.6871678198874794e-08,67.51145056606059,9
5000000,6,10,100,50,0.0068792,1122.0,0.0044387,1.059400771e-07,27.446743473618582,1.576071064387641e-05,61.773780845922005,1.0231215850414693e-05,5.980229340977612e-08,15.395185005690918,10
5000000,6,10,1000,1,0.0808874,5834.0,0.0744544,3.18885275e-08,90.89259948504804,0.0006513359262998561,78.04841802083855,0.00015495605111700889,5.180534359534014e-09,14.657026352033254,10
5000000,6,10,1000,4,0.0241177,3013.2,0.021249900000000002,3.59775409e-08,86.45055270729284,8.848483862598539e-05,97.3251138081933,2.3287812740191607e-05,8.657162265654419e-09,20.618067557152372,10
5000000,6,10,1000,10,0.0114278,2490.0,0.0089908,5.28427059e-08,76.97487946083166,1.8048083924154658e-05,64.53250688176033,1.5626188843661827e-05,2.136157612555616e-08,30.758192769583953,10
5000000,6,10,1000,50,0.0069072000000000005,1121.6,0.0044318,1.907105698e-07,49.1679699166866,0.0001065872621115883,43.37741347752307,1.9893047361662034e-05,1.456813801643839e-07,37.28066739542505,10
5000000,8,10,10,1,0.2825374,5856.4,0.0744219,3.45631575e-08,98.48793067607602,0.006494878874929069,96.10087292932243,6.0999908925248654e-05,1.1227061036503101e-08,31.861792408166018,0
5000000,8,10,10,4,0.0823836,3009.2,0.0212483,3.7986751e-08,91.24497536734386,0.0017438820169062153,86.01911932174666,2.9044219160904016e-05,6.706122306248737e-09,15.997990221271733,0
5000000,8,10,10,10,0.0383799,2517.6,0.008982,4.22324015e-08,61.88353474125149,0.001113301441658997,88.4071389776992,1.702938636592658e-05,1.2031137435193715e-08,17.60268441642366,0
5000000,8,10,10,50,0.0107799,1635.2,0.0044834,1.354375039e-07,35.080956953932414,0.00023289885739903886,749.8617354034158,9.416675516220018e-05,8.0667760749928e-08,20.77977947926694,0
5000000,8,10,25,1,0.2751679,5847.6,0.0744567,3.33921614e-08,95.12183154462232,0.007168802215929184,91.68933053160184,0.000152845637454553,7.741097358481437e-09,21.94044602585123,0
5000000,8,10,25,4,0.08249229999999999,3055.6,0.0212544,3.5007621600000003e-08,84.1037973853776,0.0018114455277484889,99.85678633812415,3.254125586595151e-05,8.459707079083782e-09,20.135901539697528,0
5000000,8,10,25,10,0.0329221,2510.4,0.0090009,3.9465136e-08,57.88441079947479,0.00387648315558775,77.86484016122638,2.8633507954453932e-05,1.0715765921391744e-08,15.67395639378381,0
5000000,8,10,25,50,0.0081313,1699.2,0.0044524000000000005,1.283879963e-07,33.28743389519545,0.0023633322073340055,630.2755658352058,1.3031585560560966e-05,9.839580109815083e-08,25.337656388845264,6
5000000,8,10,50,1,0.2787639,6108.0,0.07451390000000001,3.13961774e-08,89.4803096913472,0.009247893507292469,677.585254988461,0.0002511008872058305,4.363279505400247e-09,12.361595568256016,0
5000000,8,10,50,4,0.0767861,3063.6,0.0212431,3.30983163e-08,79.57170768609863,0.01881514811971106,94.85333708181044,2.7537650993180082e-05,7.908865598753338e-09,18.873053514577975,1
5000000,8,10,50,10,0.0390677,2513.2,0.0089807,5.20763404e-08,76.47180429275788,0.0024185503486363253,86.03978407948526,1.666033212954244e-05,1.1149295482829538e-08,16.506842403189193,0
5000000,8,10,50,50,0.0062881000000000005,1379.6,0.0044453,1.043939531e-07,27.089916640385812,4.392531540391412e-05,511.800134601172,5.907622195096853e-06,3.5127691811861214e-08,9.067344301459709,10
5000000,8,10,100,1,0.1394303,6272.0,0.0745957,3.43467265e-08,97.87078723422643,0.09703527658085086,852.8456940020145,0.00036807941474029186,8.723901241506275e-09,24.75126451007188,7
5000000,8,10,100,4,0.0478575,3219.2,0.0212859,4.14505948e-08,99.55580064116357,0.0315947543650665,632.2947273402034,9.68945016213223e-05,7.4129056232880455e-09,17.69299838377475,6
5000000,8,10,100,10,0.019147,2693.2,0.0090216,6.1352728e-08,88.85611678687829,0.013432237316744122,668.6824192228908,0.0001007507375214254,2.4877128822400117e-08,35.483745397477755,7
5000000,8,10,100,50,0.0062906,1367.6,0.0044544,1.508572235e-07,39.043666859817556,9.709102258533907e-06,521.8069459952492,1.4315492772983167e-05,9.550529627299566e-08,24.602842959031804,10
5000000,8,10,1000,1,0.0790777,5890.4,0.0744092,3.3162682500000004e-08,94.50071818008564,0.00027025093277668205,77.63618858353222,3.410050504676357e-05,6.473164625282793e-09,18.37250094345947,10
5000000,8,10,1000,4,0.0234147,3001.2,0.0212613,4.6327282e-08,111.28973410744125,3.854881465247838e-05,85.60477660608535,2.9777135150611734e-05,1.863313048812693e-08,44.650365365962266,10
5000000,8,10,1000,10,0.0108805,2476.0,0.0089923,8.33320519e-08,121.39341274988104,0.00012778475826343458,84.8528137423857,2.5983114174829366e-05,4.821748516241452e-08,70.16646264752549,10
5000000,8,10,1000,50,0.0063139,1371.2,0.0044458,1.505210813e-07,38.94407713653471,6.333236841370209e-05,530.4548991196141,1.7274258305351278e-05,1.1394640377782314e-07,29.28763811187674,10
5000000,16,10,10,1,0.2759771,6206.8,0.07472379999999999,3.17714951e-08,90.56464295097473,0.008335530942897398,657.3997261940409,0.0002972760781944372,3.1824195445045848e-09,9.041741033289862,0
5000000,16,10,10,4,0.0803172,3052.4,0.021385599999999998,3.64997939e-08,87.76004920921268,0.0029831131315381835,99.55367061707636,3.8687350789516254e-05,7.198242790688856e-09,17.181534232823775,0
5000000,16,10,10,10,0.0374968,2695.2,0.009160100000000001,4.96473226e-08,72.36419860208412,0.0022824750114246108,648.3779419100835,9.09156507734261e-05,1.2074485258494478e-08,17.12588113993351,0
5000000,16,10,10,50,0.0102822,2207.2,0.0045896,1.097829662e-07,28.46708466632893,0.0003944365320020164,64.84991219046569,1.323463469671737e-05,8.396943454492728e-08,21.62019004391208,0
5000000,16,10,25,1,0.2750674,6256.4,0.0746599,3.31321851e-08,94.3996541488072,0.006289218926950392,599.8531672186303,0.0002937918575378763,3.319850143479017e-09,9.428231300871222,0
5000000,16,10,25,4,0.0811526,3046.0,0.0213901,3.57057872e-08,85.8571456574062,0.0015243051750442463,95.87491851365508,3.319454439780321e-05,7.127506579694329e-09,17.02689438199562,0
5000000,16,10,25,10,0.0361406,2491.2,0.0091308,4.25602304e-08,62.23317225586605,0.0018281280772053873,73.99219178024424,2.031857387821395e-05,9.909658728756351e-09,14.359569437231421,0
5000000,16,10,25,50,0.0076983,2266.8,0.0045934,1.809800257e-07,46.776112674722256,0.002298408920681145,92.66522780657502,2.0662365143742096e-05,1.2576376514524625e-07,32.35843426710233,5
5000000,16,10,50,1,0.27704070000000003,6218.8,0.074657,2.99187919e-08,85.2865824173284,0.007100491313986667,661.1667801025027,0.00033222515792088504,6.601117619252422e-09,18.731973648109822,0
5000000,16,10,50,4,0.0822808,2972.8,0.021370800000000002,4.15843764e-08,99.89276936253309,0.0019424355158751913,49.881637681393116,2.6665833320312087e-05,7.800677680501472e-09,18.60912171142646,0
5000000,16,10,50,10,0.0334119,2548.0,0.0091362,5.49796217e-08,80.51182380943372,0.008417643962402887,85.02025902362591,2.318428586588556e-05,3.6598040950232167e-08,53.26069898541229,1
5000000,16,10,50,50,0.0059149,2259.6,0.0045929000000000005,9.22843952e-08,23.949430438915524,0.0012229237688606942,84.04125970815367,1.4090579989640003e-05,5.342625252987413e-08,13.774509070660754,9
5000000,16,10,100,1,0.1393675,6241.6,0.0746303,3.67444018e-08,104.6857944870961,0.1006267394430747,605.4513834964603,0.0002644579571710985,9.924903225725812e-09,28.214335149082835,7
5000000,16,10,100,4,0.0578698,3228.4,0.0214227,4.73058978e-08,113.4803081525071,0.03042293172665061,637.058378626149,0.00012802261085014986,1.509172056827899e-08,35.90874904171228,4
5000000,16,10,100,10,0.0179899,2487.6,0.009130300000000001,6.98792624e-08,101.56175476505584,0.012827840005671692,67.9463840915108,1.5485118304000228e-05,5.457222806324567e-08,78.81260058346402,7
5000000,16,10,100,50,0.0065780000000000005,2492.8,0.0046164,1.755451349e-07,45.29560630430224,0.002214918759483316,680.7154406292773,7.616239958871511e-05,1.6273526463480136e-07,41.73343475904161,8
5000000,16,10,1000,1,0.0768824,6013.2,0.0745008,3.62723361e-08,103.3071038052158,0.00010357198248346614,212.12197748779673,3.197499022673711e-05,8.888462836638596e-09,25.2172175479035,10
5000000,16,10,1000,4,0.0224928,3039.2,0.0213905,4.46021957e-08,107.12301247259326,2.498799711861613e-05,101.88970071165737,1.3533908033774332e-05,1.5817743455895235e-08,37.804660043004056,10
5000000,16,10,1000,10,0.0100546,2498.8,0.009126,5.18730048e-08,75.97525377744829,1.8099723754798085e-05,91.97197640827582,2.0270394394014277e-05,1.8844969154736572e-08,27.32138512611473,10
5000000,16,10,1000,50,0.0055175,2212.0,0.0045926,1.022702827e-07,26.567792508540144,9.252627254521302e-06,68.03920438492305,1.1739770961233592e-05,3.511907623550798e-08,9.08651041001179,10
10000000,2,10,10,1,0.49276529999999996,9762.0,0.1501728,2.7394038e-08,78.10485755111337,0.009295279328179914,65.7875368135941,0.00018102105463791584,2.8582702765639375e-09,8.098106614991124,0
10000000,2,10,10,4,0.1573708,3857.6,0.0427024,3.96749907e-08,95.38014657220918,0.009361228869948408,97.7470658837844,5.060786061033916e-05,8.44308442655167e-09,20.18815051083199,0
10000000,2,10,10,10,0.0637242,2796.8,0.0178858,4.6097448e-08,67.40009999178771,0.0016266437703306637,100.48416127264369,1.9268858006869227e-05,7.590259308364737e-09,10.979758285585518,0
10000000,2,10,10,50,0.0266194,2216.8,0.0086666,9.52799963e-08,24.73909695049343,0.000655828432849121,83.87927833102366,1.1510381787277333e-05,1.9076117244760446e-08,4.938674751454406,0
10000000,2,10,25,1,0.5035424,9716.8,0.1502921,2.78652576e-08,79.47153366351897,0.013167757222346824,105.3552719769321,0.000280839000931931,2.921243340656022e-09,8.289792995460443,0
10000000,2,10,25,4,0.1534813,3812.0,0.0426892,3.43570307e-08,82.61721413693984,0.00692721066278966,86.45101374638574,5.632011679280797e-05,5.287124109486178e-09,12.537287248970475,0
10000000,2,10,25,10,0.0639034,2803.2,0.0178973,5.06289468e-08,74.00631767375215,0.0022923208617759705,90.19090863274413,2.658341170312415e-05,1.1729817768025135e-08,17.227423402116973,0
10000000,2,10,25,50,0.0250445,2256.4,0.0086628,9.92269574e-08,25.763567818268854,0.0019406149798453067,83.6808752875404,1.6685322891691615e-05,2.857889304103397e-08,7.373506228179717,5
10000000,2,10,50,1,0.49488709999999997,9693.6,0.1502171,3.81564167e-08,108.63210078228653,0.018098726465018335,107.11904073921167,0.0004186617436016269,3.170185402808931e-08,89.7386792707706,0
10000000,2,10,50,4,0.1538535,3786.4,0.0426993,4.09224475e-08,98.37340920980648,0.0073358959802694405,71.36011958136467,3.559978152242513e-05,1.0716903985253651e-08,25.678942163809143,0
10000000,2,10,50,10,0.0617938,2772.4,0.017898,4.57781533e-08,66.9099638288,0.010809160146221661,91.65054403669528,2.042873792805937e-05,6.634644608131906e-09,9.78382792280986,1
10000000,2,10,50,50,0.02323,2229.2,0.0086627,8.34053269e-08,21.666190736064532,1.0077477638553656e-05,108.40336198148509,6.000925854491946e-06,1.4360566644317357e-08,3.7121303619444563,10
10000000,2,10,100,1,0.1880717,9668.0,0.1502475,2.76880083e-08,78.9725605753636,0.00335760129490617,81.27867015535024,0.00023122776169348194,1.722226205441928e-09,4.883728287519411,10
10000000,2,10,100,4,0.1057053,3789.2,0.042708,3.8704564499999997e-08,93.00195035462235,0.04864424905154656,81.84646873533667,8.463910312484262e-05,7.498309796617313e-09,17.97609367074325,5
10000000,2,10,100,10,0.0387287,2747.2,0.0179031,6.13855387e-08,89.29884285826182,0.01312475752199297,93.70971727153545,2.945599354215672e-05,1.578104635631333e-08,22.97338385250676,8
10000000,2,10,100,50,0.0232305,2248.0,0.00866,8.11897475e-08,21.10017724807471,2.7605353748060583e-05,82.85998900420985,1.3457752825457763e-05,1.487111507253972e-08,3.8414844545823468,10
10000000,2,10,1000,1,0.1872191,9700.8,0.1505981,2.76340875e-08,78.73491246895449,0.0018232721775240598,95.14059771376957,0.0011112936855555177,1.8509266442565253e-09,5.297277947467242,10
10000000,2,10,1000,4,0.0596229,3838.4,0.0426946,4.12012456e-08,99.0733747292222,0.0007428226122926874,91.93620976887543,3.533710671675248e-05,7.14124235409923e-09,17.12887140197025,10
10000000,2,10,1000,10,0.0325647,2792.0,0.0178864,5.37009527e-08,78.44929387229422,0.000291213571875426,98.4863216673034,1.1315672514015341e-05,4.458022811823545e-09,6.304139802649702,10
10000000,2,10,1000,50,0.0232328,2150.8,0.0086664,1.075375787e-07,27.913935882480477,1.706067603193532e-05,19.234228748654196,1.1890238760335069e-05,2.4040511114966064e-08,6.215088492281756,10
10000000,4,10,10,1,0.5054219,9696.4,0.1487646,2.81220434e-08,80.22583703906275,0.04192114346524118,103.69956605502263,0.00033557055889932037,3.1361004122275874e-09,8.905468040638786,0
10000000,4,10,10,4,0.1578694,4004.4,0.0423111,3.52280998e-08,84.81525834438627,0.00794946795144877,176.9012279336818,3.1189207535085724e-05,7.40550130762261e-09,17.806102020089185,0
10000000,4,10,10,10,0.0635379,2730.4,0.0177341,4.73208093e-08,69.46150289713069,0.0028830981965779654,66.32445501723579,1.4161371559436934e-05,1.1920659661121435e-08,17.486949733267707,0
10000000,4,10,10,50,0.0177925,2241.2,0.0086597,9.00504641e-08,23.39497821019011,0.00023798144185349117,102.45085542726218,1.1652848960185328e-05,2.115083080847064e-08,5.45692742153606,0
10000000,4,10,25,1,0.4992106,9680.8,0.1490996,2.86735738e-08,81.5998010858186,0.011157137966342429,94.55956382678121,0.0015615261196093423,5.3300863206714435e-09,15.23231335994817,0
10000000,4,10,25,4,0.1477231,3939.6,0.0424816,4.20469245e-08,101.02776866953576,0.002678671206649544,187.01348733298474,2.9971097188235722e-05,5.46355449934776e-09,13.110204136418957,0
10000000,4,10,25,10,0.0612982,2763.6,0.0178446,4.40443413e-08,64.72851245561407,0.0012326728682014532,84.31580845580237,2.307572076640048e-05,1.1344167736606331e-08,16.374579261440488,0
10000000,4,10,25,50,0.0164283,2203.2,0.0087204,9.47693598e-08,24.603510300463302,0.0008994505792118004,56.62508278139644,1.1927559124425444e-05,3.2549019315597156e-08,8.413829774000522,8
10000000,4,10,50,1,0.5494319,9668.0,0.14885579999999998,2.77530758e-08,79.16776050748408,0.01627844277598786,65.01965514792857,0.00017446094755624411,3.2439812631186802e-09,9.222084041436565,0
10000000,4,10,50,4,0.1481811,3830.4,0.0424672,4.06822253e-08,97.78847633496049,0.0026073807397889188,157.3242935256133,0.00012840110764492747,7.620670087953087e-09,18.107409111087147,0
10000000,4,10,50,10,0.060647,2979.2,0.0178812,4.83768396e-08,70.78600422103854,0.0020353784796827232,621.484387932991,9.889365781259975e-05,1.0293683622733325e-08,14.75789039148043,0
10000000,4,10,50,50,0.0160193,2188.0,0.0087263,8.49279899e-08,22.065211119189176,1.068799950099772e-05,80.35476892436994,1.3695498043760972e-05,1.909493524407923e-08,4.922456946126437,10
10000000,4,10,100,1,0.2086673,9689.2,0.1489768,2.86065976e-08,81.54815852017389,0.13129812155045395,75.21347397020475,0.00018774498069929214,5.169840016620269e-09,14.728219863591036,9
10000000,4,10,100,4,0.13257839999999999,3973.6,0.0425017,4.79820645e-08,115.24798210589812,0.04248568464841357,234.70605730004783,7.184559060157359e-05,1.1941557157991743e-08,28.638092191167466,2
10000000,4,10,100,10,0.0290544,2762.8,0.0178637,4.69524813e-08,68.56086999158066,0.012265673204335569,90.23524810183656,2.0243243042775364e-05,1.3684955257378796e-08,19.870941215554417,9
10000000,4,10,100,50,0.0160443,2256.0,0.0087234,7.96057963e-08,20.699001174231686,9.413707499645896e-05,97.97958971132712,1.0211105065891154e-05,1.8694165562668947e-08,4.831195433898716,10
10000000,4,10,1000,1,0.1670201,9662.4,0.1488728,2.87621684e-08,81.9845448526973,8.324588745263741e-05,80.09327895231493,6.902141374642551e-05,3.2073208215025194e-09,9.137087585795225,10
10000000,4,10,1000,4,0.050950300000000004,4064.0,0.0425099,3.94835872e-08,94.94717174442104,0.00011532471066033022,638.9213131868778,0.00011577319781941384,1.2989585308972408e-08,31.157193028780984,10
10000000,4,10,1000,10,0.0251724,2771.6,0.0178657,5.2394163900000003e-08,76.51702108738351,3.0089496136987494e-05,101.25347730654323,2.3748918104012463e-05,1.5859860794393833e-08,23.236644045547532,10
10000000,4,10,1000,50,0.0160175,2308.0,0.008731,8.04187322e-08,20.89731092648236,7.5901983578239755e-06,75.54248252914824,9.104333522498549e-06,7.709578613592831e-09,1.9913085020476018,10
10000000,6,10,10,1,0.5596839,9864.8,0.1484625,2.55560162e-08,72.88908926229205,0.013882926704329227,189.65043867307264,0.0002875819689912617,3.0414302858752636e-09,8.658369528961519,0
10000000,6,10,10,4,0.1496956,4097.2,0.0423876,4.07104748e-08,97.88842373445283,0.004453791223964885,90.90263411413824,3.0901995620564096e-05,1.0724890467740596e-08,25.574992395862754,0
10000000,6,10,10,10,0.0614523,2809.2,0.0178562,4.6723989e-08,68.39204396526542,0.001803139610666782,82.30134331291994,1.8890326742659137e-05,1.0636629936297995e-08,15.651124447470757,0
10000000,6,10,10,50,0.017826599999999998,2248.0,0.0087531,8.41996141e-08,21.8838435053792,0.00030881896890501333,82.4944442573761,1.7214012380099528e-05,3.306395144583306e-08,8.544086321008004,0
10000000,6,10,25,1,0.5565673,9899.6,0.1483284,2.7165150100000002e-08,77.44773269095725,0.0212999166980635,198.4871672314247,7.605874922277756e-05,3.575611040231103e-09,10.141609468016693,0
10000000,6,10,25,4,0.15015,4134.4,0.042402,4.21263085e-08,101.24218525836686,0.003284824771243937,84.12054842110022,4.00000000000009e-05,7.759952658097961e-09,18.590555443494626,0
10000000,6,10,25,10,0.0658289,2798.0,0.0178959,5.47006095e-08,79.62131692568904,0.008953753011385164,93.66132843625722,7.599042337324093e-05,1.9578159217042226e-08,28.261210382852877,0
10000000,6,10,25,50,0.0151685,2214.0,0.0087015,8.06316514e-08,20.9662170652262,0.0033725087348540203,83.80400414724294,9.08295106229235e-06,2.292520892043343e-08,5.934461361770939,8
10000000,6,10,50,1,0.565787,9766.4,0.1484127,2.46904202e-08,70.4987328317819,0.014345047716895189,187.5237466444065,0.0002676116796986144,6.5463794556653275e-09,18.642502919463386,0
10000000,6,10,50,4,0.1662018,4098.8,0.042313,3.83328545e-08,92.24666265494879,0.002738158294263584,83.48093594747645,5.51543289325499e-05,1.261244711950651e-08,30.34035511812896,0
10000000,6,10,50,10,0.0754578,2771.2,0.0177853,5.6301247300000003e-08,82.40697576688143,0.019220283035261358,86.05527939127913,1.4840260554765613e-05,2.4968087272523477e-08,36.79505492774945,1
10000000,6,10,50,50,0.0136355,2204.0,0.0087717,1.100114266e-07,28.258004564058403,0.00021328033195773134,93.23804659758447,0.0002138623908550127,4.395030297429088e-08,11.087107749674184,10
10000000,6,10,100,1,0.240422,9936.4,0.1482954,2.56358974e-08,73.16179618508502,0.1667017812908895,132.1339387809876,0.0002587114222449442,6.2896490126926665e-09,17.924450996045284,8
10000000,6,10,100,4,0.1286467,4082.4,0.042407600000000004,4.44812678e-08,106.84610349908246,0.04266404937558345,96.39179310386221,2.495418023320251e-05,5.384845998184779e-09,12.873220839030944,2
10000000,6,10,100,10,0.0267185,2745.6,0.017858100000000002,5.46200635e-08,80.10898085574752,0.012584299929762571,92.1486721433238,2.2521347897297233e-05,1.5452154360219863e-08,22.480944774345726,9
10000000,6,10,100,50,0.013657,2458.0,0.0087927,1.0184863869999999e-07,26.42495979395712,9.435629873575537e-05,640.4005690885111,9.36886688274878e-05,3.526444417011267e-08,9.102782028435149,10
10000000,6,10,1000,1,0.1605052,9812.8,0.1484045,2.58655396e-08,73.75282950310724,0.0001789418279156016,203.58388934294385,0.0001830204906561034,3.0421970303668946e-09,8.61563988715506,10
10000000,6,10,1000,4,0.04802,4088.0,0.042402300000000004,4.0111008800000004e-08,96.32757721331183,4.204759208325717e-05,88.36288813749809,3.018111992620528e-05,1.3715572885176081e-08,32.647736793305974,10
10000000,6,10,1000,10,0.022857,2795.2,0.0178765,5.61863145e-08,81.77422602387662,0.00033098170476461174,87.42844693424064,2.5224547127308128e-05,1.4195342499345123e-08,20.685897053775268,10
10000000,6,10,1000,50,0.0136491,2404.4,0.0087853,8.64872045e-08,22.458484281414272,8.209269828134014e-05,656.9463363844028,8.394184494835307e-05,2.511535799751237e-08,6.492381342636313,10
10000000,8,10,10,1,0.5425523,10183.2,0.1481803,2.77986221e-08,79.25480722249326,0.019762346475895348,553.3471484219167,0.0002562494661241089,3.2233136880565232e-09,9.153081921488168,0
10000000,8,10,10,4,0.1500587,4110.0,0.0423765,4.17349638e-08,100.30423922962058,0.004180815418870661,89.32835807041097,1.895169297626635e-05,7.70497219131506e-09,18.38612944778264,0
10000000,8,10,10,10,0.0621196,2747.2,0.017891400000000002,4.9353618e-08,72.01772992319499,0.0007382031036389797,81.18675316139259,2.1752139102983907e-05,1.1801228669640094e-08,17.267983945881824,0
10000000,8,10,10,50,0.0176801,2263.6,0.0087922,8.89497604e-08,23.10946964169059,0.0002533124772116659,71.24168567473525,1.1272385136548016e-05,4.1943536550843994e-08,10.841056315591436,0
10000000,8,10,25,1,0.5659815,9969.2,0.1482666,2.45951732e-08,70.22123358563918,0.010853318645055586,85.41766666081308,0.0002611509567706409,5.225958153569625e-09,14.872580824560307,0
10000000,8,10,25,4,0.16346070000000001,4118.4,0.042312,3.6509329e-08,87.90263108065294,0.0035628014585903185,85.79458672382023,2.254871270038384e-05,2.058031954520682e-08,49.44149025942687,0
10000000,8,10,25,10,0.075723,2738.8,0.0178592,5.96810233e-08,87.39248134736529,0.0032767616805485108,85.91572097765992,0.00018461840524594406,2.1723237320715508e-08,31.580533314190298,0
10000000,8,10,25,50,0.0149678,2201.6,0.0087346,8.89891869e-08,23.12160965655068,0.004146019558296581,67.49353878541099,1.4766328062333234e-05,5.298033053943069e-08,13.705896320249597,7
10000000,8,10,50,1,0.5657225,9910.8,0.14878639999999999,2.29882278e-08,65.46064262865696,0.013793845892281081,152.25767632536628,0.0015829909945697359,2.048876707237613e-09,5.909987236724865,0
10000000,8,10,50,4,0.149184,4076.4,0.04237,4.04639043e-08,97.32341415410956,0.002050517820779266,91.12531054664352,4.7630522426975605e-05,3.7109924563988428e-09,8.871060007763575,0
10000000,8,10,50,10,0.0581185,2942.8,0.0178957,4.82882404e-08,70.47809458639414,0.012802180823333708,631.9016801159286,9.744405802533257e-05,1.549238075515887e-08,22.027845342166554,1
10000000,8,10,50,50,0.0129835,2248.0,0.0087931,9.5557075e-08,24.822062592937076,0.0016674496327558981,93.8272644573823,1.3008117123977368e-05,6.33585019362334e-08,16.401148729041275,9
10000000,8,10,100,1,0.1576522,9963.2,0.1485349,2.51764716e-08,71.5886882204819,0.0013493383399116566,98.68108002831929,0.0013353105714485351,4.324698304167078e-09,11.66923226582468,10
10000000,8,10,100,4,0.1050023,4062.8,0.042342199999999997,4.44866341e-08,106.90149943265862,0.061377326999199525,76.15306224236086,5.151008531238251e-05,2.0828005560228747e-08,49.734584350595085,5
10000000,8,10,100,10,0.043633200000000004,2744.4,0.0178111,6.23494158e-08,90.68386137995947,0.02863230183551438,82.91253758563231,2.0946757903472135e-05,3.04333886265673e-08,43.774855604969986,6
10000000,8,10,100,50,0.0124095,2263.2,0.0087557,8.86256809e-08,23.026089363615892,4.571226434023041e-05,88.07673422142258,4.7951480106920876e-05,3.060656967488317e-08,7.93198473007267,10
10000000,8,10,1000,1,0.1572985,9864.4,0.1481566,2.84026982e-08,81.07065938248425,0.00020630034739024323,69.16518070692956,0.00021959568908944024,8.814450655305132e-09,25.098521507612723,10
10000000,8,10,1000,4,0.0466624,4087.6,0.0423151,5.12401645e-08,123.18294391137958,0.0003320291821177433,96.00833297167492,4.694074278633916e-05,1.8192546163576704e-08,43.600114697738796,10
10000000,8,10,1000,10,0.0214975,2786.4,0.017814899999999998,7.01141381e-08,102.92368174373587,8.838080485414587e-05,82.60642966635359,3.570387467301866e-05,2.159263784448793e-08,31.575078001314996,10
10000000,8,10,1000,50,0.0124562,2423.2,0.0087746,9.61589211e-08,24.980933074163215,0.00014954062993046378,630.6365038593945,0.00011391731894473068,3.012739757681449e-08,7.795745960285046,10
10000000,16,10,10,1,0.5594779,9961.6,0.1480942,2.3443423e-08,66.91653134144848,0.013601206339063364,104.07177010762013,0.0001832592577622115,4.5514758609468396e-09,12.938216843165073,0
10000000,16,10,10,4,0.1645364,4090.0,0.0444825,3.94914197e-08,94.91472782595328,0.009374508025017164,81.67687011088948,0.006435230708978335,1.2698515025905265e-08,30.235616293921286,0
10000000,16,10,10,10,0.0754377,2766.8,0.017942800000000002,4.94707617e-08,72.40382841857594,0.0035866399952539916,93.14361670739082,3.122249901023973e-05,2.126280961636964e-08,30.85361029171092,0
10000000,16,10,10,50,0.0205401,2275.6,0.0089463,7.36666643e-08,18.988414094050594,0.0010131806299416152,91.70871762754558,0.00019491995508128193,1.3995900060508968e-08,3.565100875955767,0
10000000,16,10,25,1,0.5495557,10153.6,0.148218,2.58287783e-08,73.74478279960874,0.016744614000063156,699.2114924049168,0.00030081297253350503,6.20333792156128e-09,17.6701764175254,0
10000000,16,10,25,4,0.162855,4128.4,0.042439,3.32943139e-08,80.12138532977443,0.005481795022314013,98.3680164823235,4.475612931332518e-05,6.28461452060318e-09,15.076411444796362,0
10000000,16,10,25,10,0.0742216,2766.0,0.0179453,5.23671888e-08,76.47752706826753,0.004360164171221079,77.27008908152408,2.5095595009659564e-05,2.4783103759097614e-08,35.64985013580742,0
10000000,16,10,25,50,0.0145605,2232.0,0.008878500000000001,9.23703233e-08,24.019327692425698,0.0049660002740859995,95.83318840568751,8.462334849857768e-06,3.8524475380187195e-08,10.003603109173348,6
10000000,16,10,50,1,0.5555984,9988.0,0.1488956,2.28438513e-08,64.93371135800645,0.015545254604254995,82.4728911690246,0.0015809954810533486,2.389248175444413e-09,6.899709270022783,0
10000000,16,10,50,4,0.1622163,4316.4,0.0424536,3.96132187e-08,95.32618031165273,0.005485323814000812,612.5776504066874,9.453417959188585e-05,8.921423073078459e-09,21.381265893725715,0
10000000,16,10,50,10,0.0721103,2768.8,0.020434,5.42484934e-08,79.58111011832196,0.00981567266105023,92.1216586911026,0.007922236791322118,2.1858492328972397e-08,31.93350779797474,1
10000000,16,10,50,50,0.026521700000000002,2174.0,0.0198904,9.04261175e-08,23.494086129115022,0.03471638696654811,59.90362630462737,0.023508039056175368,2.1954136163914666e-08,5.668766381939586,10
10000000,16,10,100,1,0.1962453,9965.2,0.1481036,2.84891507e-08,81.23306750463966,0.13771193553376396,96.94076083418734,0.00018740105537471175,4.952144844868244e-09,14.074267004081435,9
10000000,16,10,100,4,0.1027944,4279.2,0.0425669,4.168151e-08,100.17563474791345,0.06118981320303423,642.9537394798409,0.00010991051916091572,5.084249449900239e-09,12.156512345491901,5
10000000,16,10,100,10,0.0301641,2782.0,0.0180554,6.03436342e-08,88.29399659569897,0.02168408515452955,94.75582655787804,2.70316686704885e-05,3.8727747603091684e-08,56.136953739682156,8
10000000,16,10,100,50,0.0108674,2434.4,0.0090233,1.098589669e-07,28.513316107903407,0.00011907905870564408,628.0755793161627,0.00010668130107942993,4.949119878415498e-08,12.771533836248556,10
10000000,16,10,1000,1,0.1531446,9953.6,0.1485254,2.80551578e-08,79.87874886865853,0.0010038933320937191,102.08841483951274,0.0009930753803770952,2.6325525588633895e-09,7.581226967089441,10
10000000,16,10,1000,4,0.0447146,4486.4,0.0425686,4.5897493700000004e-08,110.2458245142202,0.00010488745290919142,888.7108266097208,0.00010881911596773757,1.2761358487824493e-08,30.528274177472973,10
10000000,16,10,1000,10,0.0199206,2760.0,0.0180703,7.86248905e-08,114.5055892797094,6.122853365329971e-05,91.09701788020652,6.409723516311418e-05,4.9566943555802044e-08,71.51863642736521,10
10000000,16,10,1000,50,0.0108411,2232.8,0.0089842,1.002197464e-07,26.02316246861926,3.8246132702100135e-05,67.192592184291,1.674514855114749e-05,4.110252759577252e-08,10.62429008138996,10
50000000,2,10,10,1,2.6721354,41130.0,0.7514649,2.33905439e-08,66.71989193371385,0.20693918394016686,99.08470001860921,0.0013324610855272258,9.186317842526525e-10,2.654788835788982,0
50000000,2,10,10,4,0.7559032,11740.0,0.2121149,3.04132727e-08,73.19573810884877,0.027124054563349397,83.98941732279265,0.00023027782736897921,2.77832356686734e-09,6.5776720507750985,0
50000000,2,10,10,10,0.3099919,5855.2,0.0891064,4.85656021e-08,71.31031842538763,0.007437524221435814,102.93126077360776,0.00015225796822790282,6.0619170662052755e-09,8.808612863264123,0
50000000,2,10,10,50,0.1327139,2763.6,0.0432399,9.80410109e-08,25.48900020062874,0.003325651296279338,87.78660996352968,2.034398628041645e-05,9.984213248737034e-09,2.5965581676418137,0
50000000,2,10,25,1,2.6707594,41149.6,0.7517923,2.56373427e-08,73.06900107122242,0.15998436713712577,96.24413402038242,0.0018517158439314233,2.7684531864998814e-09,7.844424175455306,0
50000000,2,10,25,4,0.7581133,11734.4,0.2120723,3.10579968e-08,74.81772597617822,0.03281195425806473,79.95998999499687,0.00022245451470156424,4.151687832201924e-09,9.948510250069528,0
50000000,2,10,25,10,0.3085288,5865.2,0.0891777,4.6791591e-08,68.66422034092115,0.009778948611970288,87.8190057890533,0.00015499537627512253,5.3959537814371614e-09,7.7243237290458975,0
50000000,2,10,25,50,0.1327273,2723.2,0.0432759,1.073243259e-07,27.881202032826867,0.0015611985459895899,71.62370805505364,3.0119945403521637e-05,6.712922327528394e-09,1.734288351140022,0
50000000,2,10,50,1,2.7707704,41080.4,0.7509818,2.30424375e-08,65.76025197175268,0.12057304146744877,58.86179670304934,0.0001906327475656889,1.2398360322438025e-09,3.5303308441151535,0
50000000,2,10,50,4,0.7673036,11772.8,0.2122235,3.02416337e-08,72.83069802693322,0.02725676237886257,65.72129707247788,0.0002441858354250369,3.2654979318189756e-09,7.825601392388831,0
50000000,2,10,50,10,0.3146756,5852.4,0.0891854,4.2800121900000004e-08,62.71347759089339,0.01341278285981118,93.28474925969648,0.00015997999874984496,2.6157387720744697e-09,3.811035118903691,0
50000000,2,10,50,50,0.1160739,2795.6,0.0432638,1.017528923e-07,26.441757619220297,5.1446736210050945e-05,92.28843673806354,4.028454349306356e-05,8.858081058581356e-09,2.2799476636727154,10
50000000,2,10,100,1,0.9366142,41099.2,0.7517519,2.47918075e-08,70.70721442653479,0.011964232341070252,64.4649775718051,0.0011766441404831636,2.0335407154236753e-09,5.7721876399712,10
50000000,2,10,100,4,0.2964276,11731.2,0.2122213,3.50487794e-08,84.2992232117372,0.0024673377555575918,92.71797140911907,0.00022270461253517934,2.2642608288426395e-09,5.3589389305057,10
50000000,2,10,100,10,0.162079,5858.0,0.0891573,5.09891855e-08,74.72075882433573,5.3038769886855855e-05,100.88056744928078,5.191670679506134e-05,3.81941096477778e-09,5.480112403759537,10
50000000,2,10,100,50,0.1161551,2756.0,0.0432993,1.130394794e-07,29.357547473850193,5.666754901273925e-05,87.89893186053072,3.7070653262835356e-05,7.50704432600356e-09,1.9377601027298874,10
50000000,2,10,1000,1,0.9315371,41129.2,0.750065,2.3436252e-08,66.90030201831794,0.002005117921165183,96.90407628165082,0.0011807766747169352,4.060223236306841e-09,11.513335143215038,10
50000000,2,10,1000,4,0.2946316,11929.6,0.2112944,2.68438373e-08,64.71666109735256,0.00041178667616456686,626.1620663481087,0.00042255708358621857,3.7767688182262966e-09,9.056780518785969,10
50000000,2,10,1000,10,0.1622219,5836.4,0.08883339999999999,3.89388405e-08,56.81815480573496,0.0019469077162401836,68.72683448099278,0.00024027216049952817,5.840569628205288e-09,8.326838763599676,10
50000000,2,10,1000,50,0.1160245,2766.0,0.0432448,1.058286991e-07,27.49184208907308,0.00013281001468262737,94.134655325939,7.71359550116262e-05,1.6078754758900445e-08,4.15464863574542,10
50000000,4,10,10,1,2.7287045,41126.0,0.742638,2.3363356499999998e-08,66.66593976321084,0.11534046914172555,110.35699645544304,0.0011280734806641704,1.4795882281305501e-09,4.226725047518355,0
50000000,4,10,10,4,0.7504103,11743.2,0.2102086,3.2764989e-08,78.86818345593106,0.018745267699401404,93.93709479102372,0.0002865597475028326,1.65533234762422e-09,4.001028368327765,0
50000000,4,10,10,10,0.3121906,5857.2,0.0884501,5.07696577e-08,74.15915044417972,0.009860262056467983,85.50087718848269,0.0002108419365833613,4.381762092634602e-09,6.235852482821271,0
50000000,4,10,10,50,0.0889466,2966.8,0.0431933,1.053989673e-07,27.381489858480332,0.0016601492034687049,625.5907075183688,8.91154681672425e-05,7.245443664668947e-09,1.8551893632245098,0
50000000,4,10,25,1,2.7376182,41122.4,0.7431109,2.5474468e-08,72.66423971853911,0.10599788855003994,88.66817041331373,0.00036463968516881,8.025934416850024e-10,2.2682991837952904,0
50000000,4,10,25,4,0.7463899,11760.0,0.2100998,2.97886905e-08,71.73989092632574,0.02495798534626634,100.66445913694334,0.0001524400064141794,2.2209162621640965e-09,5.3540801710845995,0
50000000,4,10,25,10,0.30309189999999997,5840.8,0.0883597,4.7464500099999996e-08,69.53199762352874,0.011714174988259116,83.75201490113537,0.00018937854507132887,6.798791326199132e-09,9.840655205879814,0
50000000,4,10,25,50,0.0894047,2785.2,0.0431595,1.004542427e-07,26.10779002467442,0.0010483145255334593,87.75825380618686,3.053686296920377e-05,3.475013206355593e-09,0.894322610841046,0
50000000,4,10,50,1,2.7086354,41204.4,0.7432386,2.47559335e-08,70.59829384135985,0.16542213193134445,80.12101957525115,0.001546598647929642,2.7339693611593485e-09,7.761753488814197,0
50000000,4,10,50,4,0.7628493,11950.8,0.2099294,3.56603684e-08,85.8457065638015,0.03479190064448269,621.8025410047791,0.00039770402171576105,4.692989064918747e-09,11.29061397568921,0
50000000,4,10,50,10,0.30564,5849.2,0.0882585,5.30223194e-08,77.36278366491487,0.0056403654924914925,84.13851014184223,0.00016874586414684787,6.335414096510106e-09,9.304022472973994,0
50000000,4,10,50,50,0.0795609,2783.6,0.0431282,1.167447999e-07,30.311480881363778,0.00014425244076502302,61.05589424635612,7.137662237891447e-05,1.4581363518549767e-08,3.767561316120916,10
50000000,4,10,100,1,0.8343095,41082.4,0.7430514,2.63534719e-08,75.15580704767294,0.0005809341615019777,79.08813648919372,0.0002068768823345003,7.69476898315768e-10,2.1952641370237957,10
50000000,4,10,100,4,0.253581,11936.8,0.210611,3.52441982e-08,84.55990466478254,0.002473625409528832,625.1038669248851,0.001120017063362077,3.171942639927491e-09,7.440749969948605,10
50000000,4,10,100,10,0.1249219,5848.0,0.0884218,4.86696371e-08,71.17945507101061,0.00023819620763843854,72.8834686331544,0.00020554577754521502,3.562469771408358e-09,5.187638402458753,10
50000000,4,10,100,50,0.0796675,2773.2,0.0431706,1.199298754e-07,31.149764254479884,0.0003042773771121067,89.72154454508436,3.00636362109144e-05,3.694357346494624e-08,9.584167041589703,10
50000000,4,10,1000,1,0.8393453,41129.2,0.7434727999999999,2.59814633e-08,74.06073459406232,0.01011001749696255,68.24921651971951,0.0014407827193731982,1.0268632640911891e-09,2.8867844029467187,10
50000000,4,10,1000,4,0.25228079999999997,11685.2,0.2101406,3.55702706e-08,85.55249802377057,0.0008553204467722426,50.77357142801318,0.0002582471684259127,3.0270646277353017e-09,7.260943972702852,10
50000000,4,10,1000,10,0.1247806,5867.2,0.0883208,5.47201789e-08,80.15785679556937,0.0001209280777983348,80.12878522866937,0.0001238420140519555,4.606527834306091e-09,6.663877126561326,10
50000000,4,10,1000,50,0.0795855,2762.0,0.0431683,1.071490251e-07,27.832582498956175,7.410990337180129e-05,89.88387570143553,4.0088928923360094e-05,1.2314170269779613e-08,3.1931606253054015,10
50000000,6,10,10,1,2.817603,41079.6,0.7407034,2.53681341e-08,72.36252791026985,0.09821412125215673,39.97554808185179,0.0013152867199039153,1.8897927119348567e-09,5.422651816338307,0
50000000,6,10,10,4,0.8255106,11963.2,0.20959819999999998,3.15901307e-08,76.06626433909643,0.013686718032051692,649.6653497506749,0.00033815341685887966,1.5880894748211028e-09,3.8246035337973603,0
50000000,6,10,10,10,0.3884552,5862.8,0.0880283,4.85630464e-08,70.89719862924223,0.015677660106023474,85.27185285244416,0.00012022945654964326,8.117737720583873e-09,11.685749761116817,0
50000000,6,10,10,50,0.1075467,2706.0,0.0430621,1.134417402e-07,29.467992476651286,0.002379976706235215,26.212804335116665,2.8477866649187783e-05,9.257709400124138e-09,2.401910773498653,0
50000000,6,10,25,1,2.7389518,41133.6,0.7401756,2.66257591e-08,75.95852181615467,0.061769084866856214,89.22779835903158,0.0003934342243487197,1.5819461010200517e-09,4.5129106927081555,0
50000000,6,10,25,4,0.8104564,11777.6,0.2094475,3.17178853e-08,76.35856004224406,0.0415012718739505,86.47568701342848,0.0003862705586042557,3.1238785101216745e-09,7.513736780948115,0
50000000,6,10,25,10,0.3995121,5867.2,0.0881057,4.5387161800000003e-08,66.39443294662578,0.02817252475354116,83.83687865266826,0.0002644520750533059,6.170451999962199e-09,8.848534256596421,0
50000000,6,10,25,50,0.100356,2767.2,0.04305,1.121012003e-07,29.128751018781873,0.017461871052858763,81.31803134743377,4.815022787531246e-05,1.8196453039280688e-08,4.715384221872566,2
50000000,6,10,50,1,2.8123712,41130.8,0.742183,2.57076267e-08,73.22412083118468,0.03870452822431334,82.19326817527902,0.004098927312250248,1.9279963944710438e-09,5.473147464975135,0
50000000,6,10,50,4,0.8291544,11756.4,0.2094243,3.32548506e-08,80.09955617630519,0.016246096106791657,89.01335729977708,0.0002897067674582598,3.660294688835895e-09,8.805200044345735,0
50000000,6,10,50,10,0.4028133,5903.2,0.0880038,3.85509339e-08,56.396848722968606,0.014641013990765048,98.13913026356454,0.00015756959661615465,2.4374174831007548e-09,3.483326030320043,0
50000000,6,10,50,50,0.0673728,2738.8,0.0430402,9.50476394e-08,24.70264086537451,3.223800379813844e-05,90.39272340428981,3.319571592171983e-05,1.687120021701266e-08,4.378549447675938,10
50000000,6,10,100,1,0.8049222,41127.2,0.742978,2.14686152e-08,61.14369061650291,0.006678489230357426,88.17759856612614,0.006785680724060694,1.029023804392061e-09,2.9523442272359643,10
50000000,6,10,100,4,0.23774299999999998,11782.8,0.2096523,3.00688032e-08,72.28633468675551,0.0014535551054034523,83.50222884583513,0.0013606216757219602,5.479448525636068e-09,13.228764233261055,10
50000000,6,10,100,10,0.1124477,5805.6,0.0880064,4.42813075e-08,64.82706964098016,0.0001540375495347365,59.78331242449221,0.00011414045927910241,7.817911537402959e-09,11.519036037474203,10
50000000,6,10,100,50,0.06738620000000001,2751.2,0.0430358,1.007171228e-07,26.18612059258092,4.749923975999587e-05,98.44660143109732,4.6456192028381264e-05,2.037846802031498e-08,5.281735642299776,10
50000000,6,10,1000,1,0.8007953,41144.0,0.7402164999999999,2.09273462e-08,59.75889156580536,0.0012840777105248206,92.97072418538835,0.0012773574501898884,9.948381959092423e-10,2.785841313592808,10
50000000,6,10,1000,4,0.2384095,11766.4,0.2100029,2.69489163e-08,64.71361365882593,0.0027378511951285205,91.0228298590829,0.0015253289226334864,2.616921607459466e-09,6.179972398693101,10
50000000,6,10,1000,10,0.112577,5903.2,0.0882104,4.98345167e-08,72.7567834099992,0.000289420877692753,92.35294617209927,0.00027687309567943027,9.387438915054036e-09,13.729259798270213,10
50000000,6,10,1000,50,0.0674169,2781.2,0.0431347,1.117645233e-07,29.02824919890695,4.997432674217115e-05,95.8155635699244,4.225333648890338e-05,8.907254977604555e-09,2.292593649325516,10
50000000,8,10,10,1,2.7048423,41092.0,0.7392289,2.26498332e-08,64.68365082680947,0.08356764993444928,57.1314274283428,0.005666751812105422,2.1582821429417625e-09,6.1241236510242265,0
50000000,8,10,10,4,0.7865167,11751.6,0.2093854,3.37694239e-08,81.1520932646196,0.05231564891236868,96.94809607895007,0.0005737905541223212,4.789628966379673e-09,11.462764887865147,0
50000000,8,10,10,10,0.3874414,5857.2,0.0879762,4.48448022e-08,65.583597688022,0.01200707940434401,82.43084643775316,7.84301529316938e-05,4.5820642926425584e-09,6.824156598269184,0
50000000,8,10,10,50,0.1067837,2793.6,0.0431114,1.1353270199999999e-07,29.470050512420865,0.0028170844285853014,87.7815470358093,9.747273122947436e-05,3.120116510123519e-08,8.03729517277312,0
50000000,8,10,25,1,2.7917439,41165.2,0.7391806,2.52057439e-08,71.94811089914049,0.0602330243018267,95.20130718056811,0.0002843511913110326,8.481333420213601e-10,2.427415877645704,0
50000000,8,10,25,4,0.8181621,11746.4,0.2092483,3.31443363e-08,79.78829992137315,0.016801721323523165,88.16550093747303,0.00024108322675421353,2.117638845518704e-09,5.076859102446644,0
50000000,8,10,25,10,0.37755099999999997,5888.4,0.088084,5.4863987e-08,80.17139553983698,0.027399255346734437,100.01688746295686,0.00016164020401977672,8.736823439746062e-09,12.642818880289642,0
50000000,8,10,25,50,0.0643666,2735.6,0.0430354,9.23940024e-08,24.027074779870333,0.009761622545003016,82.37475341389496,2.5180239165752503e-05,7.235040544750731e-09,1.8688036785007873,9
50000000,8,10,50,1,2.7121863,41122.8,0.7391862,2.12530197e-08,60.62267200654353,0.13767758259470644,89.40395218706311,0.0027757590673543786,1.6566609721370305e-09,4.683167695278355,0
50000000,8,10,50,4,0.8193589,11772.0,0.209973,2.78722729e-08,66.89747101709862,0.037873725646181425,106.9163743825571,0.0018044177885278012,2.7562719037525808e-09,6.249365175707965,0
50000000,8,10,50,10,0.3125516,5895.2,0.0878205,4.23490134e-08,62.14282054294708,0.008454693413194308,87.02081487909787,0.00018195924452103616,3.6935867805671014e-09,5.5394909163759,0
50000000,8,10,50,50,0.061294100000000004,2755.2,0.0430802,8.66108852e-08,22.51311247629876,8.304543602417029e-05,74.25601359860059,2.9947361226733702e-05,7.25472439855928e-09,1.8828393921810218,10
50000000,8,10,100,1,0.8079934,41177.2,0.7454837,1.97900044e-08,56.541676977372006,0.04081264297357976,80.31161532154334,0.013278109814025996,1.8577864057986496e-09,5.302902575900027,10
50000000,8,10,100,4,0.2299775,11698.4,0.2086584,2.88842906e-08,69.64527239218016,0.0010390761120662245,91.74263518730596,0.00011436705042197474,2.3356565682433893e-09,5.647416270125235,10
50000000,8,10,100,10,0.1062807,5853.2,0.0878837,4.2175272599999996e-08,61.682251022522,0.0005448610526241213,78.76942441215515,0.0001798172220153921,4.7000281606944574e-09,6.779668458935045,10
50000000,8,10,100,50,0.0612946,2957.2,0.0431009,9.38372907e-08,24.385010230077857,8.180355873812711e-05,631.6906415854731,7.461970249203603e-05,8.665460234632156e-09,2.244150280479525,10
50000000,8,10,1000,1,0.7859061,41364.0,0.7391784,2.04763879e-08,58.4267812822303,0.004582791930447854,607.584653452596,0.002772868318386416,6.398498594740713e-10,1.8697197340008171,10
50000000,8,10,1000,4,0.230702,11773.6,0.2091105,2.73312345e-08,65.76167433997732,0.0016154685594794668,93.27998475319106,0.0011691932878888942,1.803995650792691e-09,4.25104224334927,10
50000000,8,10,1000,10,0.1061015,5840.0,0.0878843,4.01962167e-08,58.95833011347843,0.00015102630381640342,83.47987115999214,0.00015603920447545633,3.049927755343397e-09,4.597520643574616,10
50000000,8,10,1000,50,0.0612549,2776.4,0.043046600000000004,8.98261451e-08,23.364505757340655,6.893708887255243e-05,82.93397641765674,2.1762352813975785e-05,7.505596206140701e-09,1.9507030350253125,10
50000000,16,10,10,1,2.7734648,41154.8,0.7380404,2.00075126e-08,57.130586572636,0.06335115261215765,79.17463117831508,0.0020334120859066226,1.6528723816326667e-09,4.697935267263835,0
50000000,16,10,10,4,0.8120913,11772.8,0.20913969999999998,2.61836535e-08,63.093498837764706,0.02089977804268104,162.57702448036403,0.0002679154302719012,3.3757419237801224e-09,8.115269023249994,0
50000000,16,10,10,10,0.368914,6059.2,0.0880955,4.14412415e-08,60.79513965883617,0.023513145855031815,200.8586014533054,0.00018108208697224275,4.078549201826341e-09,6.101077276383282,0
50000000,16,10,10,50,0.1017817,2748.4,0.0432113,9.79047466e-08,25.442010090394767,0.004560625445654967,79.51966912517794,5.9042451770832774e-05,1.6151051743603458e-08,4.181031205074269,0
50000000,16,10,25,1,2.8262248,41181.2,0.7412345,2.08993239e-08,59.59250746861482,0.17823356391905779,62.0838143158102,0.008316197558580088,1.408516504411444e-09,3.9128548230410214,0
50000000,16,10,25,4,0.811682,11759.6,0.2091886,2.71334936e-08,65.31145914432278,0.023758603522373405,175.903508903161,0.0012132831674611007,6.051686367544912e-09,14.510375951766388,0
50000000,16,10,25,10,0.3674281,6131.6,0.0921522,4.68988728e-08,68.87624169196022,0.02539039102779719,138.39010883087786,0.008605090067318681,1.1252141816053006e-08,16.586704436804492,0
50000000,16,10,25,50,0.0841607,2748.4,0.0431888,1.054625309e-07,27.41095583131397,0.02232363546184477,82.00704576776043,3.749607386854705e-05,1.7771772341271505e-08,4.612752604638754,3
50000000,16,10,50,1,2.7561285,41348.8,0.7379537,2.19578715e-08,62.70321300990421,0.07665729071690149,701.0792949287389,0.0013299156238899565,9.488223261614895e-10,2.721068412085598,0
50000000,16,10,50,4,0.8196774,11802.4,0.2111916,8.142968950000001e-08,194.39883035869914,0.014401152146809483,197.32612599450687,0.0065266675893768476,1.700641779612028e-07,403.9930603753742,0
50000000,16,10,50,10,0.3746601,6204.0,0.0895802,4.41761244e-08,64.34400032587337,0.014156492200871415,48.51574772976067,0.004825903411106914,9.268782064317695e-09,13.120419603151316,0
50000000,16,10,50,50,0.056223,2971.2,0.0452847,1.167320293e-07,30.326542486710522,0.012063058677908627,631.9319231970763,0.0064041268821145485,2.480388035340431e-08,6.424660061222938,10
50000000,16,10,100,1,0.760624,41370.0,0.7377316,2.13787617e-08,61.035306936333775,0.001483490403668933,696.6440187706264,0.001504419947281278,1.727709870340057e-09,4.852876980671613,10
50000000,16,10,100,4,0.28104,11998.4,0.2093818,2.91914958e-08,70.24632141811567,0.1918210094483338,644.026776530983,0.001204837914410065,5.916321271323212e-09,14.233360593424301,9
50000000,16,10,100,10,0.097544,6096.0,0.0883708,5.08083674e-08,74.48556470252701,0.0003223738340636365,147.52476251651976,0.0002833250194858672,8.304978841203179e-09,12.280127845295894,10
50000000,16,10,100,50,0.0527636,2800.8,0.0435867,1.124437331e-07,29.19571573429597,0.0006695690488001289,80.5050723039652,0.0006197732649929328,1.1096848762605449e-08,2.8748305110237657,10
50000000,16,10,1000,1,0.7620306,41073.6,0.7388335,2.49496522e-08,71.18679911719585,0.0011128683859488672,74.5999702114924,0.0003463268366410256,1.033130153838411e-09,2.9348443867336282,10
50000000,16,10,1000,4,0.2197618,11772.8,0.209137,2.76998523e-08,66.73418881132538,0.0003590273279601732,137.85402907907093,0.00022956432165686767,3.808065059712874e-09,9.162697741176137,10
50000000,16,10,1000,10,0.0971948,6073.2,0.08800039999999999,4.67676194e-08,68.57991248283707,0.00012565190010501318,161.61463080083092,6.336876202041384e-05,1.083208583120313e-08,15.771934774430944,10
50000000,16,10,1000,50,0.0523461,2750.8,0.0432126,1.149135034e-07,29.859370114164932,2.763029738047177e-05,93.46752258286178,2.7386939304062013e-05,1.4389228401216947e-08,3.7425414060906843,10
100000000,2,10,10,1,4.9221626,80012.4,1.4998159,2.33819994e-08,66.79074846132004,0.16338169314229933,135.80967074058705,0.001182752387911824,7.752140618298953e-09,22.11388267093669,0
100000000,2,10,10,4,1.5002304,21492.4,0.42353810000000003,2.90736098e-08,70.00745017635654,0.04682016126793621,71.0417717496779,0.0005299564866833654,1.5092839208790218e-09,3.6426638657560773,0
100000000,2,10,10,10,0.6553831999999999,9696.0,0.1773312,3.85903035e-08,56.563526213008984,0.018820944826914994,86.49213194787656,0.0002102367977094247,3.0100344859815224e-09,4.5184216568373285,0
100000000,2,10,10,50,0.2671263,3556.4,0.08625,8.23912439e-08,21.431444551357266,0.0030411616950690883,95.54428874145808,5.5950374837389045e-05,5.205159246906507e-09,1.3609957697860517,0
100000000,2,10,25,1,4.8438096,79995.6,1.4980331,2.15781062e-08,61.64615794182697,0.13755795741690527,121.53755706684983,0.0006293115197491001,1.203082491126652e-09,3.421318776659525,0
100000000,2,10,25,4,1.4901446,21451.2,0.42335670000000003,2.82921581e-08,68.14726808833414,0.045895396939852985,103.6026597685171,0.0004936328032499897,1.5122173757883885e-09,3.58769212293966,0
100000000,2,10,25,10,0.6429028,9675.6,0.1774857,4.07686262e-08,59.67691988525378,0.033918862660439815,89.82847853301065,0.0002202014481736641,2.575845750311657e-09,3.4627892615587124,0
100000000,2,10,25,50,0.241748,3576.8,0.0863311,9.296380389999999e-08,24.158910023366815,0.015979840160513355,104.93257094174545,6.0771795358627996e-05,1.6660085191183276e-08,4.327337776779338,7
100000000,2,10,50,1,4.8784054999999995,80045.6,1.5010185,2.35736278e-08,67.24885437929964,0.21260075791296382,115.67310260672818,0.0028857690771554234,1.3017227490372393e-09,3.661571661852277,0
100000000,2,10,50,4,1.5481158000000002,21497.2,0.4248979,3.0799067500000003e-08,73.96110037686582,0.04560763300345433,81.32349667292418,0.0037240784229121736,1.6356154206662293e-09,4.226999981687222,0
100000000,2,10,50,10,0.6319524,9695.6,0.1774669,5.03562076e-08,73.69597814453961,0.02229640011900274,70.33759860684596,0.0003317731654810772,2.6964467165399643e-08,39.577544554329386,0
100000000,2,10,50,50,0.2315336,3575.6,0.0861649,7.37909053e-08,19.198242408084987,0.00010080365954556773,83.57458412167608,8.153588167181124e-05,9.186836337539296e-09,2.381842386791286,10
100000000,2,10,100,1,1.8618482,79999.2,1.500672,1.94072662e-08,55.45585801558929,0.001541356819313543,131.19349577373617,0.0014973691001961616,6.187678839038468e-10,1.7474022738970594,10
100000000,2,10,100,4,0.5923244,21522.4,0.4235856,2.43955275e-08,58.773716564307506,0.005799467009993238,80.64627841520166,0.0014603935694797406,1.482027480101443e-09,3.4445579086416918,10
100000000,2,10,100,10,0.3226608,9704.4,0.1771181,3.4789267000000004e-08,50.980626876558354,0.0003181812202014601,97.46019130336698,0.0003418194617695827,2.9261677071550243e-09,4.045263167077457,10
100000000,2,10,100,50,0.2315446,3607.6,0.08618490000000001,7.28243975e-08,18.94243921674534,7.08773588672682e-05,79.63137293526688,5.7340018990036794e-05,9.361188924441858e-09,2.4290046472034037,10
100000000,2,10,1000,1,1.8623783,80041.2,1.5009217,1.90301372e-08,54.367843190054714,0.002921506690809462,156.59771532319508,0.002185828297109449,7.492351378051857e-10,2.1367003172661287,10
100000000,2,10,1000,4,0.5901594,21456.0,0.4226802,2.38568336e-08,57.56387666012228,0.003509120060641983,84.83185984312995,0.0007417880499921215,2.333819960149797e-09,5.6348297528494475,10
100000000,2,10,1000,10,0.3237507,9710.0,0.1779297,4.37179743e-08,64.03262090724203,0.00021017455708160332,80.24961059095551,0.00017604674253037062,3.944899597543814e-09,5.73872658969507,10
100000000,2,10,1000,50,0.2319589,3594.4,0.08634939999999999,8.63506083e-08,22.4574152216968,0.00018614059799576733,87.11065759519134,8.092959903521267e-05,8.08685755041762e-09,2.088213930531576,10
100000000,4,10,10,1,4.9278881000000005,80211.2,1.4852863,2.05329391e-08,58.61691600261124,0.14153047303080069,62.191103329442015,0.0015132826753635727,6.363175539642046e-10,1.8303129192287282,0
100000000,4,10,10,4,1.5284806,21460.0,0.4203398,2.98585576e-08,71.76888653014949,0.05401289453495756,92.64508141888112,0.0014275539919736883,3.4278595000731286e-09,8.264768330011558,0
100000000,4,10,10,10,0.6240307,9685.2,0.1760475,4.06732409e-08,59.64664920844936,0.01514230840357205,129.91689651465663,0.0001500075924004451,2.6859546949085785e-09,4.113693935680187,0
100000000,4,10,10,50,0.1825747,3553.2,0.0861796,8.91700539e-08,23.17435355454499,0.002279387152040853,103.004638514756,0.00015230320635714197,5.026512082108547e-09,1.305606818106123,0
100000000,4,10,25,1,5.3647494,80207.6,1.4849825,2.30671266e-08,65.83235825272524,0.16711730949858078,82.86964328255418,0.0009809573838291247,1.1495202133996985e-09,3.270179905224516,0
100000000,4,10,25,4,1.5574157,21434.0,0.4193477,2.5487088700000002e-08,61.46132999452275,0.07228870082915217,85.5050355892044,0.00048320229258101927,2.10729769245317e-09,5.057718649146675,0
100000000,4,10,25,10,0.6003255000000001,9661.2,0.1758495,3.52988413e-08,51.62949351413138,0.007869838389559075,61.189686857981044,0.00027515541063188555,3.3318164344901525e-09,4.989452398942287,0
100000000,4,10,25,50,0.1586223,3492.4,0.0859085,7.46537703e-08,19.4120875701194,4.535305943373815e-05,21.700998440932004,5.5931009089572353e-05,7.482170446239233e-09,1.941784850061103,10
100000000,4,10,50,1,4.9745393,80268.8,1.4869451,2.31663751e-08,66.09316098663827,0.16941096603496475,77.8100250610421,0.006577510360648979,6.6046099221702966e-09,18.89376892027036,0
100000000,4,10,50,4,1.5277903,21476.4,0.4195275,2.57467693e-08,62.03987811072149,0.06433730205901807,92.50009009004621,0.0009538911246980895,1.0150547933429284e-09,2.509002399351551,0
100000000,4,10,50,10,0.5963022,9756.0,0.175451,5.60455779e-08,82.21933136933272,0.12419812193319724,71.60384843785361,0.0003573283581743251,4.484274361081204e-08,65.78629857816681,1
100000000,4,10,50,50,0.1588359,3568.8,0.0859767,8.85747057e-08,23.013794212629566,0.0001387303139187684,99.89861527235166,7.986662493042868e-05,7.038631156099966e-09,1.8118760888159264,10
100000000,4,10,100,1,1.6735669,80275.6,1.4858149,2.4312712e-08,69.35529882906201,0.016262910108929197,79.47494364053784,0.0028205752939584887,2.2618752191900916e-09,6.452673265597723,10
100000000,4,10,100,4,0.5028829,21435.6,0.4194044,2.66936977e-08,64.3235207763214,0.0014529649724309122,97.76979765414947,0.0013935489625811958,2.4975211467348115e-09,6.050867911560439,10
100000000,4,10,100,10,0.2497022,9680.0,0.1768524,4.03207601e-08,58.96398257040102,0.0023302238232982444,79.64365078969642,0.0023325572614145552,3.2210252379135592e-09,5.187745657095436,10
100000000,4,10,100,50,0.1589417,3521.2,0.0861667,8.69098301e-08,22.587236967842262,0.0001378566485721885,84.58105908272582,8.422991023251489e-05,7.0299328279726435e-09,1.815193438224516,10
100000000,4,10,1000,1,1.6712194,80265.6,1.4845649,2.30211228e-08,65.6891589054762,0.014756001311707413,98.77831520913664,0.00037103921625620005,1.010737106229662e-09,2.885658765045274,10
100000000,4,10,1000,4,0.5053981,21489.2,0.4191451,2.56949988e-08,61.80321427298577,0.005681822779707253,103.62410701933965,0.001596017923179782,2.5052902458741987e-09,6.00094237648596,10
100000000,4,10,1000,10,0.2487008,9659.6,0.1754116,4.19844032e-08,60.74522988157125,0.0017582755946286381,79.78749553936659,0.0006478480960499589,3.4315380441767193e-09,5.652558080308928,10
100000000,4,10,1000,50,0.1585945,3557.6,0.085893,8.79512175e-08,22.859415108844374,7.760190432943931e-05,92.16796261897805,6.952058048600337e-05,1.3040690017817523e-08,3.3803655968813833,10
100000000,6,10,10,1,5.7405961,80241.6,1.4843501,2.22090898e-08,63.35265042665903,0.15324501337868496,103.42060830522233,0.009936566335734103,2.46377804146003e-09,6.949955490690102,0
100000000,6,10,10,4,1.6588901,21444.0,0.4182618,2.6679632900000002e-08,64.29176744079895,0.02687782461621477,75.94149795145675,0.00022040810632399213,5.2219844142597e-09,12.564492088931006,0
100000000,6,10,10,10,0.7301132,9852.4,0.17546899999999999,3.73999114e-08,54.89491209722474,0.10789773428349231,179.2076387260816,0.00021189934717533924,3.966933099728785e-09,5.833202155523466,0
100000000,6,10,10,50,0.1803548,3574.0,0.0867379,8.83704642e-08,22.808431383362812,0.0036851722649317523,83.88881530533932,0.0020248282478603783,8.159177603162137e-09,2.334185134334437,0
100000000,6,10,25,1,5.6032877,80260.0,1.4792342,2.0756649e-08,59.29745904933944,0.16233455758405566,65.99663291074444,0.0005099056121806078,1.6083200685792892e-09,4.555447167502051,0
100000000,6,10,25,4,1.5430364,21431.6,0.418327,2.80751872e-08,67.59020556076699,0.09517814730190023,81.55052966651344,0.0003426439681198083,2.882218491735212e-09,6.932081304888298,0
100000000,6,10,25,10,0.6080059,9877.2,0.1753809,4.0198482500000004e-08,58.276043187519036,0.016465631427984247,199.27914536593582,0.0005018586454371358,2.6943673232435288e-09,4.202032898721172,0
100000000,6,10,25,50,0.1347025,3764.4,0.0860789,8.51190784e-08,22.13209645652254,0.00025226584302191356,627.9092644996126,8.966412635806556e-05,4.5084795903437644e-09,1.159160872968654,10
100000000,6,10,50,1,5.4414907,80258.0,1.4798324,2.33025087e-08,66.48514883428345,0.1636170010753772,98.02040603874276,0.001994425631604248,1.744658922862897e-09,4.936655422224834,0
100000000,6,10,50,4,1.4877605,21469.6,0.4182307,2.82871295e-08,68.13553905444745,0.0405433947058923,122.51004493963387,0.0002577871861309983,1.1576373662312055e-09,2.7616906792338174,0
100000000,6,10,50,10,0.5974643,9709.6,0.1754614,4.00743118e-08,58.79262052549778,0.008129788681823843,172.78065735363884,0.00027500553529782884,3.539857968643368e-09,5.160028893180831,0
100000000,6,10,50,50,0.1345811,3578.4,0.0860601,8.70346749e-08,22.623885223744082,6.232254808655283e-05,70.07805172329874,5.734389437614249e-05,3.5177791040944025e-09,0.9223080760476066,10
100000000,6,10,100,1,1.6086868,80235.2,1.48274,2.11159116e-08,60.26997431349737,0.012955115838926326,64.02221836553655,0.010042360711837967,1.0041073224490605e-09,2.871515410206963,10
100000000,6,10,100,4,0.5387432,21702.4,0.442994,2.3393163e-08,56.33296783512689,0.018071103826582124,620.0278129962308,0.004347092975004488,4.380646182959465e-09,10.634402196293069,10
100000000,6,10,100,10,0.237783,9856.8,0.1800666,4.38847145e-08,62.703372861535264,0.030209802621739265,199.95377243530842,0.011412784159295516,8.2893079690563e-09,12.37284064593461,10
100000000,6,10,100,50,0.1344934,3519.6,0.0859155,8.08330301e-08,21.01793843871367,0.00012498462127619994,81.98536454758252,7.86698445685827e-05,1.259395320844288e-08,3.259694483041445,10
100000000,6,10,1000,1,1.6031433,80238.8,1.4823589,1.91927082e-08,54.741876603817076,0.007262769965148755,90.58918257717087,0.006867311368602244,1.5745415161864173e-09,4.370013101047815,10
100000000,6,10,1000,4,0.4765975,21457.6,0.4190317,2.53635277e-08,60.941000969605895,0.0032853682103803445,84.89889411660332,0.0022302042283163237,1.5742791213268278e-09,3.674754160887916,10
100000000,6,10,1000,10,0.2238231,9921.6,0.1752649,3.6617142100000004e-08,53.48123283602891,0.0001858795607674733,189.5416694145233,0.00017750708906031718,1.888084048198446e-09,2.7067471296078605,10
100000000,6,10,1000,50,0.1344987,3590.8,0.0859902,7.37087829e-08,19.158031570633476,0.00017083003248843373,99.26037589200548,5.7416219156456695e-05,3.4465625795577963e-09,0.8914869797700012,10
100000000,8,10,10,1,5.5393597,80430.8,1.4779901,2.32569977e-08,66.32679128656801,0.1500946030127887,707.8984233474304,0.003798210468979646,5.606990246813586e-09,15.949596321174779,0
100000000,8,10,10,4,1.5343745,21587.2,0.4173179,2.4705648300000002e-08,59.552221870789495,0.0839192688709413,185.62375326928873,0.00047586820070733053,2.481903037868637e-09,5.959728189382562,0
100000000,8,10,10,10,0.6095624,9884.4,0.1750641,3.97506383e-08,58.073585827969005,0.039670259854623253,141.30125422105937,0.0005459646813973711,4.847127122199982e-09,7.32690723252974,0
100000000,8,10,10,50,0.1715661,3576.4,0.0860433,8.23508483e-08,21.412043399046897,0.0022317227252107792,92.84539119776849,7.264074461194546e-05,4.590413696458305e-09,1.1927225173163567,0
100000000,8,10,25,1,5.6596089,80229.6,1.4764931,2.1610636e-08,61.71530752869113,0.17018841041782037,111.54192037077361,0.0014462901545371524,3.1759616054955e-09,8.998543474977142,0
100000000,8,10,25,4,1.6310908,21487.6,0.4180756,2.6426166e-08,63.637299616755946,0.032467022061025426,173.57367952031845,0.0011692203670252519,3.467002141632931e-09,8.377354866150945,0
100000000,8,10,25,10,0.7679913,9913.2,0.1755021,4.6376268e-08,67.62397288648332,0.04084937429970965,95.96388209460197,0.00036965282510906537,4.943412959712124e-09,7.383464054099413,0
100000000,8,10,25,50,0.1403786,3556.4,0.0860076,9.3045797e-08,24.17188732034834,0.03799502773668038,85.92399742408016,6.28688228686437e-05,7.277714503273354e-09,1.888383140470309,8
100000000,8,10,50,1,5.6160448,80240.0,1.4788164,2.57193114e-08,73.35999657355441,0.07376653757753426,93.52361555600096,0.0019123835737981936,1.8811289462007294e-09,5.353610828667729,0
100000000,8,10,50,4,1.4977767,21716.4,0.4180682,2.36854192e-08,57.07976406092725,0.36368244621862994,631.2610307067029,0.0014118845404478206,3.2745853347647204e-09,7.949609834913138,1
100000000,8,10,50,10,0.5462382,10117.6,0.17533870000000001,3.80766395e-08,55.83901869849682,0.2884888199974327,568.1477116227982,0.0002970316294418632,6.806630262479881e-09,9.931351812795942,4
100000000,8,10,50,50,0.1308834,3556.0,0.0859323,1.127697136e-07,29.305862320409073,0.025540294482771078,99.9021743729557,6.615646436877872e-05,1.0717690203787252e-07,27.8257789478344,9
100000000,8,10,100,1,1.5718555,80230.8,1.477411,2.15835087e-08,61.6287070692243,0.008057037493189837,122.04261550786266,0.0032123335581612624,4.845807577020231e-09,13.68533911138924,10
100000000,8,10,100,4,0.4600208,21603.2,0.4181681,2.650824e-08,63.79693015123256,0.0015737984340795169,178.17644188961808,0.0015052816975200652,2.3086830969511124e-09,5.59250382695701,10
100000000,8,10,100,10,0.2118148,9942.4,0.175322,3.92761404e-08,57.23846423712172,0.0003544820321414235,86.39341538695076,0.00033171172223282297,7.3098306633507095e-09,10.738135804716038,10
100000000,8,10,100,50,0.1223941,3527.6,0.0859217,8.008903e-08,20.83005106694628,0.0001588384574199708,78.80101522188657,8.811614809758524e-05,1.0374322758107336e-08,2.6983685817060548,10
100000000,8,10,1000,1,1.5684025,80243.2,1.4778242,2.13126052e-08,60.88387266141718,0.002688697588465851,96.93617602434203,0.0027026848708480815,1.6916674317896333e-09,4.8318744059147365,10
100000000,8,10,1000,4,0.4591684,21510.8,0.4173883,2.68398692e-08,64.71477486874898,0.00032202594788480085,193.54057857605872,0.0003057086666892036,6.053331964923024e-09,14.594284861208383,10
100000000,8,10,1000,10,0.2145048,9904.8,0.1752686,4.14487411e-08,60.48535334477367,0.008878409264427196,42.1974196156853,0.00027079315599425996,7.629442649398161e-09,11.273437986634976,10
100000000,8,10,1000,50,0.1223836,3517.6,0.0859271,8.85501856e-08,23.026072044723797,0.00014079472843666789,69.87480868588399,5.7666570327473474e-05,1.2819100238454501e-08,3.3323654419620565,10
100000000,16,10,10,1,5.5135570000000005,80198.0,1.4765049,2.47443819e-08,70.65914808514908,0.16921852985677685,88.02524890305307,0.00864781613343956,2.710084959370973e-09,7.71269937619555,0
100000000,16,10,10,4,1.6004946,21689.6,0.4176007,2.61674489e-08,62.994330708037474,0.03601892662414521,173.23279135313845,0.0010369228032983044,1.8983124329440286e-09,4.6138624427454635,0
100000000,16,10,10,10,0.7380732,9970.4,0.1752118,3.86824118e-08,56.26001385535841,0.047662612057857025,65.35237817656932,0.0004476617770892093,6.001268762218347e-09,8.17221364809815,0
100000000,16,10,10,50,0.2022052,3561.6,0.0860513,7.80522408e-08,20.296091411874535,0.005277104778611512,100.50892718780976,6.306090530414274e-05,1.0179565636266202e-08,2.6406146866784415,0
100000000,16,10,25,1,5.5062078,80258.8,1.474032,1.87806344e-08,53.66336868291361,0.17404308170028848,77.51816991303824,0.0014307465028982073,1.6063203972063464e-09,4.555477549124585,0
100000000,16,10,25,4,1.5984585,21640.4,0.4176674,2.15464776e-08,51.906638386106785,0.041641806981952856,177.5332206783971,0.0014274484773733622,2.7579400621883716e-09,6.496542204656004,0
100000000,16,10,25,10,0.734166,10157.6,0.1751255,3.35870956e-08,49.28585360645653,0.034670845757719206,656.9781325635327,0.00038447807335255,6.784279106247753e-09,10.091058557577595,0
100000000,16,10,25,50,0.1123338,3616.4,0.08598839999999999,8.00245878e-08,20.82800698178161,0.025390812895831266,92.53852050782841,6.256232448082898e-05,1.4629936215438701e-08,3.803822444891757,9
100000000,16,10,50,1,2.7220088,80452.8,1.4743195,1.71751025e-08,49.072317701913434,1.9327177464674394,698.9688913757973,0.0028874838431486695,8.564311150546982e-10,2.414283004266353,7
100000000,16,10,50,4,1.5104469999999999,21678.4,0.4191693,2.22275371e-08,53.61274016825606,0.3805430352597018,171.38598412809478,0.006657501951432927,2.1044273925086e-09,5.051579816699317,1
100000000,16,10,50,10,0.2503235,10188.4,0.1752471,3.07280489e-08,45.08257620344814,0.17942737403024347,635.0179699994499,0.0004817351623731325,4.937094495842163e-09,7.132569366178636,9
100000000,16,10,50,50,0.1043394,3571.2,0.0860239,7.80667761e-08,20.304537186064824,0.00012612092962268107,91.71550214294928,7.177503434729618e-05,1.697428093230719e-08,4.408312257819044,10
100000000,16,10,100,1,1.5219182,80216.0,1.4756712,2.04680065e-08,58.41578339939593,0.0029278196210376904,94.78865379827317,0.0029171525233426376,5.03317392595245e-09,14.310358450349685,10
100000000,16,10,100,4,0.4382473,21612.4,0.4170141,2.354712e-08,56.80173828592507,0.0009496202808374476,130.35950291405686,0.0009814634707641552,4.181057094630815e-09,9.969865479835837,10
100000000,16,10,100,10,0.1937821,9992.8,0.1751436,3.35560124e-08,49.02055490507432,0.0011175749987261568,96.66068947037823,0.0001776852398046711,4.914971458138585e-09,7.1438677929931576,10
100000000,16,10,100,50,0.1043994,3992.0,0.0860799,7.72075855e-08,20.081886146488515,0.00018338980948303106,892.1185770712073,0.00016551700147651746,2.0210532511205557e-08,5.2554396124110125,10
100000000,16,10,1000,1,1.5254938,80269.2,1.4779019,1.67410955e-08,47.73547312772369,0.011183755628390451,93.37237278767205,0.010193565480787904,1.0998178391187488e-09,2.9521365366933887,10
100000000,16,10,1000,4,0.4384292,21574.0,0.4170636,2.37102508e-08,57.198162797516574,0.0010389598217020223,202.60744748843211,0.000343228203969304,3.4478178751934225e-09,8.294788798022346,10
100000000,16,10,1000,10,0.19369419999999998,10016.0,0.1752251,3.72404897e-08,54.632424272060256,0.0003820659628912296,104.27314557875815,0.00020149631923850578,7.0583459099098666e-09,10.171276384829852,10
100000000,16,10,1000,50,0.1402894,3594.8,0.1085127,6.958331590000001e-08,18.10170856109067,0.049399068934545716,74.16617977368271,0.03198742625209683,1.2307853832096826e-08,3.198866739789804,10
200000000,2,10,10,1,9.9340758,158166.0,3.0044039,2.33904844e-08,66.69913604964627,0.5726414889598705,117.4734012447073,0.004541700402321209,7.315789000880375e-09,20.64519938589667,0
200000000,2,10,10,4,3.0722497,41108.4,0.8466069,2.90359115e-08,69.92498592115828,0.13595172414668213,61.75075348168276,0.0010654005454392144,1.264048942910417e-09,2.995992080925121,0
200000000,2,10,10,10,1.2703443,17608.8,0.3545564,3.9441071e-08,57.49634810518134,0.041615640761751,108.12009783363848,0.0007174292377030027,5.656100210598975e-09,7.873121824067463,0
200000000,2,10,10,50,0.5297349,5095.2,0.1720626,6.103254980000001e-08,15.875600863818537,0.013565865844095614,105.97777544791592,0.0003011770243561119,6.204902778437885e-09,1.6125570696334477,0
200000000,2,10,25,1,10.0543731,158166.0,3.0054990999999998,2.46742274e-08,70.36594275327393,0.36296992193827526,98.50888284819801,0.010085256152203298,1.1357273454429697e-09,3.2161409740125544,0
200000000,2,10,25,4,3.0738417,41161.2,0.8466843,2.82704415e-08,68.09342991184593,0.13166540701342594,88.12213746335884,0.0008599500050067334,2.3901698579238735e-09,5.769144017986251,0
200000000,2,10,25,10,1.2736315,17640.0,0.3538073,3.67174917e-08,53.78921739355641,0.04749400293896762,100.92901796146967,0.0005560607580711644,2.28154570849886e-09,3.1947657903175046,0
200000000,2,10,25,50,0.4631713,5098.8,0.1722745,7.66049418e-08,19.920475161973787,0.000500114664629802,65.13029675623746,0.00022374750153787945,7.95517918617662e-09,2.067546398468832,10
200000000,2,10,50,1,9.9218844,158176.8,3.0021255,2.05988182e-08,58.82940599067831,0.31709416655316197,88.72028454017091,0.006641242909944514,1.8847019154824108e-09,5.305704456082514,0
200000000,2,10,50,4,2.6503767,41193.2,0.8476739,2.88604006e-08,69.42833756263327,0.7821495349265312,77.17339783457336,0.0009739763230067734,5.756099550525399e-09,13.840031271801898,2
200000000,2,10,50,10,1.2260975,17629.2,0.3555497,4.44494637e-08,65.12733029540853,0.04142568085204582,98.6134991886112,0.00019888190242229592,1.8406293818535765e-09,2.7140255199210266,0
200000000,2,10,50,50,0.4645932,5095.6,0.1726507,9.21730784e-08,23.95003153982502,0.0002645973040930975,95.54428874145808,0.00028361478178057855,4.608621320729423e-09,1.1946273888376364,10
200000000,2,10,100,1,3.7333574,158168.4,3.0077879000000003,2.65478778e-08,75.66724240731139,0.0034364195255462944,114.11417284651563,0.0029667520006453584,8.238762423514027e-10,2.35522026350717,10
200000000,2,10,100,4,1.1826648,41112.8,0.8491956,3.3251167e-08,79.90903458295737,0.0004914807105969368,75.49069111118565,0.00046036270724530417,1.4323061370091246e-09,3.423156525187338,10
200000000,2,10,100,10,0.648858,17674.4,0.356018,4.46740611e-08,65.24695251652933,0.00031728290915908575,81.82800389977885,0.00034656921707245595,1.7558976103581417e-09,2.6921021138642365,10
200000000,2,10,100,50,0.4647019,5084.8,0.1727256,9.00598009e-08,23.400735915579734,0.0003518928024902557,94.40903911525986,0.0002935605937829903,5.247268704689187e-09,1.354312672249485,10
200000000,2,10,1000,1,3.7349077999999998,158142.8,2.9999025,1.68812189e-08,48.23696706348811,0.02771096651668597,118.29980745734308,0.007966130459639783,8.907556617146848e-10,2.5562480192282,10
200000000,2,10,1000,4,1.1850909,41154.4,0.8459961,2.06858331e-08,49.87218597458254,0.018735871532971165,95.01719142695529,0.000415837962566084,9.550251947856843e-10,2.319330417428072,10
200000000,2,10,1000,10,0.6449931,17581.2,0.3540387,3.15066759e-08,46.06600541133464,0.0008201751100290068,67.17274579602785,0.000733666295623104,2.0217663355960933e-09,3.238732266395681,10
200000000,2,10,1000,50,0.4624998,5108.4,0.1720576,5.43670831e-08,14.143550691280119,0.00024874207971756283,93.87367398086998,0.00023062099740579883,4.947903647464863e-09,1.2820584376392967,10
200000000,4,10,10,1,9.9836251,158169.6,2.9701214,1.87602638e-08,53.58207050153326,0.31875141886793573,131.44259414495576,0.009171119854073363,2.2915756812121317e-09,6.4760744304468565,0
200000000,4,10,10,4,3.0795493,41177.6,0.8399262,3.47345664e-08,83.55213706121414,0.1319146732703042,97.67428866731852,0.0026798775593921,1.6290902034048086e-08,39.220870809814855,0
200000000,4,10,10,10,1.2596,17626.4,0.3516923,4.43941775e-08,64.3882912254698,0.04490136967225438,73.73707042970689,0.0008473703178395869,6.314122063988808e-09,8.951935287856019,0
200000000,4,10,10,50,0.35783539999999997,5078.8,0.1716519,8.42216185e-08,21.89800423176595,0.0050205484693739665,82.73223206358101,0.0003478902924135049,5.886674030892113e-09,1.5243316146234651,0
200000000,4,10,25,1,9.9815773,158236.8,2.9696149,2.3026033e-08,65.73700005799807,0.3517159774398305,168.21996182247682,0.0013022155010255475,2.055148247413148e-09,5.852442973507492,0
200000000,4,10,25,4,3.0665302,41141.6,0.8388964,2.94704491e-08,70.97325831788427,0.10908103269364074,99.99466652443685,0.0012082978109721144,1.6413552711374722e-09,3.872303807742564,0
200000000,4,10,25,10,1.2007179,17610.4,0.3516144,4.31645616e-08,63.18023833179101,0.0369370795345875,77.54453917301693,0.0004146712754299135,1.5930889396340972e-09,2.368769701530652,0
200000000,4,10,25,50,0.3175701,5050.8,0.1717765,8.31383107e-08,21.60925039742399,0.00045704326320868984,67.8049490163595,0.00030528647748194227,5.663271299536417e-09,1.466179669443181,10
200000000,4,10,50,1,9.6916415,158192.8,2.9697073,2.48468651e-08,70.87125238018434,2.2597726241636815,100.25389989643517,0.004958904136332285,3.2672884623564957e-09,9.26655495732947,1
200000000,4,10,50,4,2.6961283,41140.8,0.838466,2.79731213e-08,67.43942915523037,0.8983819388974392,87.24524819916174,0.0011376254997923557,1.670304234359303e-08,40.18600893285263,2
200000000,4,10,50,10,0.6469081,17596.0,0.3512564,3.23238197e-08,47.27364635334307,0.31607195869803306,88.54377448471462,0.0006780719725810787,4.004857104227984e-09,5.926650347155892,8
200000000,4,10,50,50,0.32197,5064.4,0.171241,8.57421132e-08,22.3014306710846,0.016971065736194117,91.7668543405273,0.000333375997269684,8.06848749491797e-08,20.936508986311374,9
200000000,4,10,100,1,3.3450374,158146.4,2.9668436,2.10562689e-08,60.1708858898376,0.034787985343602,76.80740705021735,0.001892736889621297,4.305207278398554e-09,12.292070731395755,10
200000000,4,10,100,4,1.0131821,41150.4,0.839325,2.64436112e-08,63.65515644733403,0.018029111289183906,96.26260379238082,0.001772602104879208,3.1241221910072882e-09,7.432121250167065,10
200000000,4,10,100,10,0.4967257,17630.4,0.3510597,4.06453924e-08,59.24138677484318,0.0005215270420175354,86.90633527603791,0.0005182058900132666,4.828831901656438e-09,6.7073839621102795,10
200000000,4,10,100,50,0.3183462,5103.6,0.1728403,9.80955535e-08,25.331930990985693,0.0041953839130379695,94.06286314067961,0.004210745699332182,7.221664302145307e-08,18.792296738075375,10
200000000,4,10,1000,1,3.3472347,158210.4,2.9694255,2.53882713e-08,72.39646190053621,0.03268597911456499,115.9800749171071,0.008206833010093173,8.180829769814918e-09,23.176141945037585,10
200000000,4,10,1000,4,1.0053391999999999,41147.6,0.8387649,2.61130377e-08,62.926874651792545,0.0016003861200764335,75.67063132050932,0.0018134524133694644,4.957651065263493e-09,11.996304203134851,10
200000000,4,10,1000,10,0.497603,17668.8,0.3500326,3.72706809e-08,54.26937541793955,0.006559611692436967,68.9424881090512,0.0006404205562666604,5.3489187761741454e-09,8.02093822930394,10
200000000,4,10,1000,50,0.316904,5064.4,0.1713709,7.54234243e-08,19.614087912403292,0.00046614208611156147,77.29769293668042,0.00033530100904510633,4.816674270502879e-09,1.258370573735952,10
200000000,6,10,10,1,11.4162657,158206.0,2.9574048,2.30472201e-08,65.7883233502689,0.2239044035997159,132.2522841642694,0.00224348567090488,2.1429929969732336e-09,6.078753872728825,0
200000000,6,10,10,4,3.1648507,41332.4,0.8368002999999999,2.55294966e-08,61.461354134761066,0.2222914521123864,640.0318047652875,0.0018701563838353136,1.4756611034275221e-09,3.5784361726856373,0
200000000,6,10,10,10,1.322781,17640.0,0.3529912,3.47762764e-08,50.92175599477046,0.16875709293011132,103.46872850179312,0.008481411082806662,3.1312317986881494e-09,4.374046329369877,0
200000000,6,10,10,50,0.3458751,5345.6,0.1716126,7.18488005e-08,18.685456865450774,0.01080296368235227,667.2216356737175,0.0005505060702057073,9.813518734134415e-09,2.5452701067355945,0
200000000,6,10,25,1,11.0945867,158239.6,2.9631721,2.27633354e-08,64.90622054073334,0.4207495904285453,83.2762471136478,0.010842378925617121,2.551592775848938e-09,7.272039356510205,0
200000000,6,10,25,4,2.9595314999999998,41133.6,0.8362645,3.05323173e-08,73.47261994137415,0.09180137832691958,91.47094256283431,0.0009666748562871493,2.0353190777961328e-09,4.791812303383749,0
200000000,6,10,25,10,1.2098263,17685.6,0.3505877,4.1981780499999996e-08,61.44550541266073,0.03308203214922297,97.49210794270022,0.00044208698239147146,2.2575388243133393e-09,3.3567692835945597,0
200000000,6,10,25,50,0.2687373,5112.0,0.171661,8.27896647e-08,21.52092214234621,0.0003186164709420307,103.93160143949375,0.00031633350895674564,4.190746237241687e-09,1.087739790107645,10
200000000,6,10,50,1,11.2721911,158204.4,2.9578138,2.55982954e-08,73.01013408048073,0.4615581498574994,107.08999330780942,0.003145596385778362,4.57550490723005e-09,13.011192648719009,0
200000000,6,10,50,4,2.9598721,41144.8,0.8365977,3.30094006e-08,79.37944965992838,0.0823544908125166,83.21965579784087,0.0012622209746668191,1.0397791079810276e-09,2.5517366213450727,0
200000000,6,10,50,10,1.214466,17769.2,0.3508483,4.50949968e-08,65.88435353258754,0.026027392181656967,652.7209374780483,0.0005703759091842542,1.2951234166989462e-09,1.6904452940499413,0
200000000,6,10,50,50,0.2686956,5065.2,0.1716107,8.77140226e-08,22.803512972115882,0.0002765076651539523,108.84525202731118,0.00025403938889690384,4.171347507619229e-09,1.0890015300339742,10
200000000,6,10,100,1,3.2053358,158317.2,2.9618771,2.77261429e-08,79.01733472187738,0.005883676926699553,151.01493671525049,0.0051567507092914865,1.1766713729924246e-09,3.2931705708527246,10
200000000,6,10,100,4,0.9480702,41162.8,0.836603,3.40208604e-08,81.82347969235961,0.00040032592277349654,108.38696108542455,0.00042542266564494786,1.253560799431249e-09,2.988732997461839,10
200000000,6,10,100,10,0.4482923,17600.4,0.3509395,4.69711005e-08,68.52915637872005,0.0003849280019259059,70.71570625477138,0.0004560422129584049,1.235251625215261e-09,1.855130778224475,10
200000000,6,10,100,50,0.2691281,5144.4,0.1719405,9.17610038e-08,23.839973377170693,0.00028223530372131924,128.1173073571422,0.000264978929979978,2.979312226619157e-09,0.7625881835629436,10
200000000,6,10,1000,1,3.2046167,158227.2,2.960566,2.36330646e-08,67.43781913344728,0.007367565617096524,155.798160023367,0.0032132203991219617,4.0982719739831055e-09,11.607046192094,10
200000000,6,10,1000,4,0.9476252000000001,41166.0,0.8364868,2.42732751e-08,58.51990394092446,0.0010245732770280559,92.41933419654858,0.0010728781436449783,2.8917019055634746e-09,6.977409250135159,10
200000000,6,10,1000,10,0.4484462,17616.8,0.3509859,4.22328571e-08,61.67855875812283,0.0003956737713487442,95.81092491638589,0.00046541103696982856,5.9061539634980825e-09,8.546548774286117,10
200000000,6,10,1000,50,0.269027,5076.4,0.1717901,9.57456621e-08,24.865383837743988,0.0004971411603692928,84.48431807146224,0.0003255127408327464,4.457092665834395e-09,1.16130843274957,10
200000000,8,10,10,1,10.8295367,158191.6,2.9595642,2.86085847e-08,81.52889383806388,0.38069551236302257,84.2736284044092,0.002940300090504811,7.240883659207549e-10,2.089785387952627,0
200000000,8,10,10,4,3.0040661,41160.4,0.8366876,3.36437911e-08,80.88336524409004,0.07464968564263648,90.08539158919041,0.00038381309108586687,1.0910023730927905e-09,2.6157595241604366,0
200000000,8,10,10,10,1.2292768,17664.8,0.3508122,4.66995327e-08,68.37655087054695,0.027061683333533496,113.8388724860225,0.00023934948877692865,1.853274358547897e-09,2.833143078194584,0
200000000,8,10,10,50,0.3469707,5181.6,0.1717758,9.31347605e-08,24.196311973897988,0.005681806560319434,62.88472699224263,0.00026806914530894203,6.09300301150598e-09,1.583188791151698,0
200000000,8,10,25,1,10.9445422,158269.6,2.9547819,2.46296537e-08,70.27058657591571,0.31328971211565665,134.9133054965299,0.00498526942211868,3.145422233938679e-09,8.894210164567328,0
200000000,8,10,25,4,3.2032052,41165.6,0.8365298,2.48740815e-08,59.82406348119622,0.22643279275012748,83.18546881650798,0.004129269286985828,1.619977551780494e-09,3.852149639032674,0
200000000,8,10,25,10,1.5397244,17816.0,0.3499444,3.35335676e-08,49.190608827955835,0.08188532077267845,644.4815314998906,0.00039405899163563334,2.2597282728147368e-09,3.2667345919395077,0
200000000,8,10,25,50,0.244728,5353.6,0.1717269,8.07889928e-08,21.00725028420504,0.0003869496091224305,662.8884940588089,0.00025936779976619396,8.026218959815508e-09,2.0740284662142567,10
200000000,8,10,50,1,11.112428,158260.8,2.9503238,2.26720797e-08,64.72231900837228,0.3674795079868021,131.869295558561,0.002761467677401523,3.108900549958674e-09,8.807187554491227,0
200000000,8,10,50,4,2.9956025,41135.6,0.8342689999999999,2.71431263e-08,65.37985755621591,0.07214059161610907,82.633326610192,0.0006614232129783887,1.4051126594642427e-09,3.394319012325084,0
200000000,8,10,50,10,1.0944243,17620.4,0.3498571,4.0906743000000004e-08,59.41709084034717,0.5812618867890503,100.2299578192291,0.0006522703001397852,1.459717432558087e-08,20.949440696066738,4
200000000,8,10,50,50,0.2456926,5081.6,0.1727648,7.64254851e-08,19.751333015025875,0.003985597325928002,104.68492409766239,0.004028110607551221,5.281824962450394e-09,1.745299290736265,10
200000000,8,10,100,1,3.1412517,158302.4,2.9530113,2.14773832e-08,61.36804205062425,0.016607879094306784,146.93551117563257,0.0016232096496345714,3.020046887442268e-09,8.63907980497223,10
200000000,8,10,100,4,0.9208819,41106.8,0.8346903999999999,2.68989024e-08,64.7912900765785,0.006071924524673661,73.78165987109082,0.0008230388407197755,2.2530607440682005e-09,5.363944879619904,10
200000000,8,10,100,10,0.4237169,17625.6,0.3498405,4.04620957e-08,59.347662252305135,0.0005226242436014567,89.32736298457364,0.0002746445177153701,1.4443309625157903e-09,2.018242364082827,10
200000000,8,10,100,50,0.24444749999999998,5131.2,0.1715943,8.51436703e-08,22.125129652730607,0.0002909002310835166,97.5030483853938,0.0003096909032496095,4.552012344244444e-09,1.175631415907588,10
200000000,8,10,1000,1,3.1442928,158257.6,2.9569499,2.70290659e-08,77.02541471469907,0.014868988539163568,114.994879113038,0.0047099074407040645,1.4313139305350368e-09,4.038813762047132,10
200000000,8,10,1000,4,0.9223651,41104.4,0.8353365,3.11661086e-08,74.9391199510087,0.004066557961661889,84.82033299208916,0.0005465675214971863,1.4302500314206286e-09,3.388123565014817,10
200000000,8,10,1000,10,0.4242603,17630.4,0.3501096,4.18303672e-08,61.33188981280111,0.003245582846132733,95.94813413737886,0.00019934069105706186,1.7396656583459934e-09,2.537279477238205,10
200000000,8,10,1000,50,0.2447481,5116.4,0.171706,7.82923641e-08,20.354942250754505,0.0005030271585334357,105.48428002945906,0.0002504733296957768,3.147821645434876e-09,0.810952576298576,10
200000000,16,10,10,1,11.1866802,158436.4,2.9507576,2.64804974e-08,75.52251876829342,0.1761116505640669,120.16950990626162,0.0036522241686098448,2.1194597343670813e-09,5.987957244606132,0
200000000,16,10,10,4,3.1918195000000003,41141.6,0.8357971,3.3044027600000003e-08,79.41203161314728,0.05909605751514506,83.07854382717865,0.0013725648699505003,2.264357749506135e-09,5.393200815724495,0
200000000,16,10,10,10,1.4344324,17806.8,0.3505027,4.32622756e-08,63.46373123036517,0.08598489328067392,645.870437643822,0.0011326255682165107,4.037016992754873e-09,5.778666704324454,0
200000000,16,10,10,50,0.397107,5200.8,0.17210229999999999,8.696475049999999e-08,22.598603715339284,0.017276139312808154,141.01599594057092,0.0003806815671339432,5.7462189893557614e-09,1.5069378011038737,0
200000000,16,10,25,1,11.1378974,158396.4,2.9503305,2.4133980700000002e-08,68.86514839254144,0.21888377387412208,79.31820584063773,0.00474118136356562,2.1569765372761964e-09,6.1221833394217,0
200000000,16,10,25,4,3.1995749,41184.8,0.8370205,2.5575827799999998e-08,61.62126735492811,0.09729821254890093,88.27834766615575,0.009483322557111614,2.28789725943359e-09,5.469701151370335,0
200000000,16,10,25,10,1.4070714,17618.4,0.349583,3.79962379e-08,55.44438062521303,0.1215614100711607,92.01352557580266,0.00021973873375240346,1.764598997551651e-08,25.153548771064084,0
200000000,16,10,25,50,0.2079933,5271.6,0.1714632,6.77677896e-08,17.627577133513345,0.00027696411721055234,129.33264604628383,0.00027206077752345905,7.115184656052046e-09,1.8574679564938394,10
200000000,16,10,50,1,11.1094146,158598.4,2.9463269,2.01143532e-08,57.476043441136554,0.17448213000393792,651.4399776222245,0.007953558832371872,8.235254268741054e-10,2.3254740048837004,0
200000000,16,10,50,4,3.1295396,41198.4,0.8330960000000001,2.63347579e-08,63.39172843654379,0.10878262949284592,75.8290474979374,0.001135807886728881,1.9335893191656374e-09,4.639472687017903,0
200000000,16,10,50,10,1.4369676,17784.0,0.3494697,3.97283937e-08,58.137014404671085,0.0881299592977452,655.0128073387403,0.00044535106002642526,2.34636949600323e-09,3.482641316679966,0
200000000,16,10,50,50,0.2081707,5265.6,0.1717026,8.6968974e-08,22.596217957299313,0.0003356238138816181,174.1641626614257,0.0003055069375462499,5.293935920254672e-09,1.381744988520389,10
200000000,16,10,100,1,3.0763271,158469.2,2.9600496,2.48211021e-08,70.75931602075443,0.09044477166321505,106.66749999674482,0.025234796145181957,1.4511680773349028e-09,4.208477099611634,10
200000000,16,10,100,4,0.8770931,41159.2,0.8342163,3.05835604e-08,73.61408953308104,0.002164231988489217,97.59417104633977,0.0012180264593002772,9.770776540117765e-10,2.306072664146757,10
200000000,16,10,100,10,0.3857192,17792.8,0.3488502,4.29333315e-08,61.60855905725637,0.001294094689992449,701.403798741416,0.0017668736230981562,1.2970851255673458e-09,2.0210897299353725,10
200000000,16,10,100,50,0.2081432,5200.0,0.1716118,8.019457120000001e-08,20.84793426979577,0.00026331637076169916,119.12271916902426,0.0002557406672566751,2.1015639401595297e-09,0.5403716577766199,10
200000000,16,10,1000,1,3.0429046,158474.0,2.9496886,2.40336153e-08,68.57293864154985,0.004355941643318961,83.74033940965634,0.004625719360272468,1.8079796802125143e-09,5.140463967213292,10
200000000,16,10,1000,4,0.8774973,41141.6,0.8335438,2.55783283e-08,61.67839823341941,0.005012394704906817,88.2461204687083,0.0010324365786279076,2.5699729009012282e-09,6.22957428827848,10
200000000,16,10,1000,10,0.41329710000000003,17833.6,0.3668987,3.37574544e-08,48.107754819176655,0.04570386773676819,636.9348824208362,0.027330070821756425,1.3778070290729876e-09,5.301449345408336,10
200000000,16,10,1000,50,0.2331007,5425.6,0.186826,6.73967934e-08,17.531470340077206,0.05025612183837242,613.0990857022125,0.027320296358405615,4.4624958338102496e-09,1.165580406723376,10
